2026-05-04 14:09:55,996 INFO [long-pulling] client count 0

2026-05-04 14:10:06,025 INFO [long-pulling] client count 0

2026-05-04 14:10:06,336 INFO toNotifyTaskSize = 0

2026-05-04 14:10:06,337 INFO toClientNotifyTaskSize = 0

2026-05-04 14:10:06,338 INFO groupCount = 0, subscriberClientCount = 0, subscriberCount = 0

2026-05-04 14:12:31,951 INFO [long-pulling] client count 0

2026-05-04 14:12:41,983 INFO [long-pulling] client count 0

2026-05-04 14:12:42,293 INFO toNotifyTaskSize = 0

2026-05-04 14:12:42,295 INFO toClientNotifyTaskSize = 0

2026-05-04 14:12:42,295 INFO groupCount = 0, subscriberClientCount = 0, subscriberCount = 0

2026-05-04 14:12:51,983 INFO [long-pulling] client count 0

2026-05-04 14:12:52,294 INFO toNotifyTaskSize = 0

2026-05-04 14:12:52,294 INFO toClientNotifyTaskSize = 0

2026-05-04 14:12:52,295 INFO groupCount = 0, subscriberClientCount = 0, subscriberCount = 0

2026-05-04 14:13:01,984 INFO [long-pulling] client count 0

2026-05-04 14:13:02,295 INFO toNotifyTaskSize = 0

2026-05-04 14:13:02,295 INFO groupCount = 0, subscriberClientCount = 0, subscriberCount = 0

2026-05-04 14:13:02,295 INFO toClientNotifyTaskSize = 0

2026-05-04 14:13:11,984 INFO [long-pulling] client count 0

2026-05-04 14:13:12,296 INFO groupCount = 0, subscriberClientCount = 0, subscriberCount = 0

2026-05-04 14:13:12,296 INFO toNotifyTaskSize = 0

2026-05-04 14:13:12,297 INFO toClientNotifyTaskSize = 0

2026-05-04 14:13:30,461 INFO [long-pulling] client count 0

2026-05-04 14:13:40,494 INFO [long-pulling] client count 0

2026-05-04 14:13:40,857 INFO toNotifyTaskSize = 0

2026-05-04 14:13:40,858 INFO toClientNotifyTaskSize = 0

2026-05-04 14:13:40,859 INFO groupCount = 0, subscriberClientCount = 0, subscriberCount = 0

2026-05-04 14:13:50,494 INFO [long-pulling] client count 0

2026-05-04 14:13:50,857 INFO toNotifyTaskSize = 0

2026-05-04 14:13:50,858 INFO toClientNotifyTaskSize = 0

2026-05-04 14:13:50,858 INFO groupCount = 0, subscriberClientCount = 0, subscriberCount = 0

2026-05-04 14:14:00,494 INFO [long-pulling] client count 0

2026-05-04 14:14:00,858 INFO toNotifyTaskSize = 0

2026-05-04 14:14:00,859 INFO toClientNotifyTaskSize = 0

2026-05-04 14:14:00,859 INFO groupCount = 0, subscriberClientCount = 0, subscriberCount = 0

2026-05-04 14:14:10,495 INFO [long-pulling] client count 0

2026-05-04 14:14:10,859 INFO toNotifyTaskSize = 0

2026-05-04 14:14:10,859 INFO groupCount = 0, subscriberClientCount = 0, subscriberCount = 0

2026-05-04 14:14:10,860 INFO toClientNotifyTaskSize = 0

2026-05-04 14:14:20,494 INFO [long-pulling] client count 0

2026-05-04 14:14:20,859 INFO groupCount = 0, subscriberClientCount = 0, subscriberCount = 0

2026-05-04 14:14:20,859 INFO toNotifyTaskSize = 0

2026-05-04 14:14:20,859 INFO toClientNotifyTaskSize = 0

2026-05-04 14:14:30,495 INFO [long-pulling] client count 0

2026-05-04 14:14:30,859 INFO groupCount = 0, subscriberClientCount = 0, subscriberCount = 0

2026-05-04 14:14:30,860 INFO toNotifyTaskSize = 0

2026-05-04 14:14:30,860 INFO toClientNotifyTaskSize = 0

2026-05-04 14:14:40,495 INFO [long-pulling] client count 0

2026-05-04 14:14:40,860 INFO groupCount = 0, subscriberClientCount = 0, subscriberCount = 0

2026-05-04 14:14:40,861 INFO toNotifyTaskSize = 0

2026-05-04 14:14:40,861 INFO toClientNotifyTaskSize = 0

2026-05-04 14:14:50,494 INFO [long-pulling] client count 0

2026-05-04 14:14:50,860 INFO groupCount = 0, subscriberClientCount = 0, subscriberCount = 0

2026-05-04 14:14:50,860 INFO toNotifyTaskSize = 0

2026-05-04 14:14:50,860 INFO toClientNotifyTaskSize = 0

2026-05-04 14:15:00,495 INFO [long-pulling] client count 0

2026-05-04 14:15:00,860 INFO groupCount = 0, subscriberClientCount = 0, subscriberCount = 0

2026-05-04 14:15:00,861 INFO toNotifyTaskSize = 0

2026-05-04 14:15:00,861 INFO toClientNotifyTaskSize = 0

2026-05-04 14:15:10,496 INFO [long-pulling] client count 0

2026-05-04 14:15:10,861 INFO groupCount = 0, subscriberClientCount = 0, subscriberCount = 0

2026-05-04 14:15:10,861 INFO toNotifyTaskSize = 0

2026-05-04 14:15:10,862 INFO toClientNotifyTaskSize = 0

2026-05-04 14:15:20,495 INFO [long-pulling] client count 0

2026-05-04 14:15:20,860 INFO groupCount = 0, subscriberClientCount = 0, subscriberCount = 0

2026-05-04 14:15:20,861 INFO toNotifyTaskSize = 0

2026-05-04 14:15:20,861 INFO toClientNotifyTaskSize = 0

2026-05-04 14:15:38,711 INFO [long-pulling] client count 0

2026-05-04 14:15:48,745 INFO [long-pulling] client count 0

2026-05-04 14:15:49,108 INFO toNotifyTaskSize = 0

2026-05-04 14:15:49,109 INFO toClientNotifyTaskSize = 0

2026-05-04 14:15:49,110 INFO groupCount = 0, subscriberClientCount = 0, subscriberCount = 0

2026-05-04 14:15:58,747 INFO [long-pulling] client count 0

2026-05-04 14:15:59,110 INFO toNotifyTaskSize = 0

2026-05-04 14:15:59,110 INFO groupCount = 0, subscriberClientCount = 0, subscriberCount = 0

2026-05-04 14:15:59,110 INFO toClientNotifyTaskSize = 0

2026-05-04 14:16:08,747 INFO [long-pulling] client count 0

2026-05-04 14:16:09,111 INFO groupCount = 0, subscriberClientCount = 0, subscriberCount = 0

2026-05-04 14:16:09,111 INFO toNotifyTaskSize = 0

2026-05-04 14:16:09,112 INFO toClientNotifyTaskSize = 0

2026-05-04 14:16:39,491 INFO [long-pulling] client count 0

2026-05-04 14:16:49,532 INFO [long-pulling] client count 0

2026-05-04 14:16:49,819 INFO toNotifyTaskSize = 0

2026-05-04 14:16:49,820 INFO groupCount = 0, subscriberClientCount = 0, subscriberCount = 0

2026-05-04 14:16:49,820 INFO toClientNotifyTaskSize = 0

2026-05-04 14:16:59,533 INFO [long-pulling] client count 0

2026-05-04 14:16:59,821 INFO groupCount = 0, subscriberClientCount = 0, subscriberCount = 0

2026-05-04 14:16:59,822 INFO toNotifyTaskSize = 0

2026-05-04 14:16:59,822 INFO toClientNotifyTaskSize = 0

2026-05-04 14:17:09,534 INFO [long-pulling] client count 0

2026-05-04 14:17:09,822 INFO groupCount = 0, subscriberClientCount = 0, subscriberCount = 0

2026-05-04 14:17:09,822 INFO toNotifyTaskSize = 0

2026-05-04 14:17:09,823 INFO toClientNotifyTaskSize = 0

2026-05-04 14:17:19,534 INFO [long-pulling] client count 0

2026-05-04 14:17:19,822 INFO groupCount = 0, subscriberClientCount = 0, subscriberCount = 0

2026-05-04 14:17:19,823 INFO toNotifyTaskSize = 0

2026-05-04 14:17:19,823 INFO toClientNotifyTaskSize = 0

2026-05-04 14:17:29,535 INFO [long-pulling] client count 0

2026-05-04 14:17:29,823 INFO groupCount = 0, subscriberClientCount = 0, subscriberCount = 0

2026-05-04 14:17:29,823 INFO toNotifyTaskSize = 0

2026-05-04 14:17:29,824 INFO toClientNotifyTaskSize = 0

2026-05-04 14:17:39,536 INFO [long-pulling] client count 0

2026-05-04 14:17:39,823 INFO groupCount = 0, subscriberClientCount = 0, subscriberCount = 0

2026-05-04 14:17:39,824 INFO toNotifyTaskSize = 0

2026-05-04 14:17:39,824 INFO toClientNotifyTaskSize = 0

2026-05-04 14:17:49,535 INFO [long-pulling] client count 0

2026-05-04 14:17:49,823 INFO groupCount = 0, subscriberClientCount = 0, subscriberCount = 0

2026-05-04 14:17:49,823 INFO toNotifyTaskSize = 0

2026-05-04 14:17:49,823 INFO toClientNotifyTaskSize = 0

2026-05-04 14:17:59,535 INFO [long-pulling] client count 0

2026-05-04 14:17:59,823 INFO groupCount = 0, subscriberClientCount = 0, subscriberCount = 0

2026-05-04 14:17:59,824 INFO toNotifyTaskSize = 0

2026-05-04 14:17:59,824 INFO toClientNotifyTaskSize = 0

2026-05-04 14:18:09,536 INFO [long-pulling] client count 0

2026-05-04 14:18:09,824 INFO groupCount = 0, subscriberClientCount = 0, subscriberCount = 0

2026-05-04 14:18:09,824 INFO toNotifyTaskSize = 0

2026-05-04 14:18:09,825 INFO toClientNotifyTaskSize = 0

2026-05-04 14:18:19,535 INFO [long-pulling] client count 0

2026-05-04 14:18:19,823 INFO groupCount = 0, subscriberClientCount = 0, subscriberCount = 0

2026-05-04 14:18:19,824 INFO toNotifyTaskSize = 0

2026-05-04 14:18:19,824 INFO toClientNotifyTaskSize = 0

2026-05-04 14:18:29,536 INFO [long-pulling] client count 0

2026-05-04 14:18:29,824 INFO groupCount = 0, subscriberClientCount = 0, subscriberCount = 0

2026-05-04 14:18:29,824 INFO toNotifyTaskSize = 0

2026-05-04 14:18:29,825 INFO toClientNotifyTaskSize = 0

2026-05-04 14:18:39,537 INFO [long-pulling] client count 0

2026-05-04 14:18:39,825 INFO groupCount = 0, subscriberClientCount = 0, subscriberCount = 0

2026-05-04 14:18:39,825 INFO toNotifyTaskSize = 0

2026-05-04 14:18:39,826 INFO toClientNotifyTaskSize = 0

2026-05-04 14:18:49,536 INFO [long-pulling] client count 0

2026-05-04 14:18:49,824 INFO groupCount = 0, subscriberClientCount = 0, subscriberCount = 0

2026-05-04 14:18:49,825 INFO toNotifyTaskSize = 0

2026-05-04 14:18:49,825 INFO toClientNotifyTaskSize = 0

2026-05-04 14:18:59,536 INFO [long-pulling] client count 0

2026-05-04 14:18:59,825 INFO groupCount = 0, subscriberClientCount = 0, subscriberCount = 0

2026-05-04 14:18:59,825 INFO toNotifyTaskSize = 0

2026-05-04 14:18:59,826 INFO toClientNotifyTaskSize = 0

2026-05-04 14:19:09,537 INFO [long-pulling] client count 0

2026-05-04 14:19:09,825 INFO groupCount = 0, subscriberClientCount = 0, subscriberCount = 0

2026-05-04 14:19:09,826 INFO toNotifyTaskSize = 0

2026-05-04 14:19:09,826 INFO toClientNotifyTaskSize = 0

2026-05-04 14:19:19,536 INFO [long-pulling] client count 0

2026-05-04 14:19:19,824 INFO groupCount = 0, subscriberClientCount = 0, subscriberCount = 0

2026-05-04 14:19:19,825 INFO toNotifyTaskSize = 0

2026-05-04 14:19:19,825 INFO toClientNotifyTaskSize = 0

2026-05-04 14:19:29,536 INFO [long-pulling] client count 0

2026-05-04 14:19:29,825 INFO groupCount = 0, subscriberClientCount = 0, subscriberCount = 0

2026-05-04 14:19:29,825 INFO toNotifyTaskSize = 0

2026-05-04 14:19:29,826 INFO toClientNotifyTaskSize = 0

2026-05-04 14:19:39,537 INFO [long-pulling] client count 0

2026-05-04 14:19:39,825 INFO groupCount = 0, subscriberClientCount = 0, subscriberCount = 0

2026-05-04 14:19:39,826 INFO toNotifyTaskSize = 0

2026-05-04 14:19:39,826 INFO toClientNotifyTaskSize = 0

2026-05-04 14:19:49,537 INFO [long-pulling] client count 0

2026-05-04 14:19:49,825 INFO groupCount = 0, subscriberClientCount = 0, subscriberCount = 0

2026-05-04 14:19:49,825 INFO toNotifyTaskSize = 0

2026-05-04 14:19:49,826 INFO toClientNotifyTaskSize = 0

2026-05-04 14:19:59,537 INFO [long-pulling] client count 0

2026-05-04 14:19:59,825 INFO groupCount = 0, subscriberClientCount = 0, subscriberCount = 0

2026-05-04 14:19:59,826 INFO toNotifyTaskSize = 0

2026-05-04 14:19:59,826 INFO toClientNotifyTaskSize = 0

2026-05-04 14:20:09,538 INFO [long-pulling] client count 0

2026-05-04 14:20:09,826 INFO groupCount = 0, subscriberClientCount = 0, subscriberCount = 0

2026-05-04 14:20:09,827 INFO toNotifyTaskSize = 0

2026-05-04 14:20:09,827 INFO toClientNotifyTaskSize = 0

2026-05-04 14:20:19,537 INFO [long-pulling] client count 0

2026-05-04 14:20:19,825 INFO groupCount = 0, subscriberClientCount = 0, subscriberCount = 0

2026-05-04 14:20:19,826 INFO toNotifyTaskSize = 0

2026-05-04 14:20:19,826 INFO toClientNotifyTaskSize = 0

2026-05-04 14:20:29,538 INFO [long-pulling] client count 0

2026-05-04 14:20:29,826 INFO groupCount = 0, subscriberClientCount = 0, subscriberCount = 0

2026-05-04 14:20:29,826 INFO toNotifyTaskSize = 0

2026-05-04 14:20:29,827 INFO toClientNotifyTaskSize = 0

2026-05-04 14:20:39,539 INFO [long-pulling] client count 0

2026-05-04 14:20:39,826 INFO groupCount = 0, subscriberClientCount = 0, subscriberCount = 0

2026-05-04 14:20:39,827 INFO toNotifyTaskSize = 0

2026-05-04 14:20:39,827 INFO toClientNotifyTaskSize = 0

2026-05-04 14:20:49,538 INFO [long-pulling] client count 0

2026-05-04 14:20:49,826 INFO groupCount = 0, subscriberClientCount = 0, subscriberCount = 0

2026-05-04 14:20:49,826 INFO toNotifyTaskSize = 0

2026-05-04 14:20:49,827 INFO toClientNotifyTaskSize = 0

2026-05-04 14:20:59,539 INFO [long-pulling] client count 0

2026-05-04 14:20:59,826 INFO groupCount = 0, subscriberClientCount = 0, subscriberCount = 0

2026-05-04 14:20:59,827 INFO toNotifyTaskSize = 0

2026-05-04 14:20:59,827 INFO toClientNotifyTaskSize = 0

2026-05-04 14:21:09,539 INFO [long-pulling] client count 0

2026-05-04 14:21:09,827 INFO groupCount = 0, subscriberClientCount = 0, subscriberCount = 0

2026-05-04 14:21:09,828 INFO toNotifyTaskSize = 0

2026-05-04 14:21:09,828 INFO toClientNotifyTaskSize = 0

2026-05-04 14:21:19,538 INFO [long-pulling] client count 0

2026-05-04 14:21:19,826 INFO groupCount = 0, subscriberClientCount = 0, subscriberCount = 0

2026-05-04 14:21:19,827 INFO toNotifyTaskSize = 0

2026-05-04 14:21:19,828 INFO toClientNotifyTaskSize = 0

2026-05-04 14:21:29,539 INFO [long-pulling] client count 0

2026-05-04 14:21:29,827 INFO groupCount = 0, subscriberClientCount = 0, subscriberCount = 0

2026-05-04 14:21:29,828 INFO toNotifyTaskSize = 0

2026-05-04 14:21:29,828 INFO toClientNotifyTaskSize = 0

2026-05-04 14:21:39,540 INFO [long-pulling] client count 0

2026-05-04 14:21:39,827 INFO groupCount = 0, subscriberClientCount = 0, subscriberCount = 0

2026-05-04 14:21:39,829 INFO toNotifyTaskSize = 0

2026-05-04 14:21:39,829 INFO toClientNotifyTaskSize = 0

2026-05-04 14:21:49,539 INFO [long-pulling] client count 0

2026-05-04 14:21:49,826 INFO groupCount = 0, subscriberClientCount = 0, subscriberCount = 0

2026-05-04 14:21:49,827 INFO toNotifyTaskSize = 0

2026-05-04 14:21:49,828 INFO toClientNotifyTaskSize = 0

2026-05-04 14:21:59,540 INFO [long-pulling] client count 0

2026-05-04 14:21:59,827 INFO groupCount = 0, subscriberClientCount = 0, subscriberCount = 0

2026-05-04 14:21:59,828 INFO toNotifyTaskSize = 0

2026-05-04 14:21:59,829 INFO toClientNotifyTaskSize = 0

2026-05-04 14:22:09,541 INFO [long-pulling] client count 0

2026-05-04 14:22:09,828 INFO groupCount = 0, subscriberClientCount = 0, subscriberCount = 0

2026-05-04 14:22:09,829 INFO toNotifyTaskSize = 0

2026-05-04 14:22:09,830 INFO toClientNotifyTaskSize = 0

2026-05-04 14:22:19,540 INFO [long-pulling] client count 0

2026-05-04 14:22:19,827 INFO groupCount = 0, subscriberClientCount = 0, subscriberCount = 0

2026-05-04 14:22:19,829 INFO toNotifyTaskSize = 0

2026-05-04 14:22:19,829 INFO toClientNotifyTaskSize = 0

2026-05-04 14:22:29,541 INFO [long-pulling] client count 0

2026-05-04 14:22:29,827 INFO groupCount = 0, subscriberClientCount = 0, subscriberCount = 0

2026-05-04 14:22:29,829 INFO toNotifyTaskSize = 0

2026-05-04 14:22:29,829 INFO toClientNotifyTaskSize = 0

2026-05-04 14:22:39,542 INFO [long-pulling] client count 0

2026-05-04 14:22:39,828 INFO groupCount = 0, subscriberClientCount = 0, subscriberCount = 0

2026-05-04 14:22:39,830 INFO toNotifyTaskSize = 0

2026-05-04 14:22:39,830 INFO toClientNotifyTaskSize = 0

2026-05-04 14:22:49,540 INFO [long-pulling] client count 0

2026-05-04 14:22:49,827 INFO groupCount = 0, subscriberClientCount = 0, subscriberCount = 0

2026-05-04 14:22:49,829 INFO toNotifyTaskSize = 0

2026-05-04 14:22:49,830 INFO toClientNotifyTaskSize = 0

2026-05-04 14:22:59,541 INFO [long-pulling] client count 0

2026-05-04 14:22:59,828 INFO groupCount = 0, subscriberClientCount = 0, subscriberCount = 0

2026-05-04 14:22:59,830 INFO toNotifyTaskSize = 0

2026-05-04 14:22:59,830 INFO toClientNotifyTaskSize = 0

2026-05-04 14:23:09,542 INFO [long-pulling] client count 0

2026-05-04 14:23:09,828 INFO groupCount = 0, subscriberClientCount = 0, subscriberCount = 0

2026-05-04 14:23:09,831 INFO toNotifyTaskSize = 0

2026-05-04 14:23:09,831 INFO toClientNotifyTaskSize = 0

2026-05-04 14:23:19,541 INFO [long-pulling] client count 0

2026-05-04 14:23:19,827 INFO groupCount = 0, subscriberClientCount = 0, subscriberCount = 0

2026-05-04 14:23:19,830 INFO toNotifyTaskSize = 0

2026-05-04 14:23:19,830 INFO toClientNotifyTaskSize = 0

2026-05-04 14:23:29,541 INFO [long-pulling] client count 0

2026-05-04 14:23:29,828 INFO groupCount = 0, subscriberClientCount = 0, subscriberCount = 0

2026-05-04 14:23:29,831 INFO toNotifyTaskSize = 0

2026-05-04 14:23:29,831 INFO toClientNotifyTaskSize = 0

2026-05-04 14:23:39,542 INFO [long-pulling] client count 0

2026-05-04 14:23:39,828 INFO groupCount = 0, subscriberClientCount = 0, subscriberCount = 0

2026-05-04 14:23:39,831 INFO toNotifyTaskSize = 0

2026-05-04 14:23:39,832 INFO toClientNotifyTaskSize = 0

2026-05-04 14:23:49,542 INFO [long-pulling] client count 0

2026-05-04 14:23:49,828 INFO groupCount = 0, subscriberClientCount = 0, subscriberCount = 0

2026-05-04 14:23:49,831 INFO toNotifyTaskSize = 0

2026-05-04 14:23:49,831 INFO toClientNotifyTaskSize = 0

2026-05-04 14:23:59,542 INFO [long-pulling] client count 0

2026-05-04 14:23:59,829 INFO groupCount = 0, subscriberClientCount = 0, subscriberCount = 0

2026-05-04 14:23:59,832 INFO toNotifyTaskSize = 0

2026-05-04 14:23:59,832 INFO toClientNotifyTaskSize = 0

2026-05-04 14:24:09,543 INFO [long-pulling] client count 0

2026-05-04 14:24:09,829 INFO groupCount = 0, subscriberClientCount = 0, subscriberCount = 0

2026-05-04 14:24:09,832 INFO toNotifyTaskSize = 0

2026-05-04 14:24:09,833 INFO toClientNotifyTaskSize = 0

2026-05-04 14:24:19,541 INFO [long-pulling] client count 0

2026-05-04 14:24:19,828 INFO groupCount = 0, subscriberClientCount = 0, subscriberCount = 0

2026-05-04 14:24:19,831 INFO toNotifyTaskSize = 0

2026-05-04 14:24:19,832 INFO toClientNotifyTaskSize = 0

2026-05-04 14:24:29,542 INFO [long-pulling] client count 0

2026-05-04 14:24:29,829 INFO groupCount = 0, subscriberClientCount = 0, subscriberCount = 0

2026-05-04 14:24:29,832 INFO toNotifyTaskSize = 0

2026-05-04 14:24:29,833 INFO toClientNotifyTaskSize = 0

2026-05-04 14:24:39,543 INFO [long-pulling] client count 0

2026-05-04 14:24:39,829 INFO groupCount = 0, subscriberClientCount = 0, subscriberCount = 0

2026-05-04 14:24:39,833 INFO toNotifyTaskSize = 0

2026-05-04 14:24:39,833 INFO toClientNotifyTaskSize = 0

2026-05-04 14:24:49,542 INFO [long-pulling] client count 0

2026-05-04 14:24:49,829 INFO groupCount = 0, subscriberClientCount = 0, subscriberCount = 0

2026-05-04 14:24:49,833 INFO toNotifyTaskSize = 0

2026-05-04 14:24:49,833 INFO toClientNotifyTaskSize = 0

2026-05-04 14:24:59,543 INFO [long-pulling] client count 0

2026-05-04 14:24:59,829 INFO groupCount = 0, subscriberClientCount = 0, subscriberCount = 0

2026-05-04 14:24:59,833 INFO toNotifyTaskSize = 0

2026-05-04 14:24:59,834 INFO toClientNotifyTaskSize = 0

2026-05-04 14:25:09,543 INFO [long-pulling] client count 0

2026-05-04 14:25:09,830 INFO groupCount = 0, subscriberClientCount = 0, subscriberCount = 0

2026-05-04 14:25:09,834 INFO toNotifyTaskSize = 0

2026-05-04 14:25:09,834 INFO toClientNotifyTaskSize = 0

2026-05-04 14:25:19,542 INFO [long-pulling] client count 0

2026-05-04 14:25:19,829 INFO groupCount = 0, subscriberClientCount = 0, subscriberCount = 0

2026-05-04 14:25:19,833 INFO toNotifyTaskSize = 0

2026-05-04 14:25:19,834 INFO toClientNotifyTaskSize = 0

2026-05-04 14:25:29,543 INFO [long-pulling] client count 0

2026-05-04 14:25:29,830 INFO groupCount = 0, subscriberClientCount = 0, subscriberCount = 0

2026-05-04 14:25:29,834 INFO toNotifyTaskSize = 0

2026-05-04 14:25:29,834 INFO toClientNotifyTaskSize = 0

2026-05-04 14:25:39,544 INFO [long-pulling] client count 0

2026-05-04 14:25:39,830 INFO groupCount = 0, subscriberClientCount = 0, subscriberCount = 0

2026-05-04 14:25:39,835 INFO toNotifyTaskSize = 0

2026-05-04 14:25:39,835 INFO toClientNotifyTaskSize = 0

2026-05-04 14:25:49,543 INFO [long-pulling] client count 0

2026-05-04 14:25:49,830 INFO groupCount = 0, subscriberClientCount = 0, subscriberCount = 0

2026-05-04 14:25:49,834 INFO toNotifyTaskSize = 0

2026-05-04 14:25:49,835 INFO toClientNotifyTaskSize = 0

2026-05-04 14:25:59,544 INFO [long-pulling] client count 0

2026-05-04 14:25:59,830 INFO groupCount = 0, subscriberClientCount = 0, subscriberCount = 0

2026-05-04 14:25:59,835 INFO toNotifyTaskSize = 0

2026-05-04 14:25:59,835 INFO toClientNotifyTaskSize = 0

2026-05-04 14:26:09,544 INFO [long-pulling] client count 0

2026-05-04 14:26:09,831 INFO groupCount = 0, subscriberClientCount = 0, subscriberCount = 0

2026-05-04 14:26:09,836 INFO toNotifyTaskSize = 0

2026-05-04 14:26:09,836 INFO toClientNotifyTaskSize = 0

2026-05-04 14:26:19,543 INFO [long-pulling] client count 0

2026-05-04 14:26:19,830 INFO groupCount = 0, subscriberClientCount = 0, subscriberCount = 0

2026-05-04 14:26:19,835 INFO toNotifyTaskSize = 0

2026-05-04 14:26:19,835 INFO toClientNotifyTaskSize = 0

2026-05-04 14:26:29,544 INFO [long-pulling] client count 0

2026-05-04 14:26:29,831 INFO groupCount = 0, subscriberClientCount = 0, subscriberCount = 0

2026-05-04 14:26:29,836 INFO toNotifyTaskSize = 0

2026-05-04 14:26:29,836 INFO toClientNotifyTaskSize = 0

2026-05-04 14:26:39,544 INFO [long-pulling] client count 0

2026-05-04 14:26:39,832 INFO groupCount = 0, subscriberClientCount = 0, subscriberCount = 0

2026-05-04 14:26:39,837 INFO toNotifyTaskSize = 0

2026-05-04 14:26:39,837 INFO toClientNotifyTaskSize = 0

2026-05-04 14:26:49,544 INFO [long-pulling] client count 0

2026-05-04 14:26:49,831 INFO groupCount = 0, subscriberClientCount = 0, subscriberCount = 0

2026-05-04 14:26:49,836 INFO toNotifyTaskSize = 0

2026-05-04 14:26:49,836 INFO toClientNotifyTaskSize = 0

2026-05-04 14:26:59,544 INFO [long-pulling] client count 0

2026-05-04 14:26:59,832 INFO groupCount = 0, subscriberClientCount = 0, subscriberCount = 0

2026-05-04 14:26:59,837 INFO toNotifyTaskSize = 0

2026-05-04 14:26:59,837 INFO toClientNotifyTaskSize = 0

2026-05-04 14:27:09,545 INFO [long-pulling] client count 0

2026-05-04 14:27:09,832 INFO groupCount = 0, subscriberClientCount = 0, subscriberCount = 0

2026-05-04 14:27:09,837 INFO toNotifyTaskSize = 0

2026-05-04 14:27:09,838 INFO toClientNotifyTaskSize = 0

2026-05-04 14:27:19,544 INFO [long-pulling] client count 0

2026-05-04 14:27:19,831 INFO groupCount = 0, subscriberClientCount = 0, subscriberCount = 0

2026-05-04 14:27:19,837 INFO toNotifyTaskSize = 0

2026-05-04 14:27:19,837 INFO toClientNotifyTaskSize = 0

2026-05-04 14:27:29,545 INFO [long-pulling] client count 0

2026-05-04 14:27:29,832 INFO groupCount = 0, subscriberClientCount = 0, subscriberCount = 0

2026-05-04 14:27:29,837 INFO toNotifyTaskSize = 0

2026-05-04 14:27:29,838 INFO toClientNotifyTaskSize = 0

2026-05-04 14:27:39,546 INFO [long-pulling] client count 0

2026-05-04 14:27:39,832 INFO groupCount = 0, subscriberClientCount = 0, subscriberCount = 0

2026-05-04 14:27:39,838 INFO toNotifyTaskSize = 0

2026-05-04 14:27:39,838 INFO toClientNotifyTaskSize = 0

2026-05-04 14:27:49,545 INFO [long-pulling] client count 0

2026-05-04 14:27:49,831 INFO groupCount = 0, subscriberClientCount = 0, subscriberCount = 0

2026-05-04 14:27:49,837 INFO toNotifyTaskSize = 0

2026-05-04 14:27:49,838 INFO toClientNotifyTaskSize = 0

2026-05-04 14:27:59,545 INFO [long-pulling] client count 0

2026-05-04 14:27:59,832 INFO groupCount = 0, subscriberClientCount = 0, subscriberCount = 0

2026-05-04 14:27:59,838 INFO toNotifyTaskSize = 0

2026-05-04 14:27:59,838 INFO toClientNotifyTaskSize = 0

2026-05-04 14:28:09,546 INFO [long-pulling] client count 0

2026-05-04 14:28:09,832 INFO groupCount = 0, subscriberClientCount = 0, subscriberCount = 0

2026-05-04 14:28:09,838 INFO toNotifyTaskSize = 0

2026-05-04 14:28:09,839 INFO toClientNotifyTaskSize = 0

2026-05-04 14:28:19,545 INFO [long-pulling] client count 0

2026-05-04 14:28:19,831 INFO groupCount = 0, subscriberClientCount = 0, subscriberCount = 0

2026-05-04 14:28:19,838 INFO toNotifyTaskSize = 0

2026-05-04 14:28:19,838 INFO toClientNotifyTaskSize = 0

2026-05-04 14:28:29,545 INFO [long-pulling] client count 0

2026-05-04 14:28:29,832 INFO groupCount = 0, subscriberClientCount = 0, subscriberCount = 0

2026-05-04 14:28:29,839 INFO toNotifyTaskSize = 0

2026-05-04 14:28:29,839 INFO toClientNotifyTaskSize = 0

2026-05-04 14:28:39,546 INFO [long-pulling] client count 0

2026-05-04 14:28:39,833 INFO groupCount = 0, subscriberClientCount = 0, subscriberCount = 0

2026-05-04 14:28:39,840 INFO toNotifyTaskSize = 0

2026-05-04 14:28:39,840 INFO toClientNotifyTaskSize = 0

2026-05-04 14:28:49,545 INFO [long-pulling] client count 0

2026-05-04 14:28:49,832 INFO groupCount = 0, subscriberClientCount = 0, subscriberCount = 0

2026-05-04 14:28:49,839 INFO toNotifyTaskSize = 0

2026-05-04 14:28:49,840 INFO toClientNotifyTaskSize = 0

2026-05-04 14:28:59,546 INFO [long-pulling] client count 0

2026-05-04 14:28:59,833 INFO groupCount = 0, subscriberClientCount = 0, subscriberCount = 0

2026-05-04 14:28:59,841 INFO toNotifyTaskSize = 0

2026-05-04 14:28:59,842 INFO toClientNotifyTaskSize = 0

2026-05-04 14:29:09,546 INFO [long-pulling] client count 0

2026-05-04 14:29:09,834 INFO groupCount = 0, subscriberClientCount = 0, subscriberCount = 0

2026-05-04 14:29:09,842 INFO toNotifyTaskSize = 0

2026-05-04 14:29:09,842 INFO toClientNotifyTaskSize = 0

2026-05-04 14:29:19,545 INFO [long-pulling] client count 0

2026-05-04 14:29:19,833 INFO groupCount = 0, subscriberClientCount = 0, subscriberCount = 0

2026-05-04 14:29:19,842 INFO toNotifyTaskSize = 0

2026-05-04 14:29:19,842 INFO toClientNotifyTaskSize = 0

2026-05-04 14:29:29,546 INFO [long-pulling] client count 0

2026-05-04 14:29:29,834 INFO groupCount = 0, subscriberClientCount = 0, subscriberCount = 0

2026-05-04 14:29:29,842 INFO toNotifyTaskSize = 0

2026-05-04 14:29:29,843 INFO toClientNotifyTaskSize = 0

2026-05-04 14:29:39,547 INFO [long-pulling] client count 0

2026-05-04 14:29:39,834 INFO groupCount = 0, subscriberClientCount = 0, subscriberCount = 0

2026-05-04 14:29:39,843 INFO toNotifyTaskSize = 0

2026-05-04 14:29:39,844 INFO toClientNotifyTaskSize = 0

2026-05-04 14:29:49,546 INFO [long-pulling] client count 0

2026-05-04 14:29:49,834 INFO groupCount = 0, subscriberClientCount = 0, subscriberCount = 0

2026-05-04 14:29:49,843 INFO toNotifyTaskSize = 0

2026-05-04 14:29:49,843 INFO toClientNotifyTaskSize = 0

2026-05-04 14:29:59,547 INFO [long-pulling] client count 0

2026-05-04 14:29:59,835 INFO groupCount = 0, subscriberClientCount = 0, subscriberCount = 0

2026-05-04 14:29:59,844 INFO toNotifyTaskSize = 0

2026-05-04 14:29:59,844 INFO toClientNotifyTaskSize = 0

2026-05-04 14:30:09,548 INFO [long-pulling] client count 0

2026-05-04 14:30:09,835 INFO groupCount = 0, subscriberClientCount = 0, subscriberCount = 0

2026-05-04 14:30:09,844 INFO toNotifyTaskSize = 0

2026-05-04 14:30:09,845 INFO toClientNotifyTaskSize = 0

2026-05-04 14:30:19,546 INFO [long-pulling] client count 0

2026-05-04 14:30:19,834 INFO groupCount = 0, subscriberClientCount = 0, subscriberCount = 0

2026-05-04 14:30:19,843 INFO toNotifyTaskSize = 0

2026-05-04 14:30:19,843 INFO toClientNotifyTaskSize = 0

2026-05-04 14:30:29,547 INFO [long-pulling] client count 0

2026-05-04 14:30:29,834 INFO groupCount = 0, subscriberClientCount = 0, subscriberCount = 0

2026-05-04 14:30:29,844 INFO toNotifyTaskSize = 0

2026-05-04 14:30:29,844 INFO toClientNotifyTaskSize = 0

2026-05-04 14:30:39,548 INFO [long-pulling] client count 0

2026-05-04 14:30:39,835 INFO groupCount = 0, subscriberClientCount = 0, subscriberCount = 0

2026-05-04 14:30:39,844 INFO toNotifyTaskSize = 0

2026-05-04 14:30:39,845 INFO toClientNotifyTaskSize = 0

2026-05-04 14:30:49,547 INFO [long-pulling] client count 0

2026-05-04 14:30:49,834 INFO groupCount = 0, subscriberClientCount = 0, subscriberCount = 0

2026-05-04 14:30:49,844 INFO toNotifyTaskSize = 0

2026-05-04 14:30:49,845 INFO toClientNotifyTaskSize = 0

2026-05-04 14:30:59,548 INFO [long-pulling] client count 0

2026-05-04 14:30:59,835 INFO groupCount = 0, subscriberClientCount = 0, subscriberCount = 0

2026-05-04 14:30:59,845 INFO toNotifyTaskSize = 0

2026-05-04 14:30:59,845 INFO toClientNotifyTaskSize = 0

2026-05-04 14:31:09,549 INFO [long-pulling] client count 0

2026-05-04 14:31:09,836 INFO groupCount = 0, subscriberClientCount = 0, subscriberCount = 0

2026-05-04 14:31:09,846 INFO toNotifyTaskSize = 0

2026-05-04 14:31:09,846 INFO toClientNotifyTaskSize = 0

2026-05-04 14:31:19,548 INFO [long-pulling] client count 0

2026-05-04 14:31:19,835 INFO groupCount = 0, subscriberClientCount = 0, subscriberCount = 0

2026-05-04 14:31:19,845 INFO toNotifyTaskSize = 0

2026-05-04 14:31:19,846 INFO toClientNotifyTaskSize = 0

2026-05-04 14:31:29,549 INFO [long-pulling] client count 0

2026-05-04 14:31:29,836 INFO groupCount = 0, subscriberClientCount = 0, subscriberCount = 0

2026-05-04 14:31:29,846 INFO toNotifyTaskSize = 0

2026-05-04 14:31:29,846 INFO toClientNotifyTaskSize = 0

2026-05-04 14:32:27,076 INFO [long-pulling] client count 0

2026-05-04 14:32:37,112 INFO [long-pulling] client count 0

2026-05-04 14:32:37,434 INFO toNotifyTaskSize = 0

2026-05-04 14:32:37,435 INFO toClientNotifyTaskSize = 0

2026-05-04 14:32:37,436 INFO groupCount = 0, subscriberClientCount = 0, subscriberCount = 0

2026-05-04 14:32:47,113 INFO [long-pulling] client count 0

2026-05-04 14:32:47,436 INFO toNotifyTaskSize = 0

2026-05-04 14:32:47,436 INFO toClientNotifyTaskSize = 0

2026-05-04 14:32:47,437 INFO groupCount = 0, subscriberClientCount = 0, subscriberCount = 0

2026-05-04 14:32:57,112 INFO [long-pulling] client count 0

2026-05-04 14:32:57,435 INFO toNotifyTaskSize = 0

2026-05-04 14:32:57,436 INFO toClientNotifyTaskSize = 0

2026-05-04 14:32:57,436 INFO groupCount = 0, subscriberClientCount = 0, subscriberCount = 0

2026-05-04 14:33:07,112 INFO [long-pulling] client count 0

2026-05-04 14:33:07,436 INFO toNotifyTaskSize = 0

2026-05-04 14:33:07,437 INFO toClientNotifyTaskSize = 0

2026-05-04 14:33:07,437 INFO groupCount = 0, subscriberClientCount = 0, subscriberCount = 0

2026-05-04 14:33:17,113 INFO [long-pulling] client count 0

2026-05-04 14:33:17,437 INFO toNotifyTaskSize = 0

2026-05-04 14:33:17,437 INFO groupCount = 0, subscriberClientCount = 0, subscriberCount = 0

2026-05-04 14:33:17,438 INFO toClientNotifyTaskSize = 0

2026-05-04 14:33:27,112 INFO [long-pulling] client count 0

2026-05-04 14:33:27,437 INFO groupCount = 0, subscriberClientCount = 0, subscriberCount = 0

2026-05-04 14:33:27,437 INFO toNotifyTaskSize = 0

2026-05-04 14:33:27,437 INFO toClientNotifyTaskSize = 0

2026-05-04 14:33:37,113 INFO [long-pulling] client count 0

2026-05-04 14:33:37,437 INFO groupCount = 0, subscriberClientCount = 0, subscriberCount = 0

2026-05-04 14:33:37,438 INFO toNotifyTaskSize = 0

2026-05-04 14:33:37,438 INFO toClientNotifyTaskSize = 0

2026-05-04 14:33:47,114 INFO [long-pulling] client count 0

2026-05-04 14:33:47,438 INFO groupCount = 0, subscriberClientCount = 0, subscriberCount = 0

2026-05-04 14:33:47,438 INFO toNotifyTaskSize = 0

2026-05-04 14:33:47,439 INFO toClientNotifyTaskSize = 0

2026-05-04 14:33:57,113 INFO [long-pulling] client count 0

2026-05-04 14:33:57,437 INFO groupCount = 0, subscriberClientCount = 0, subscriberCount = 0

2026-05-04 14:33:57,438 INFO toNotifyTaskSize = 0

2026-05-04 14:33:57,438 INFO toClientNotifyTaskSize = 0

2026-05-04 14:34:07,113 INFO [long-pulling] client count 0

2026-05-04 14:34:07,438 INFO groupCount = 0, subscriberClientCount = 0, subscriberCount = 0

2026-05-04 14:34:07,438 INFO toNotifyTaskSize = 0

2026-05-04 14:34:07,439 INFO toClientNotifyTaskSize = 0

2026-05-04 14:34:17,114 INFO [long-pulling] client count 0

2026-05-04 14:34:17,438 INFO groupCount = 0, subscriberClientCount = 0, subscriberCount = 0

2026-05-04 14:34:17,439 INFO toNotifyTaskSize = 0

2026-05-04 14:34:17,439 INFO toClientNotifyTaskSize = 0

2026-05-04 14:34:27,112 INFO [long-pulling] client count 0

2026-05-04 14:34:27,437 INFO groupCount = 0, subscriberClientCount = 0, subscriberCount = 0

2026-05-04 14:34:27,438 INFO toNotifyTaskSize = 0

2026-05-04 14:34:27,438 INFO toClientNotifyTaskSize = 0

2026-05-04 14:34:37,113 INFO [long-pulling] client count 0

2026-05-04 14:34:37,438 INFO groupCount = 0, subscriberClientCount = 0, subscriberCount = 0

2026-05-04 14:34:37,438 INFO toNotifyTaskSize = 0

2026-05-04 14:34:37,439 INFO toClientNotifyTaskSize = 0

2026-05-04 14:34:47,114 INFO [long-pulling] client count 0

2026-05-04 14:34:47,438 INFO groupCount = 0, subscriberClientCount = 0, subscriberCount = 0

2026-05-04 14:34:47,439 INFO toNotifyTaskSize = 0

2026-05-04 14:34:47,440 INFO toClientNotifyTaskSize = 0

2026-05-04 14:34:57,113 INFO [long-pulling] client count 0

2026-05-04 14:34:57,437 INFO groupCount = 0, subscriberClientCount = 0, subscriberCount = 0

2026-05-04 14:34:57,438 INFO toNotifyTaskSize = 0

2026-05-04 14:34:57,439 INFO toClientNotifyTaskSize = 0

2026-05-04 14:35:07,113 INFO [long-pulling] client count 0

2026-05-04 14:35:07,438 INFO groupCount = 0, subscriberClientCount = 0, subscriberCount = 0

2026-05-04 14:35:07,439 INFO toNotifyTaskSize = 0

2026-05-04 14:35:07,439 INFO toClientNotifyTaskSize = 0

2026-05-04 14:35:17,114 INFO [long-pulling] client count 0

2026-05-04 14:35:17,438 INFO groupCount = 0, subscriberClientCount = 0, subscriberCount = 0

2026-05-04 14:35:17,440 INFO toNotifyTaskSize = 0

2026-05-04 14:35:17,440 INFO toClientNotifyTaskSize = 0

2026-05-04 14:35:27,113 INFO [long-pulling] client count 0

2026-05-04 14:35:27,438 INFO groupCount = 0, subscriberClientCount = 0, subscriberCount = 0

2026-05-04 14:35:27,439 INFO toNotifyTaskSize = 0

2026-05-04 14:35:27,440 INFO toClientNotifyTaskSize = 0

2026-05-04 14:35:37,114 INFO [long-pulling] client count 0

2026-05-04 14:35:37,439 INFO groupCount = 0, subscriberClientCount = 0, subscriberCount = 0

2026-05-04 14:35:37,440 INFO toNotifyTaskSize = 0

2026-05-04 14:35:37,440 INFO toClientNotifyTaskSize = 0

2026-05-04 14:35:47,114 INFO [long-pulling] client count 0

2026-05-04 14:35:47,439 INFO groupCount = 0, subscriberClientCount = 0, subscriberCount = 0

2026-05-04 14:35:47,441 INFO toNotifyTaskSize = 0

2026-05-04 14:35:47,441 INFO toClientNotifyTaskSize = 0

2026-05-04 14:35:57,114 INFO [long-pulling] client count 0

2026-05-04 14:35:57,438 INFO groupCount = 0, subscriberClientCount = 0, subscriberCount = 0

2026-05-04 14:35:57,440 INFO toNotifyTaskSize = 0

2026-05-04 14:35:57,440 INFO toClientNotifyTaskSize = 0

2026-05-04 14:36:07,114 INFO [long-pulling] client count 0

2026-05-04 14:36:07,439 INFO groupCount = 0, subscriberClientCount = 0, subscriberCount = 0

2026-05-04 14:36:07,441 INFO toNotifyTaskSize = 0

2026-05-04 14:36:07,441 INFO toClientNotifyTaskSize = 0

2026-05-04 14:36:17,115 INFO [long-pulling] client count 0

2026-05-04 14:36:17,440 INFO groupCount = 0, subscriberClientCount = 0, subscriberCount = 0

2026-05-04 14:36:17,442 INFO toNotifyTaskSize = 0

2026-05-04 14:36:17,442 INFO toClientNotifyTaskSize = 0

2026-05-04 14:36:27,114 INFO [long-pulling] client count 0

2026-05-04 14:36:27,439 INFO groupCount = 0, subscriberClientCount = 0, subscriberCount = 0

2026-05-04 14:36:27,441 INFO toNotifyTaskSize = 0

2026-05-04 14:36:27,441 INFO toClientNotifyTaskSize = 0

2026-05-04 14:36:37,115 INFO [long-pulling] client count 0

2026-05-04 14:36:37,439 INFO groupCount = 0, subscriberClientCount = 0, subscriberCount = 0

2026-05-04 14:36:37,442 INFO toNotifyTaskSize = 0

2026-05-04 14:36:37,442 INFO toClientNotifyTaskSize = 0

2026-05-04 14:36:47,115 INFO [long-pulling] client count 0

2026-05-04 14:36:47,440 INFO groupCount = 0, subscriberClientCount = 0, subscriberCount = 0

2026-05-04 14:36:47,442 INFO toNotifyTaskSize = 0

2026-05-04 14:36:47,443 INFO toClientNotifyTaskSize = 0

2026-05-04 14:36:57,114 INFO [long-pulling] client count 0

2026-05-04 14:36:57,439 INFO groupCount = 0, subscriberClientCount = 0, subscriberCount = 0

2026-05-04 14:36:57,442 INFO toNotifyTaskSize = 0

2026-05-04 14:36:57,442 INFO toClientNotifyTaskSize = 0

2026-05-04 14:37:07,115 INFO [long-pulling] client count 0

2026-05-04 14:37:07,440 INFO groupCount = 0, subscriberClientCount = 0, subscriberCount = 0

2026-05-04 14:37:07,443 INFO toNotifyTaskSize = 0

2026-05-04 14:37:07,443 INFO toClientNotifyTaskSize = 0

2026-05-04 14:37:17,116 INFO [long-pulling] client count 0

2026-05-04 14:37:17,441 INFO groupCount = 0, subscriberClientCount = 0, subscriberCount = 0

2026-05-04 14:37:17,444 INFO toNotifyTaskSize = 0

2026-05-04 14:37:17,444 INFO toClientNotifyTaskSize = 0

2026-05-04 14:37:27,115 INFO [long-pulling] client count 0

2026-05-04 14:37:27,440 INFO groupCount = 0, subscriberClientCount = 0, subscriberCount = 0

2026-05-04 14:37:27,443 INFO toNotifyTaskSize = 0

2026-05-04 14:37:27,443 INFO toClientNotifyTaskSize = 0

2026-05-04 14:37:37,115 INFO [long-pulling] client count 0

2026-05-04 14:37:37,441 INFO groupCount = 0, subscriberClientCount = 0, subscriberCount = 0

2026-05-04 14:37:37,443 INFO toNotifyTaskSize = 0

2026-05-04 14:37:37,444 INFO toClientNotifyTaskSize = 0

2026-05-04 14:37:47,116 INFO [long-pulling] client count 0

2026-05-04 14:37:47,442 INFO groupCount = 0, subscriberClientCount = 0, subscriberCount = 0

2026-05-04 14:37:47,444 INFO toNotifyTaskSize = 0

2026-05-04 14:37:47,445 INFO toClientNotifyTaskSize = 0

2026-05-04 14:37:57,115 INFO [long-pulling] client count 0

2026-05-04 14:37:57,441 INFO groupCount = 0, subscriberClientCount = 0, subscriberCount = 0

2026-05-04 14:37:57,444 INFO toNotifyTaskSize = 0

2026-05-04 14:37:57,444 INFO toClientNotifyTaskSize = 0

2026-05-04 14:38:07,116 INFO [long-pulling] client count 0

2026-05-04 14:38:07,441 INFO groupCount = 0, subscriberClientCount = 0, subscriberCount = 0

2026-05-04 14:38:07,444 INFO toNotifyTaskSize = 0

2026-05-04 14:38:07,445 INFO toClientNotifyTaskSize = 0

2026-05-04 14:38:17,117 INFO [long-pulling] client count 0

2026-05-04 14:38:17,442 INFO groupCount = 0, subscriberClientCount = 0, subscriberCount = 0

2026-05-04 14:38:17,445 INFO toNotifyTaskSize = 0

2026-05-04 14:38:17,445 INFO toClientNotifyTaskSize = 0

2026-05-04 14:38:27,116 INFO [long-pulling] client count 0

2026-05-04 14:38:27,441 INFO groupCount = 0, subscriberClientCount = 0, subscriberCount = 0

2026-05-04 14:38:27,444 INFO toNotifyTaskSize = 0

2026-05-04 14:38:27,445 INFO toClientNotifyTaskSize = 0

2026-05-04 14:38:37,116 INFO [long-pulling] client count 0

2026-05-04 14:38:37,442 INFO groupCount = 0, subscriberClientCount = 0, subscriberCount = 0

2026-05-04 14:38:37,445 INFO toNotifyTaskSize = 0

2026-05-04 14:38:37,446 INFO toClientNotifyTaskSize = 0

2026-05-04 14:38:47,117 INFO [long-pulling] client count 0

2026-05-04 14:38:47,443 INFO groupCount = 0, subscriberClientCount = 0, subscriberCount = 0

2026-05-04 14:38:47,446 INFO toNotifyTaskSize = 0

2026-05-04 14:38:47,447 INFO toClientNotifyTaskSize = 0

2026-05-04 14:38:57,116 INFO [long-pulling] client count 0

2026-05-04 14:38:57,442 INFO groupCount = 0, subscriberClientCount = 0, subscriberCount = 0

2026-05-04 14:38:57,445 INFO toNotifyTaskSize = 0

2026-05-04 14:38:57,446 INFO toClientNotifyTaskSize = 0

2026-05-04 14:39:07,117 INFO [long-pulling] client count 0

2026-05-04 14:39:07,443 INFO groupCount = 0, subscriberClientCount = 0, subscriberCount = 0

2026-05-04 14:39:07,446 INFO toNotifyTaskSize = 0

2026-05-04 14:39:07,447 INFO toClientNotifyTaskSize = 0

2026-05-04 14:39:17,118 INFO [long-pulling] client count 0

2026-05-04 14:39:17,443 INFO groupCount = 0, subscriberClientCount = 0, subscriberCount = 0

2026-05-04 14:39:17,447 INFO toNotifyTaskSize = 0

2026-05-04 14:39:17,448 INFO toClientNotifyTaskSize = 0

2026-05-04 14:39:27,117 INFO [long-pulling] client count 0

2026-05-04 14:39:27,442 INFO groupCount = 0, subscriberClientCount = 0, subscriberCount = 0

2026-05-04 14:39:27,447 INFO toNotifyTaskSize = 0

2026-05-04 14:39:27,447 INFO toClientNotifyTaskSize = 0

2026-05-04 14:39:37,118 INFO [long-pulling] client count 0

2026-05-04 14:39:37,443 INFO groupCount = 0, subscriberClientCount = 0, subscriberCount = 0

2026-05-04 14:39:37,447 INFO toNotifyTaskSize = 0

2026-05-04 14:39:37,448 INFO toClientNotifyTaskSize = 0

2026-05-04 14:39:47,118 INFO [long-pulling] client count 0

2026-05-04 14:39:47,444 INFO groupCount = 0, subscriberClientCount = 0, subscriberCount = 0

2026-05-04 14:39:47,448 INFO toNotifyTaskSize = 0

2026-05-04 14:39:47,449 INFO toClientNotifyTaskSize = 0

2026-05-04 14:39:57,116 INFO [long-pulling] client count 0

2026-05-04 14:39:57,442 INFO groupCount = 0, subscriberClientCount = 0, subscriberCount = 0

2026-05-04 14:39:57,447 INFO toNotifyTaskSize = 0

2026-05-04 14:39:57,447 INFO toClientNotifyTaskSize = 0

2026-05-04 14:40:07,117 INFO [long-pulling] client count 0

2026-05-04 14:40:07,442 INFO groupCount = 0, subscriberClientCount = 0, subscriberCount = 0

2026-05-04 14:40:07,447 INFO toNotifyTaskSize = 0

2026-05-04 14:40:07,448 INFO toClientNotifyTaskSize = 0

2026-05-04 14:40:17,117 INFO [long-pulling] client count 0

2026-05-04 14:40:17,443 INFO groupCount = 0, subscriberClientCount = 0, subscriberCount = 0

2026-05-04 14:40:17,448 INFO toNotifyTaskSize = 0

2026-05-04 14:40:17,449 INFO toClientNotifyTaskSize = 0

2026-05-04 14:40:27,118 INFO [long-pulling] client count 0

2026-05-04 14:40:27,443 INFO groupCount = 0, subscriberClientCount = 0, subscriberCount = 0

2026-05-04 14:40:27,448 INFO toNotifyTaskSize = 0

2026-05-04 14:40:27,449 INFO toClientNotifyTaskSize = 0

2026-05-04 14:40:37,118 INFO [long-pulling] client count 0

2026-05-04 14:40:37,444 INFO groupCount = 0, subscriberClientCount = 0, subscriberCount = 0

2026-05-04 14:40:37,449 INFO toNotifyTaskSize = 0

2026-05-04 14:40:37,449 INFO toClientNotifyTaskSize = 0

2026-05-04 14:40:47,119 INFO [long-pulling] client count 0

2026-05-04 14:40:47,444 INFO groupCount = 0, subscriberClientCount = 0, subscriberCount = 0

2026-05-04 14:40:47,450 INFO toNotifyTaskSize = 0

2026-05-04 14:40:47,450 INFO toClientNotifyTaskSize = 0

2026-05-04 14:40:57,118 INFO [long-pulling] client count 0

2026-05-04 14:40:57,443 INFO groupCount = 0, subscriberClientCount = 0, subscriberCount = 0

2026-05-04 14:40:57,449 INFO toNotifyTaskSize = 0

2026-05-04 14:40:57,449 INFO toClientNotifyTaskSize = 0

2026-05-04 14:41:07,118 INFO [long-pulling] client count 0

2026-05-04 14:41:07,444 INFO groupCount = 0, subscriberClientCount = 0, subscriberCount = 0

2026-05-04 14:41:07,450 INFO toNotifyTaskSize = 0

2026-05-04 14:41:07,450 INFO toClientNotifyTaskSize = 0

2026-05-04 14:41:17,119 INFO [long-pulling] client count 0

2026-05-04 14:41:17,445 INFO groupCount = 0, subscriberClientCount = 0, subscriberCount = 0

2026-05-04 14:41:17,451 INFO toNotifyTaskSize = 0

2026-05-04 14:41:17,451 INFO toClientNotifyTaskSize = 0

2026-05-04 14:41:27,118 INFO [long-pulling] client count 0

2026-05-04 14:41:27,444 INFO groupCount = 0, subscriberClientCount = 0, subscriberCount = 0

2026-05-04 14:41:27,450 INFO toNotifyTaskSize = 0

2026-05-04 14:41:27,450 INFO toClientNotifyTaskSize = 0

2026-05-04 14:41:37,119 INFO [long-pulling] client count 0

2026-05-04 14:41:37,444 INFO groupCount = 0, subscriberClientCount = 0, subscriberCount = 0

2026-05-04 14:41:37,451 INFO toNotifyTaskSize = 0

2026-05-04 14:41:37,451 INFO toClientNotifyTaskSize = 0

2026-05-04 14:41:47,120 INFO [long-pulling] client count 0

2026-05-04 14:41:47,445 INFO groupCount = 0, subscriberClientCount = 0, subscriberCount = 0

2026-05-04 14:41:47,452 INFO toNotifyTaskSize = 0

2026-05-04 14:41:47,453 INFO toClientNotifyTaskSize = 0

2026-05-04 14:41:57,119 INFO [long-pulling] client count 0

2026-05-04 14:41:57,444 INFO groupCount = 0, subscriberClientCount = 0, subscriberCount = 0

2026-05-04 14:41:57,453 INFO toNotifyTaskSize = 0

2026-05-04 14:41:57,453 INFO toClientNotifyTaskSize = 0

2026-05-04 14:42:07,119 INFO [long-pulling] client count 0

2026-05-04 14:42:07,444 INFO groupCount = 0, subscriberClientCount = 0, subscriberCount = 0

2026-05-04 14:42:07,453 INFO toNotifyTaskSize = 0

2026-05-04 14:42:07,454 INFO toClientNotifyTaskSize = 0

2026-05-04 14:42:17,120 INFO [long-pulling] client count 0

2026-05-04 14:42:17,445 INFO groupCount = 0, subscriberClientCount = 0, subscriberCount = 0

2026-05-04 14:42:17,454 INFO toNotifyTaskSize = 0

2026-05-04 14:42:17,455 INFO toClientNotifyTaskSize = 0

2026-05-04 14:42:27,120 INFO [long-pulling] client count 0

2026-05-04 14:42:27,445 INFO groupCount = 0, subscriberClientCount = 0, subscriberCount = 0

2026-05-04 14:42:27,454 INFO toNotifyTaskSize = 0

2026-05-04 14:42:27,455 INFO toClientNotifyTaskSize = 0

2026-05-04 14:42:37,121 INFO [long-pulling] client count 0

2026-05-04 14:42:37,446 INFO groupCount = 0, subscriberClientCount = 0, subscriberCount = 0

2026-05-04 14:42:37,455 INFO toNotifyTaskSize = 0

2026-05-04 14:42:37,456 INFO toClientNotifyTaskSize = 0

2026-05-04 14:42:47,121 INFO [long-pulling] client count 0

2026-05-04 14:42:47,446 INFO groupCount = 0, subscriberClientCount = 0, subscriberCount = 0

2026-05-04 14:42:47,456 INFO toNotifyTaskSize = 0

2026-05-04 14:42:47,456 INFO toClientNotifyTaskSize = 0

2026-05-04 14:42:57,120 INFO [long-pulling] client count 0

2026-05-04 14:42:57,445 INFO groupCount = 0, subscriberClientCount = 0, subscriberCount = 0

2026-05-04 14:42:57,455 INFO toNotifyTaskSize = 0

2026-05-04 14:42:57,455 INFO toClientNotifyTaskSize = 0

2026-05-04 14:43:07,121 INFO [long-pulling] client count 0

2026-05-04 14:43:07,446 INFO groupCount = 0, subscriberClientCount = 0, subscriberCount = 0

2026-05-04 14:43:07,456 INFO toNotifyTaskSize = 0

2026-05-04 14:43:07,456 INFO toClientNotifyTaskSize = 0

2026-05-04 14:43:58,454 INFO [long-pulling] client count 0

2026-05-04 14:44:08,499 INFO [long-pulling] client count 0

2026-05-04 14:44:08,754 INFO toNotifyTaskSize = 0

2026-05-04 14:44:08,755 INFO toClientNotifyTaskSize = 0

2026-05-04 14:44:08,756 INFO groupCount = 0, subscriberClientCount = 0, subscriberCount = 0

2026-05-04 14:44:18,499 INFO [long-pulling] client count 0

2026-05-04 14:44:18,754 INFO toNotifyTaskSize = 0

2026-05-04 14:44:18,754 INFO toClientNotifyTaskSize = 0

2026-05-04 14:44:18,755 INFO groupCount = 0, subscriberClientCount = 0, subscriberCount = 0

2026-05-04 14:44:28,499 INFO [long-pulling] client count 0

2026-05-04 14:44:28,755 INFO toNotifyTaskSize = 0

2026-05-04 14:44:28,755 INFO toClientNotifyTaskSize = 0

2026-05-04 14:44:28,755 INFO groupCount = 0, subscriberClientCount = 0, subscriberCount = 0

2026-05-04 14:44:38,500 INFO [long-pulling] client count 0

2026-05-04 14:44:38,755 INFO toNotifyTaskSize = 0

2026-05-04 14:44:38,756 INFO groupCount = 0, subscriberClientCount = 0, subscriberCount = 0

2026-05-04 14:44:38,756 INFO toClientNotifyTaskSize = 0

2026-05-04 14:44:48,499 INFO [long-pulling] client count 0

2026-05-04 14:44:48,755 INFO groupCount = 0, subscriberClientCount = 0, subscriberCount = 0

2026-05-04 14:44:48,755 INFO toNotifyTaskSize = 0

2026-05-04 14:44:48,756 INFO toClientNotifyTaskSize = 0

2026-05-04 14:44:58,500 INFO [long-pulling] client count 0

2026-05-04 14:44:58,756 INFO groupCount = 0, subscriberClientCount = 0, subscriberCount = 0

2026-05-04 14:44:58,756 INFO toNotifyTaskSize = 0

2026-05-04 14:44:58,757 INFO toClientNotifyTaskSize = 0

2026-05-04 14:45:08,501 INFO [long-pulling] client count 0

2026-05-04 14:45:08,757 INFO groupCount = 0, subscriberClientCount = 0, subscriberCount = 0

2026-05-04 14:45:08,757 INFO toNotifyTaskSize = 0

2026-05-04 14:45:08,758 INFO toClientNotifyTaskSize = 0

2026-05-04 14:45:18,500 INFO [long-pulling] client count 0

2026-05-04 14:45:18,756 INFO groupCount = 0, subscriberClientCount = 0, subscriberCount = 0

2026-05-04 14:45:18,756 INFO toNotifyTaskSize = 0

2026-05-04 14:45:18,756 INFO toClientNotifyTaskSize = 0

2026-05-04 14:45:28,500 INFO [long-pulling] client count 0

2026-05-04 14:45:28,756 INFO groupCount = 0, subscriberClientCount = 0, subscriberCount = 0

2026-05-04 14:45:28,757 INFO toNotifyTaskSize = 0

2026-05-04 14:45:28,757 INFO toClientNotifyTaskSize = 0

2026-05-04 14:45:38,501 INFO [long-pulling] client count 0

2026-05-04 14:45:38,757 INFO groupCount = 0, subscriberClientCount = 0, subscriberCount = 0

2026-05-04 14:45:38,757 INFO toNotifyTaskSize = 0

2026-05-04 14:45:38,758 INFO toClientNotifyTaskSize = 0

2026-05-04 14:45:48,500 INFO [long-pulling] client count 0

2026-05-04 14:45:48,756 INFO groupCount = 0, subscriberClientCount = 0, subscriberCount = 0

2026-05-04 14:45:48,756 INFO toNotifyTaskSize = 0

2026-05-04 14:45:48,756 INFO toClientNotifyTaskSize = 0

2026-05-04 14:45:58,500 INFO [long-pulling] client count 0

2026-05-04 14:45:58,756 INFO groupCount = 0, subscriberClientCount = 0, subscriberCount = 0

2026-05-04 14:45:58,757 INFO toNotifyTaskSize = 0

2026-05-04 14:45:58,757 INFO toClientNotifyTaskSize = 0

2026-05-04 14:46:08,501 INFO [long-pulling] client count 0

2026-05-04 14:46:08,757 INFO groupCount = 0, subscriberClientCount = 0, subscriberCount = 0

2026-05-04 14:46:08,757 INFO toNotifyTaskSize = 0

2026-05-04 14:46:08,758 INFO toClientNotifyTaskSize = 0

2026-05-04 14:46:18,500 INFO [long-pulling] client count 0

2026-05-04 14:46:18,756 INFO groupCount = 0, subscriberClientCount = 0, subscriberCount = 0

2026-05-04 14:46:18,757 INFO toNotifyTaskSize = 0

2026-05-04 14:46:18,757 INFO toClientNotifyTaskSize = 0

2026-05-04 14:46:28,501 INFO [long-pulling] client count 0

2026-05-04 14:46:28,757 INFO groupCount = 0, subscriberClientCount = 0, subscriberCount = 0

2026-05-04 14:46:28,757 INFO toNotifyTaskSize = 0

2026-05-04 14:46:28,758 INFO toClientNotifyTaskSize = 0

2026-05-04 14:46:38,501 INFO [long-pulling] client count 0

2026-05-04 14:46:38,757 INFO groupCount = 0, subscriberClientCount = 0, subscriberCount = 0

2026-05-04 14:46:38,758 INFO toNotifyTaskSize = 0

2026-05-04 14:46:38,759 INFO toClientNotifyTaskSize = 0

2026-05-04 14:46:48,500 INFO [long-pulling] client count 0

2026-05-04 14:46:48,756 INFO groupCount = 0, subscriberClientCount = 0, subscriberCount = 0

2026-05-04 14:46:48,757 INFO toNotifyTaskSize = 0

2026-05-04 14:46:48,758 INFO toClientNotifyTaskSize = 0

2026-05-04 14:46:58,501 INFO [long-pulling] client count 0

2026-05-04 14:46:58,757 INFO groupCount = 0, subscriberClientCount = 0, subscriberCount = 0

2026-05-04 14:46:58,758 INFO toNotifyTaskSize = 0

2026-05-04 14:46:58,759 INFO toClientNotifyTaskSize = 0

2026-05-04 14:47:08,502 INFO [long-pulling] client count 0

2026-05-04 14:47:08,758 INFO groupCount = 0, subscriberClientCount = 0, subscriberCount = 0

2026-05-04 14:47:08,760 INFO toNotifyTaskSize = 0

2026-05-04 14:47:08,760 INFO toClientNotifyTaskSize = 0

2026-05-04 14:47:18,501 INFO [long-pulling] client count 0

2026-05-04 14:47:18,757 INFO groupCount = 0, subscriberClientCount = 0, subscriberCount = 0

2026-05-04 14:47:18,759 INFO toNotifyTaskSize = 0

2026-05-04 14:47:18,760 INFO toClientNotifyTaskSize = 0

2026-05-04 14:47:28,502 INFO [long-pulling] client count 0

2026-05-04 14:47:28,758 INFO groupCount = 0, subscriberClientCount = 0, subscriberCount = 0

2026-05-04 14:47:28,760 INFO toNotifyTaskSize = 0

2026-05-04 14:47:28,760 INFO toClientNotifyTaskSize = 0

2026-05-04 14:47:38,502 INFO [long-pulling] client count 0

2026-05-04 14:47:38,759 INFO groupCount = 0, subscriberClientCount = 0, subscriberCount = 0

2026-05-04 14:47:38,761 INFO toNotifyTaskSize = 0

2026-05-04 14:47:38,761 INFO toClientNotifyTaskSize = 0

2026-05-04 14:47:48,502 INFO [long-pulling] client count 0

2026-05-04 14:47:48,758 INFO groupCount = 0, subscriberClientCount = 0, subscriberCount = 0

2026-05-04 14:47:48,760 INFO toNotifyTaskSize = 0

2026-05-04 14:47:48,761 INFO toClientNotifyTaskSize = 0

2026-05-04 14:47:58,502 INFO [long-pulling] client count 0

2026-05-04 14:47:58,759 INFO groupCount = 0, subscriberClientCount = 0, subscriberCount = 0

2026-05-04 14:47:58,762 INFO toNotifyTaskSize = 0

2026-05-04 14:47:58,762 INFO toClientNotifyTaskSize = 0

2026-05-04 14:48:08,503 INFO [long-pulling] client count 0

2026-05-04 14:48:08,760 INFO groupCount = 0, subscriberClientCount = 0, subscriberCount = 0

2026-05-04 14:48:08,762 INFO toNotifyTaskSize = 0

2026-05-04 14:48:08,762 INFO toClientNotifyTaskSize = 0

2026-05-04 14:48:18,502 INFO [long-pulling] client count 0

2026-05-04 14:48:18,759 INFO groupCount = 0, subscriberClientCount = 0, subscriberCount = 0

2026-05-04 14:48:18,761 INFO toNotifyTaskSize = 0

2026-05-04 14:48:18,762 INFO toClientNotifyTaskSize = 0

2026-05-04 14:48:28,502 INFO [long-pulling] client count 0

2026-05-04 14:48:28,760 INFO groupCount = 0, subscriberClientCount = 0, subscriberCount = 0

2026-05-04 14:48:28,762 INFO toNotifyTaskSize = 0

2026-05-04 14:48:28,762 INFO toClientNotifyTaskSize = 0

2026-05-04 14:48:38,503 INFO [long-pulling] client count 0

2026-05-04 14:48:38,760 INFO groupCount = 0, subscriberClientCount = 0, subscriberCount = 0

2026-05-04 14:48:38,763 INFO toNotifyTaskSize = 0

2026-05-04 14:48:38,763 INFO toClientNotifyTaskSize = 0

2026-05-04 14:48:48,502 INFO [long-pulling] client count 0

2026-05-04 14:48:48,760 INFO groupCount = 0, subscriberClientCount = 0, subscriberCount = 0

2026-05-04 14:48:48,762 INFO toNotifyTaskSize = 0

2026-05-04 14:48:48,762 INFO toClientNotifyTaskSize = 0

2026-05-04 14:48:58,503 INFO [long-pulling] client count 0

2026-05-04 14:48:58,760 INFO groupCount = 0, subscriberClientCount = 0, subscriberCount = 0

2026-05-04 14:48:58,762 INFO toNotifyTaskSize = 0

2026-05-04 14:48:58,762 INFO toClientNotifyTaskSize = 0

2026-05-04 14:49:08,503 INFO [long-pulling] client count 0

2026-05-04 14:49:08,761 INFO groupCount = 0, subscriberClientCount = 0, subscriberCount = 0

2026-05-04 14:49:08,763 INFO toNotifyTaskSize = 0

2026-05-04 14:49:08,763 INFO toClientNotifyTaskSize = 0

2026-05-04 14:49:58,869 INFO [long-pulling] client count 0

2026-05-04 14:50:08,912 INFO [long-pulling] client count 0

2026-05-04 14:50:09,198 INFO groupCount = 0, subscriberClientCount = 0, subscriberCount = 0

2026-05-04 14:50:09,199 INFO toNotifyTaskSize = 0

2026-05-04 14:50:09,200 INFO toClientNotifyTaskSize = 0

2026-05-04 14:50:18,912 INFO [long-pulling] client count 0

2026-05-04 14:50:19,198 INFO groupCount = 0, subscriberClientCount = 0, subscriberCount = 0

2026-05-04 14:50:19,199 INFO toNotifyTaskSize = 0

2026-05-04 14:50:19,199 INFO toClientNotifyTaskSize = 0

2026-05-04 14:50:28,912 INFO [long-pulling] client count 0

2026-05-04 14:50:29,199 INFO groupCount = 0, subscriberClientCount = 0, subscriberCount = 0

2026-05-04 14:50:29,200 INFO toNotifyTaskSize = 0

2026-05-04 14:50:29,200 INFO toClientNotifyTaskSize = 0

2026-05-04 14:50:38,913 INFO [long-pulling] client count 0

2026-05-04 14:50:39,199 INFO groupCount = 0, subscriberClientCount = 0, subscriberCount = 0

2026-05-04 14:50:39,201 INFO toNotifyTaskSize = 0

2026-05-04 14:50:39,201 INFO toClientNotifyTaskSize = 0

2026-05-04 14:50:48,913 INFO [long-pulling] client count 0

2026-05-04 14:50:49,199 INFO groupCount = 0, subscriberClientCount = 0, subscriberCount = 0

2026-05-04 14:50:49,200 INFO toNotifyTaskSize = 0

2026-05-04 14:50:49,201 INFO toClientNotifyTaskSize = 0

2026-05-04 14:50:58,914 INFO [long-pulling] client count 0

2026-05-04 14:50:59,200 INFO groupCount = 0, subscriberClientCount = 0, subscriberCount = 0

2026-05-04 14:50:59,201 INFO toNotifyTaskSize = 0

2026-05-04 14:50:59,202 INFO toClientNotifyTaskSize = 0

2026-05-04 14:51:08,915 INFO [long-pulling] client count 0

2026-05-04 14:51:09,200 INFO groupCount = 0, subscriberClientCount = 0, subscriberCount = 0

2026-05-04 14:51:09,202 INFO toNotifyTaskSize = 0

2026-05-04 14:51:09,203 INFO toClientNotifyTaskSize = 0

2026-05-04 14:51:18,913 INFO [long-pulling] client count 0

2026-05-04 14:51:19,198 INFO groupCount = 0, subscriberClientCount = 0, subscriberCount = 0

2026-05-04 14:51:19,201 INFO toNotifyTaskSize = 0

2026-05-04 14:51:19,201 INFO toClientNotifyTaskSize = 0

2026-05-04 14:51:28,914 INFO [long-pulling] client count 0

2026-05-04 14:51:29,199 INFO groupCount = 0, subscriberClientCount = 0, subscriberCount = 0

2026-05-04 14:51:29,201 INFO toNotifyTaskSize = 0

2026-05-04 14:51:29,201 INFO toClientNotifyTaskSize = 0

2026-05-04 14:51:38,914 INFO [long-pulling] client count 0

2026-05-04 14:51:39,200 INFO groupCount = 0, subscriberClientCount = 0, subscriberCount = 0

2026-05-04 14:51:39,202 INFO toNotifyTaskSize = 0

2026-05-04 14:51:39,202 INFO toClientNotifyTaskSize = 0

2026-05-04 14:51:48,915 INFO [long-pulling] client count 0

2026-05-04 14:51:49,200 INFO groupCount = 0, subscriberClientCount = 0, subscriberCount = 0

2026-05-04 14:51:49,202 INFO toNotifyTaskSize = 0

2026-05-04 14:51:49,202 INFO toClientNotifyTaskSize = 0

2026-05-04 14:51:58,915 INFO [long-pulling] client count 0

2026-05-04 14:51:59,200 INFO groupCount = 0, subscriberClientCount = 0, subscriberCount = 0

2026-05-04 14:51:59,202 INFO toNotifyTaskSize = 0

2026-05-04 14:51:59,203 INFO toClientNotifyTaskSize = 0

2026-05-04 14:52:08,916 INFO [long-pulling] client count 0

2026-05-04 14:52:09,201 INFO groupCount = 0, subscriberClientCount = 0, subscriberCount = 0

2026-05-04 14:52:09,203 INFO toNotifyTaskSize = 0

2026-05-04 14:52:09,203 INFO toClientNotifyTaskSize = 0

2026-05-04 14:52:18,915 INFO [long-pulling] client count 0

2026-05-04 14:52:19,200 INFO groupCount = 0, subscriberClientCount = 0, subscriberCount = 0

2026-05-04 14:52:19,202 INFO toNotifyTaskSize = 0

2026-05-04 14:52:19,202 INFO toClientNotifyTaskSize = 0

2026-05-04 14:52:28,915 INFO [long-pulling] client count 0

2026-05-04 14:52:29,201 INFO groupCount = 0, subscriberClientCount = 0, subscriberCount = 0

2026-05-04 14:52:29,203 INFO toNotifyTaskSize = 0

2026-05-04 14:52:29,203 INFO toClientNotifyTaskSize = 0

2026-05-04 14:52:38,916 INFO [long-pulling] client count 0

2026-05-04 14:52:39,201 INFO groupCount = 0, subscriberClientCount = 0, subscriberCount = 0

2026-05-04 14:52:39,204 INFO toNotifyTaskSize = 0

2026-05-04 14:52:39,204 INFO toClientNotifyTaskSize = 0

2026-05-04 14:52:48,915 INFO [long-pulling] client count 0

2026-05-04 14:52:49,200 INFO groupCount = 0, subscriberClientCount = 0, subscriberCount = 0

2026-05-04 14:52:49,203 INFO toNotifyTaskSize = 0

2026-05-04 14:52:49,203 INFO toClientNotifyTaskSize = 0

2026-05-04 14:52:58,916 INFO [long-pulling] client count 0

2026-05-04 14:52:59,201 INFO groupCount = 0, subscriberClientCount = 0, subscriberCount = 0

2026-05-04 14:52:59,204 INFO toNotifyTaskSize = 0

2026-05-04 14:52:59,204 INFO toClientNotifyTaskSize = 0

2026-05-04 14:53:08,917 INFO [long-pulling] client count 0

2026-05-04 14:53:09,201 INFO groupCount = 0, subscriberClientCount = 0, subscriberCount = 0

2026-05-04 14:53:09,205 INFO toNotifyTaskSize = 0

2026-05-04 14:53:09,205 INFO toClientNotifyTaskSize = 0

2026-05-04 14:53:18,916 INFO [long-pulling] client count 0

2026-05-04 14:53:19,201 INFO groupCount = 0, subscriberClientCount = 0, subscriberCount = 0

2026-05-04 14:53:19,204 INFO toNotifyTaskSize = 0

2026-05-04 14:53:19,204 INFO toClientNotifyTaskSize = 0

2026-05-04 14:53:28,917 INFO [long-pulling] client count 0

2026-05-04 14:53:29,201 INFO groupCount = 0, subscriberClientCount = 0, subscriberCount = 0

2026-05-04 14:53:29,204 INFO toNotifyTaskSize = 0

2026-05-04 14:53:29,205 INFO toClientNotifyTaskSize = 0

2026-05-04 14:53:38,918 INFO [long-pulling] client count 0

2026-05-04 14:53:39,202 INFO groupCount = 0, subscriberClientCount = 0, subscriberCount = 0

2026-05-04 14:53:39,205 INFO toNotifyTaskSize = 0

2026-05-04 14:53:39,206 INFO toClientNotifyTaskSize = 0

2026-05-04 14:53:48,917 INFO [long-pulling] client count 0

2026-05-04 14:53:49,201 INFO groupCount = 0, subscriberClientCount = 0, subscriberCount = 0

2026-05-04 14:53:49,204 INFO toNotifyTaskSize = 0

2026-05-04 14:53:49,205 INFO toClientNotifyTaskSize = 0

2026-05-04 14:53:58,918 INFO [long-pulling] client count 0

2026-05-04 14:53:59,201 INFO groupCount = 0, subscriberClientCount = 0, subscriberCount = 0

2026-05-04 14:53:59,205 INFO toNotifyTaskSize = 0

2026-05-04 14:53:59,205 INFO toClientNotifyTaskSize = 0

2026-05-04 14:54:08,918 INFO [long-pulling] client count 0

2026-05-04 14:54:09,202 INFO groupCount = 0, subscriberClientCount = 0, subscriberCount = 0

2026-05-04 14:54:09,206 INFO toNotifyTaskSize = 0

2026-05-04 14:54:09,207 INFO toClientNotifyTaskSize = 0

2026-05-04 14:54:18,917 INFO [long-pulling] client count 0

2026-05-04 14:54:19,201 INFO groupCount = 0, subscriberClientCount = 0, subscriberCount = 0

2026-05-04 14:54:19,206 INFO toNotifyTaskSize = 0

2026-05-04 14:54:19,206 INFO toClientNotifyTaskSize = 0

2026-05-04 14:54:28,918 INFO [long-pulling] client count 0

2026-05-04 14:54:29,202 INFO groupCount = 0, subscriberClientCount = 0, subscriberCount = 0

2026-05-04 14:54:29,207 INFO toNotifyTaskSize = 0

2026-05-04 14:54:29,207 INFO toClientNotifyTaskSize = 0

2026-05-04 14:54:38,919 INFO [long-pulling] client count 0

2026-05-04 14:54:39,202 INFO groupCount = 0, subscriberClientCount = 0, subscriberCount = 0

2026-05-04 14:54:39,208 INFO toNotifyTaskSize = 0

2026-05-04 14:54:39,208 INFO toClientNotifyTaskSize = 0

2026-05-04 14:54:48,918 INFO [long-pulling] client count 0

2026-05-04 14:54:49,202 INFO groupCount = 0, subscriberClientCount = 0, subscriberCount = 0

2026-05-04 14:54:49,207 INFO toNotifyTaskSize = 0

2026-05-04 14:54:49,207 INFO toClientNotifyTaskSize = 0

2026-05-04 14:54:58,919 INFO [long-pulling] client count 0

2026-05-04 14:54:59,202 INFO groupCount = 0, subscriberClientCount = 0, subscriberCount = 0

2026-05-04 14:54:59,208 INFO toNotifyTaskSize = 0

2026-05-04 14:54:59,208 INFO toClientNotifyTaskSize = 0

2026-05-04 14:55:08,919 INFO [long-pulling] client count 0

2026-05-04 14:55:09,203 INFO groupCount = 0, subscriberClientCount = 0, subscriberCount = 0

2026-05-04 14:55:09,209 INFO toNotifyTaskSize = 0

2026-05-04 14:55:09,209 INFO toClientNotifyTaskSize = 0

2026-05-04 14:55:18,918 INFO [long-pulling] client count 0

2026-05-04 14:55:19,202 INFO groupCount = 0, subscriberClientCount = 0, subscriberCount = 0

2026-05-04 14:55:19,209 INFO toNotifyTaskSize = 0

2026-05-04 14:55:19,209 INFO toClientNotifyTaskSize = 0

2026-05-04 14:55:28,919 INFO [long-pulling] client count 0

2026-05-04 14:55:29,203 INFO groupCount = 0, subscriberClientCount = 0, subscriberCount = 0

2026-05-04 14:55:29,210 INFO toNotifyTaskSize = 0

2026-05-04 14:55:29,210 INFO toClientNotifyTaskSize = 0

2026-05-04 14:55:38,919 INFO [long-pulling] client count 0

2026-05-04 14:55:39,205 INFO groupCount = 0, subscriberClientCount = 0, subscriberCount = 0

2026-05-04 14:55:39,211 INFO toNotifyTaskSize = 0

2026-05-04 14:55:39,211 INFO toClientNotifyTaskSize = 0

2026-05-04 14:55:48,919 INFO [long-pulling] client count 0

2026-05-04 14:55:49,204 INFO groupCount = 0, subscriberClientCount = 0, subscriberCount = 0

2026-05-04 14:55:49,210 INFO toNotifyTaskSize = 0

2026-05-04 14:55:49,210 INFO toClientNotifyTaskSize = 0

2026-05-04 14:55:58,920 INFO [long-pulling] client count 0

2026-05-04 14:55:59,205 INFO groupCount = 0, subscriberClientCount = 0, subscriberCount = 0

2026-05-04 14:55:59,211 INFO toNotifyTaskSize = 0

2026-05-04 14:55:59,211 INFO toClientNotifyTaskSize = 0

2026-05-04 14:56:08,920 INFO [long-pulling] client count 0

2026-05-04 14:56:09,205 INFO groupCount = 0, subscriberClientCount = 0, subscriberCount = 0

2026-05-04 14:56:09,211 INFO toNotifyTaskSize = 0

2026-05-04 14:56:09,212 INFO toClientNotifyTaskSize = 0

2026-05-04 14:56:18,919 INFO [long-pulling] client count 0

2026-05-04 14:56:19,204 INFO groupCount = 0, subscriberClientCount = 0, subscriberCount = 0

2026-05-04 14:56:19,210 INFO toNotifyTaskSize = 0

2026-05-04 14:56:19,211 INFO toClientNotifyTaskSize = 0

2026-05-04 14:56:28,920 INFO [long-pulling] client count 0

2026-05-04 14:56:29,205 INFO groupCount = 0, subscriberClientCount = 0, subscriberCount = 0

2026-05-04 14:56:29,211 INFO toNotifyTaskSize = 0

2026-05-04 14:56:29,212 INFO toClientNotifyTaskSize = 0

2026-05-04 14:56:38,920 INFO [long-pulling] client count 0

2026-05-04 14:56:39,206 INFO groupCount = 0, subscriberClientCount = 0, subscriberCount = 0

2026-05-04 14:56:39,212 INFO toNotifyTaskSize = 0

2026-05-04 14:56:39,212 INFO toClientNotifyTaskSize = 0

2026-05-04 14:56:48,919 INFO [long-pulling] client count 0

2026-05-04 14:56:49,205 INFO groupCount = 0, subscriberClientCount = 0, subscriberCount = 0

2026-05-04 14:56:49,211 INFO toNotifyTaskSize = 0

2026-05-04 14:56:49,212 INFO toClientNotifyTaskSize = 0

2026-05-04 14:56:58,920 INFO [long-pulling] client count 0

2026-05-04 14:56:59,205 INFO groupCount = 0, subscriberClientCount = 0, subscriberCount = 0

2026-05-04 14:56:59,212 INFO toNotifyTaskSize = 0

2026-05-04 14:56:59,212 INFO toClientNotifyTaskSize = 0

2026-05-04 14:57:08,920 INFO [long-pulling] client count 0

2026-05-04 14:57:09,206 INFO groupCount = 0, subscriberClientCount = 0, subscriberCount = 0

2026-05-04 14:57:09,213 INFO toNotifyTaskSize = 0

2026-05-04 14:57:09,213 INFO toClientNotifyTaskSize = 0

2026-05-04 14:57:18,920 INFO [long-pulling] client count 0

2026-05-04 14:57:19,205 INFO groupCount = 0, subscriberClientCount = 0, subscriberCount = 0

2026-05-04 14:57:19,212 INFO toNotifyTaskSize = 0

2026-05-04 14:57:19,213 INFO toClientNotifyTaskSize = 0

2026-05-04 14:57:28,920 INFO [long-pulling] client count 0

2026-05-04 14:57:29,206 INFO groupCount = 0, subscriberClientCount = 0, subscriberCount = 0

2026-05-04 14:57:29,213 INFO toNotifyTaskSize = 0

2026-05-04 14:57:29,214 INFO toClientNotifyTaskSize = 0

2026-05-04 14:57:38,921 INFO [long-pulling] client count 0

2026-05-04 14:57:39,207 INFO groupCount = 0, subscriberClientCount = 0, subscriberCount = 0

2026-05-04 14:57:39,215 INFO toNotifyTaskSize = 0

2026-05-04 14:57:39,215 INFO toClientNotifyTaskSize = 0

2026-05-04 14:57:48,919 INFO [long-pulling] client count 0

2026-05-04 14:57:49,205 INFO groupCount = 0, subscriberClientCount = 0, subscriberCount = 0

2026-05-04 14:57:49,214 INFO toNotifyTaskSize = 0

2026-05-04 14:57:49,214 INFO toClientNotifyTaskSize = 0

2026-05-04 14:57:58,920 INFO [long-pulling] client count 0

2026-05-04 14:57:59,206 INFO groupCount = 0, subscriberClientCount = 0, subscriberCount = 0

2026-05-04 14:57:59,215 INFO toNotifyTaskSize = 0

2026-05-04 14:57:59,215 INFO toClientNotifyTaskSize = 0

2026-05-04 14:58:08,921 INFO [long-pulling] client count 0

2026-05-04 14:58:09,207 INFO groupCount = 0, subscriberClientCount = 0, subscriberCount = 0

2026-05-04 14:58:09,216 INFO toNotifyTaskSize = 0

2026-05-04 14:58:09,216 INFO toClientNotifyTaskSize = 0

2026-05-04 14:58:18,920 INFO [long-pulling] client count 0

2026-05-04 14:58:19,206 INFO groupCount = 0, subscriberClientCount = 0, subscriberCount = 0

2026-05-04 14:58:19,215 INFO toNotifyTaskSize = 0

2026-05-04 14:58:19,216 INFO toClientNotifyTaskSize = 0

2026-05-04 14:58:28,921 INFO [long-pulling] client count 0

2026-05-04 14:58:29,206 INFO groupCount = 0, subscriberClientCount = 0, subscriberCount = 0

2026-05-04 14:58:29,216 INFO toNotifyTaskSize = 0

2026-05-04 14:58:29,216 INFO toClientNotifyTaskSize = 0

2026-05-04 14:58:38,921 INFO [long-pulling] client count 0

2026-05-04 14:58:39,207 INFO groupCount = 0, subscriberClientCount = 0, subscriberCount = 0

2026-05-04 14:58:39,217 INFO toNotifyTaskSize = 0

2026-05-04 14:58:39,217 INFO toClientNotifyTaskSize = 0

2026-05-04 14:58:48,921 INFO [long-pulling] client count 0

2026-05-04 14:58:49,206 INFO groupCount = 0, subscriberClientCount = 0, subscriberCount = 0

2026-05-04 14:58:49,216 INFO toNotifyTaskSize = 0

2026-05-04 14:58:49,217 INFO toClientNotifyTaskSize = 0

2026-05-04 14:58:58,921 INFO [long-pulling] client count 0

2026-05-04 14:58:59,207 INFO groupCount = 0, subscriberClientCount = 0, subscriberCount = 0

2026-05-04 14:58:59,217 INFO toNotifyTaskSize = 0

2026-05-04 14:58:59,218 INFO toClientNotifyTaskSize = 0

2026-05-04 14:59:08,922 INFO [long-pulling] client count 0

2026-05-04 14:59:09,208 INFO groupCount = 0, subscriberClientCount = 0, subscriberCount = 0

2026-05-04 14:59:09,218 INFO toNotifyTaskSize = 0

2026-05-04 14:59:09,219 INFO toClientNotifyTaskSize = 0

2026-05-04 14:59:18,920 INFO [long-pulling] client count 0

2026-05-04 14:59:19,206 INFO groupCount = 0, subscriberClientCount = 0, subscriberCount = 0

2026-05-04 14:59:19,217 INFO toNotifyTaskSize = 0

2026-05-04 14:59:19,217 INFO toClientNotifyTaskSize = 0

2026-05-04 14:59:28,920 INFO [long-pulling] client count 0

2026-05-04 14:59:29,207 INFO groupCount = 0, subscriberClientCount = 0, subscriberCount = 0

2026-05-04 14:59:29,218 INFO toNotifyTaskSize = 0

2026-05-04 14:59:29,218 INFO toClientNotifyTaskSize = 0

2026-05-04 14:59:38,921 INFO [long-pulling] client count 0

2026-05-04 14:59:39,207 INFO groupCount = 0, subscriberClientCount = 0, subscriberCount = 0

2026-05-04 14:59:39,218 INFO toNotifyTaskSize = 0

2026-05-04 14:59:39,219 INFO toClientNotifyTaskSize = 0

2026-05-04 14:59:48,921 INFO [long-pulling] client count 0

2026-05-04 14:59:49,207 INFO groupCount = 0, subscriberClientCount = 0, subscriberCount = 0

2026-05-04 14:59:49,218 INFO toNotifyTaskSize = 0

2026-05-04 14:59:49,219 INFO toClientNotifyTaskSize = 0

2026-05-04 14:59:58,921 INFO [long-pulling] client count 0

2026-05-04 14:59:59,208 INFO groupCount = 0, subscriberClientCount = 0, subscriberCount = 0

2026-05-04 14:59:59,219 INFO toNotifyTaskSize = 0

2026-05-04 14:59:59,219 INFO toClientNotifyTaskSize = 0

2026-05-04 15:00:08,922 INFO [long-pulling] client count 0

2026-05-04 15:00:09,208 INFO groupCount = 0, subscriberClientCount = 0, subscriberCount = 0

2026-05-04 15:00:09,220 INFO toNotifyTaskSize = 0

2026-05-04 15:00:09,220 INFO toClientNotifyTaskSize = 0

2026-05-04 15:00:18,920 INFO [long-pulling] client count 0

2026-05-04 15:00:19,207 INFO groupCount = 0, subscriberClientCount = 0, subscriberCount = 0

2026-05-04 15:00:19,219 INFO toNotifyTaskSize = 0

2026-05-04 15:00:19,220 INFO toClientNotifyTaskSize = 0

2026-05-04 15:00:28,921 INFO [long-pulling] client count 0

2026-05-04 15:00:29,207 INFO groupCount = 0, subscriberClientCount = 0, subscriberCount = 0

2026-05-04 15:00:29,220 INFO toNotifyTaskSize = 0

2026-05-04 15:00:29,221 INFO toClientNotifyTaskSize = 0

2026-05-04 15:00:38,922 INFO [long-pulling] client count 0

2026-05-04 15:00:39,208 INFO groupCount = 0, subscriberClientCount = 0, subscriberCount = 0

2026-05-04 15:00:39,221 INFO toNotifyTaskSize = 0

2026-05-04 15:00:39,222 INFO toClientNotifyTaskSize = 0

2026-05-04 15:00:48,921 INFO [long-pulling] client count 0

2026-05-04 15:00:49,207 INFO groupCount = 0, subscriberClientCount = 0, subscriberCount = 0

2026-05-04 15:00:49,221 INFO toNotifyTaskSize = 0

2026-05-04 15:00:49,221 INFO toClientNotifyTaskSize = 0

2026-05-04 15:00:58,922 INFO [long-pulling] client count 0

2026-05-04 15:00:59,208 INFO groupCount = 0, subscriberClientCount = 0, subscriberCount = 0

2026-05-04 15:00:59,222 INFO toNotifyTaskSize = 0

2026-05-04 15:00:59,222 INFO toClientNotifyTaskSize = 0

2026-05-04 15:01:08,922 INFO [long-pulling] client count 0

2026-05-04 15:01:09,209 INFO groupCount = 0, subscriberClientCount = 0, subscriberCount = 0

2026-05-04 15:01:09,223 INFO toNotifyTaskSize = 0

2026-05-04 15:01:09,223 INFO toClientNotifyTaskSize = 0

2026-05-04 15:01:18,921 INFO [long-pulling] client count 0

2026-05-04 15:01:19,208 INFO groupCount = 0, subscriberClientCount = 0, subscriberCount = 0

2026-05-04 15:01:19,222 INFO toNotifyTaskSize = 0

2026-05-04 15:01:19,223 INFO toClientNotifyTaskSize = 0

2026-05-04 15:01:28,922 INFO [long-pulling] client count 0

2026-05-04 15:01:29,208 INFO groupCount = 0, subscriberClientCount = 0, subscriberCount = 0

2026-05-04 15:01:29,223 INFO toNotifyTaskSize = 0

2026-05-04 15:01:29,224 INFO toClientNotifyTaskSize = 0

2026-05-04 15:01:38,923 INFO [long-pulling] client count 0

2026-05-04 15:01:39,209 INFO groupCount = 0, subscriberClientCount = 0, subscriberCount = 0

2026-05-04 15:01:39,224 INFO toNotifyTaskSize = 0

2026-05-04 15:01:39,224 INFO toClientNotifyTaskSize = 0

2026-05-04 15:01:48,922 INFO [long-pulling] client count 0

2026-05-04 15:01:49,208 INFO groupCount = 0, subscriberClientCount = 0, subscriberCount = 0

2026-05-04 15:01:49,223 INFO toNotifyTaskSize = 0

2026-05-04 15:01:49,224 INFO toClientNotifyTaskSize = 0

2026-05-04 15:01:58,922 INFO [long-pulling] client count 0

2026-05-04 15:01:59,209 INFO groupCount = 0, subscriberClientCount = 0, subscriberCount = 0

2026-05-04 15:01:59,224 INFO toNotifyTaskSize = 0

2026-05-04 15:01:59,225 INFO toClientNotifyTaskSize = 0

2026-05-04 15:02:08,923 INFO [long-pulling] client count 0

2026-05-04 15:02:09,209 INFO groupCount = 0, subscriberClientCount = 0, subscriberCount = 0

2026-05-04 15:02:09,225 INFO toNotifyTaskSize = 0

2026-05-04 15:02:09,226 INFO toClientNotifyTaskSize = 0

2026-05-04 15:02:18,922 INFO [long-pulling] client count 0

2026-05-04 15:02:19,208 INFO groupCount = 0, subscriberClientCount = 0, subscriberCount = 0

2026-05-04 15:02:19,224 INFO toNotifyTaskSize = 0

2026-05-04 15:02:19,225 INFO toClientNotifyTaskSize = 0

2026-05-04 15:02:28,922 INFO [long-pulling] client count 0

2026-05-04 15:02:29,209 INFO groupCount = 0, subscriberClientCount = 0, subscriberCount = 0

2026-05-04 15:02:29,225 INFO toNotifyTaskSize = 0

2026-05-04 15:02:29,226 INFO toClientNotifyTaskSize = 0

2026-05-04 15:02:38,923 INFO [long-pulling] client count 0

2026-05-04 15:02:39,209 INFO groupCount = 0, subscriberClientCount = 0, subscriberCount = 0

2026-05-04 15:02:39,227 INFO toNotifyTaskSize = 0

2026-05-04 15:02:39,227 INFO toClientNotifyTaskSize = 0

2026-05-04 15:02:48,922 INFO [long-pulling] client count 0

2026-05-04 15:02:49,209 INFO groupCount = 0, subscriberClientCount = 0, subscriberCount = 0

2026-05-04 15:02:49,226 INFO toNotifyTaskSize = 0

2026-05-04 15:02:49,227 INFO toClientNotifyTaskSize = 0

2026-05-04 15:02:58,923 INFO [long-pulling] client count 0

2026-05-04 15:02:59,209 INFO groupCount = 0, subscriberClientCount = 0, subscriberCount = 0

2026-05-04 15:02:59,227 INFO toNotifyTaskSize = 0

2026-05-04 15:02:59,228 INFO toClientNotifyTaskSize = 0

2026-05-04 15:03:08,924 INFO [long-pulling] client count 0

2026-05-04 15:03:09,210 INFO groupCount = 0, subscriberClientCount = 0, subscriberCount = 0

2026-05-04 15:03:09,228 INFO toNotifyTaskSize = 0

2026-05-04 15:03:09,229 INFO toClientNotifyTaskSize = 0

2026-05-04 15:03:18,923 INFO [long-pulling] client count 0

2026-05-04 15:03:19,209 INFO groupCount = 0, subscriberClientCount = 0, subscriberCount = 0

2026-05-04 15:03:19,228 INFO toNotifyTaskSize = 0

2026-05-04 15:03:19,228 INFO toClientNotifyTaskSize = 0

2026-05-04 15:03:28,924 INFO [long-pulling] client count 0

2026-05-04 15:03:29,210 INFO groupCount = 0, subscriberClientCount = 0, subscriberCount = 0

2026-05-04 15:03:29,229 INFO toNotifyTaskSize = 0

2026-05-04 15:03:29,229 INFO toClientNotifyTaskSize = 0

2026-05-04 15:03:38,924 INFO [long-pulling] client count 0

2026-05-04 15:03:39,211 INFO groupCount = 0, subscriberClientCount = 0, subscriberCount = 0

2026-05-04 15:03:39,230 INFO toNotifyTaskSize = 0

2026-05-04 15:03:39,230 INFO toClientNotifyTaskSize = 0

2026-05-04 15:03:48,923 INFO [long-pulling] client count 0

2026-05-04 15:03:49,210 INFO groupCount = 0, subscriberClientCount = 0, subscriberCount = 0

2026-05-04 15:03:49,229 INFO toNotifyTaskSize = 0

2026-05-04 15:03:49,229 INFO toClientNotifyTaskSize = 0

2026-05-04 15:03:58,924 INFO [long-pulling] client count 0

2026-05-04 15:03:59,210 INFO groupCount = 0, subscriberClientCount = 0, subscriberCount = 0

2026-05-04 15:03:59,230 INFO toNotifyTaskSize = 0

2026-05-04 15:03:59,230 INFO toClientNotifyTaskSize = 0

2026-05-04 15:04:08,924 INFO [long-pulling] client count 0

2026-05-04 15:04:09,211 INFO groupCount = 0, subscriberClientCount = 0, subscriberCount = 0

2026-05-04 15:04:09,231 INFO toNotifyTaskSize = 0

2026-05-04 15:04:09,231 INFO toClientNotifyTaskSize = 0

2026-05-04 15:04:18,923 INFO [long-pulling] client count 0

2026-05-04 15:04:19,210 INFO groupCount = 0, subscriberClientCount = 0, subscriberCount = 0

2026-05-04 15:04:19,230 INFO toNotifyTaskSize = 0

2026-05-04 15:04:19,230 INFO toClientNotifyTaskSize = 0

2026-05-04 15:04:28,924 INFO [long-pulling] client count 0

2026-05-04 15:04:29,211 INFO groupCount = 0, subscriberClientCount = 0, subscriberCount = 0

2026-05-04 15:04:29,230 INFO toNotifyTaskSize = 0

2026-05-04 15:04:29,231 INFO toClientNotifyTaskSize = 0

2026-05-04 15:04:38,924 INFO [long-pulling] client count 0

2026-05-04 15:04:39,211 INFO groupCount = 0, subscriberClientCount = 0, subscriberCount = 0

2026-05-04 15:04:39,231 INFO toNotifyTaskSize = 0

2026-05-04 15:04:39,232 INFO toClientNotifyTaskSize = 0

2026-05-04 15:04:48,923 INFO [long-pulling] client count 0

2026-05-04 15:04:49,211 INFO groupCount = 0, subscriberClientCount = 0, subscriberCount = 0

2026-05-04 15:04:49,231 INFO toNotifyTaskSize = 0

2026-05-04 15:04:49,231 INFO toClientNotifyTaskSize = 0

2026-05-04 15:04:58,924 INFO [long-pulling] client count 0

2026-05-04 15:04:59,211 INFO groupCount = 0, subscriberClientCount = 0, subscriberCount = 0

2026-05-04 15:04:59,232 INFO toNotifyTaskSize = 0

2026-05-04 15:04:59,232 INFO toClientNotifyTaskSize = 0

2026-05-04 15:05:08,925 INFO [long-pulling] client count 0

2026-05-04 15:05:09,212 INFO groupCount = 0, subscriberClientCount = 0, subscriberCount = 0

2026-05-04 15:05:09,233 INFO toNotifyTaskSize = 0

2026-05-04 15:05:09,233 INFO toClientNotifyTaskSize = 0

2026-05-04 15:05:18,924 INFO [long-pulling] client count 0

2026-05-04 15:05:19,211 INFO groupCount = 0, subscriberClientCount = 0, subscriberCount = 0

2026-05-04 15:05:19,232 INFO toNotifyTaskSize = 0

2026-05-04 15:05:19,233 INFO toClientNotifyTaskSize = 0

2026-05-04 15:05:28,924 INFO [long-pulling] client count 0

2026-05-04 15:05:29,211 INFO groupCount = 0, subscriberClientCount = 0, subscriberCount = 0

2026-05-04 15:05:29,233 INFO toNotifyTaskSize = 0

2026-05-04 15:05:29,233 INFO toClientNotifyTaskSize = 0

2026-05-04 15:05:38,925 INFO [long-pulling] client count 0

2026-05-04 15:05:39,212 INFO groupCount = 0, subscriberClientCount = 0, subscriberCount = 0

2026-05-04 15:05:39,234 INFO toNotifyTaskSize = 0

2026-05-04 15:05:39,234 INFO toClientNotifyTaskSize = 0

2026-05-04 15:05:48,923 INFO [long-pulling] client count 0

2026-05-04 15:05:49,211 INFO groupCount = 0, subscriberClientCount = 0, subscriberCount = 0

2026-05-04 15:05:49,233 INFO toNotifyTaskSize = 0

2026-05-04 15:05:49,233 INFO toClientNotifyTaskSize = 0

2026-05-04 15:05:58,924 INFO [long-pulling] client count 0

2026-05-04 15:05:59,212 INFO groupCount = 0, subscriberClientCount = 0, subscriberCount = 0

2026-05-04 15:05:59,234 INFO toNotifyTaskSize = 0

2026-05-04 15:05:59,234 INFO toClientNotifyTaskSize = 0

2026-05-04 15:06:08,925 INFO [long-pulling] client count 0

2026-05-04 15:06:09,212 INFO groupCount = 0, subscriberClientCount = 0, subscriberCount = 0

2026-05-04 15:06:09,234 INFO toNotifyTaskSize = 0

2026-05-04 15:06:09,235 INFO toClientNotifyTaskSize = 0

2026-05-04 15:06:18,923 INFO [long-pulling] client count 0

2026-05-04 15:06:19,211 INFO groupCount = 0, subscriberClientCount = 0, subscriberCount = 0

2026-05-04 15:06:19,234 INFO toNotifyTaskSize = 0

2026-05-04 15:06:19,234 INFO toClientNotifyTaskSize = 0

2026-05-04 15:06:28,924 INFO [long-pulling] client count 0

2026-05-04 15:06:29,213 INFO groupCount = 0, subscriberClientCount = 0, subscriberCount = 0

2026-05-04 15:06:29,234 INFO toNotifyTaskSize = 0

2026-05-04 15:06:29,235 INFO toClientNotifyTaskSize = 0

2026-05-04 15:06:38,924 INFO [long-pulling] client count 0

2026-05-04 15:06:39,214 INFO groupCount = 0, subscriberClientCount = 0, subscriberCount = 0

2026-05-04 15:06:39,236 INFO toNotifyTaskSize = 0

2026-05-04 15:06:39,236 INFO toClientNotifyTaskSize = 0

2026-05-04 15:06:48,924 INFO [long-pulling] client count 0

2026-05-04 15:06:49,213 INFO groupCount = 0, subscriberClientCount = 0, subscriberCount = 0

2026-05-04 15:06:49,236 INFO toNotifyTaskSize = 0

2026-05-04 15:06:49,236 INFO toClientNotifyTaskSize = 0

2026-05-04 15:06:58,925 INFO [long-pulling] client count 0

2026-05-04 15:06:59,214 INFO groupCount = 0, subscriberClientCount = 0, subscriberCount = 0

2026-05-04 15:06:59,236 INFO toNotifyTaskSize = 0

2026-05-04 15:06:59,237 INFO toClientNotifyTaskSize = 0

2026-05-04 15:07:08,926 INFO [long-pulling] client count 0

2026-05-04 15:07:09,215 INFO groupCount = 0, subscriberClientCount = 0, subscriberCount = 0

2026-05-04 15:07:09,237 INFO toNotifyTaskSize = 0

2026-05-04 15:07:09,238 INFO toClientNotifyTaskSize = 0

2026-05-04 15:07:18,926 INFO [long-pulling] client count 0

2026-05-04 15:07:19,214 INFO groupCount = 0, subscriberClientCount = 0, subscriberCount = 0

2026-05-04 15:07:19,237 INFO toNotifyTaskSize = 0

2026-05-04 15:07:19,237 INFO toClientNotifyTaskSize = 0

2026-05-04 15:07:28,926 INFO [long-pulling] client count 0

2026-05-04 15:07:29,215 INFO groupCount = 0, subscriberClientCount = 0, subscriberCount = 0

2026-05-04 15:07:29,238 INFO toNotifyTaskSize = 0

2026-05-04 15:07:29,238 INFO toClientNotifyTaskSize = 0

2026-05-04 15:07:38,927 INFO [long-pulling] client count 0

2026-05-04 15:07:39,216 INFO groupCount = 0, subscriberClientCount = 0, subscriberCount = 0

2026-05-04 15:07:39,239 INFO toNotifyTaskSize = 0

2026-05-04 15:07:39,239 INFO toClientNotifyTaskSize = 0

2026-05-04 15:07:48,926 INFO [long-pulling] client count 0

2026-05-04 15:07:49,215 INFO groupCount = 0, subscriberClientCount = 0, subscriberCount = 0

2026-05-04 15:07:49,238 INFO toNotifyTaskSize = 0

2026-05-04 15:07:49,238 INFO toClientNotifyTaskSize = 0

2026-05-04 15:07:58,927 INFO [long-pulling] client count 0

2026-05-04 15:07:59,215 INFO groupCount = 0, subscriberClientCount = 0, subscriberCount = 0

2026-05-04 15:07:59,239 INFO toNotifyTaskSize = 0

2026-05-04 15:07:59,239 INFO toClientNotifyTaskSize = 0

2026-05-04 15:08:08,927 INFO [long-pulling] client count 0

2026-05-04 15:08:09,216 INFO groupCount = 0, subscriberClientCount = 0, subscriberCount = 0

2026-05-04 15:08:09,240 INFO toNotifyTaskSize = 0

2026-05-04 15:08:09,240 INFO toClientNotifyTaskSize = 0

2026-05-04 15:08:18,927 INFO [long-pulling] client count 0

2026-05-04 15:08:19,215 INFO groupCount = 0, subscriberClientCount = 0, subscriberCount = 0

2026-05-04 15:08:19,239 INFO toNotifyTaskSize = 0

2026-05-04 15:08:19,239 INFO toClientNotifyTaskSize = 0

2026-05-04 15:08:28,927 INFO [long-pulling] client count 0

2026-05-04 15:08:29,216 INFO groupCount = 0, subscriberClientCount = 0, subscriberCount = 0

2026-05-04 15:08:29,240 INFO toNotifyTaskSize = 0

2026-05-04 15:08:29,240 INFO toClientNotifyTaskSize = 0

2026-05-04 15:08:38,928 INFO [long-pulling] client count 0

2026-05-04 15:08:39,217 INFO groupCount = 0, subscriberClientCount = 0, subscriberCount = 0

2026-05-04 15:08:39,240 INFO toNotifyTaskSize = 0

2026-05-04 15:08:39,241 INFO toClientNotifyTaskSize = 0

2026-05-04 15:08:48,926 INFO [long-pulling] client count 0

2026-05-04 15:08:49,215 INFO groupCount = 0, subscriberClientCount = 0, subscriberCount = 0

2026-05-04 15:08:49,239 INFO toNotifyTaskSize = 0

2026-05-04 15:08:49,240 INFO toClientNotifyTaskSize = 0

2026-05-04 15:08:58,927 INFO [long-pulling] client count 0

2026-05-04 15:08:59,216 INFO groupCount = 0, subscriberClientCount = 0, subscriberCount = 0

2026-05-04 15:08:59,241 INFO toNotifyTaskSize = 0

2026-05-04 15:08:59,241 INFO toClientNotifyTaskSize = 0

2026-05-04 15:09:08,928 INFO [long-pulling] client count 0

2026-05-04 15:09:09,217 INFO groupCount = 0, subscriberClientCount = 0, subscriberCount = 0

2026-05-04 15:09:09,241 INFO toNotifyTaskSize = 0

2026-05-04 15:09:09,242 INFO toClientNotifyTaskSize = 0

2026-05-04 15:09:18,927 INFO [long-pulling] client count 0

2026-05-04 15:09:19,216 INFO groupCount = 0, subscriberClientCount = 0, subscriberCount = 0

2026-05-04 15:09:19,241 INFO toNotifyTaskSize = 0

2026-05-04 15:09:19,242 INFO toClientNotifyTaskSize = 0

2026-05-04 15:09:28,927 INFO [long-pulling] client count 0

2026-05-04 15:09:29,217 INFO groupCount = 0, subscriberClientCount = 0, subscriberCount = 0

2026-05-04 15:09:29,242 INFO toNotifyTaskSize = 0

2026-05-04 15:09:29,243 INFO toClientNotifyTaskSize = 0

2026-05-04 15:09:38,928 INFO [long-pulling] client count 0

2026-05-04 15:09:39,217 INFO groupCount = 0, subscriberClientCount = 0, subscriberCount = 0

2026-05-04 15:09:39,243 INFO toNotifyTaskSize = 0

2026-05-04 15:09:39,243 INFO toClientNotifyTaskSize = 0

2026-05-04 15:09:48,927 INFO [long-pulling] client count 0

2026-05-04 15:09:49,216 INFO groupCount = 0, subscriberClientCount = 0, subscriberCount = 0

2026-05-04 15:09:49,242 INFO toNotifyTaskSize = 0

2026-05-04 15:09:49,242 INFO toClientNotifyTaskSize = 0

2026-05-04 15:09:58,927 INFO [long-pulling] client count 0

2026-05-04 15:09:59,216 INFO groupCount = 0, subscriberClientCount = 0, subscriberCount = 0

2026-05-04 15:09:59,243 INFO toNotifyTaskSize = 0

2026-05-04 15:09:59,243 INFO toClientNotifyTaskSize = 0

2026-05-04 15:10:08,928 INFO [long-pulling] client count 0

2026-05-04 15:10:09,217 INFO groupCount = 0, subscriberClientCount = 0, subscriberCount = 0

2026-05-04 15:10:09,244 INFO toNotifyTaskSize = 0

2026-05-04 15:10:09,244 INFO toClientNotifyTaskSize = 0

2026-05-04 15:10:18,927 INFO [long-pulling] client count 0

2026-05-04 15:10:19,217 INFO groupCount = 0, subscriberClientCount = 0, subscriberCount = 0

2026-05-04 15:10:19,243 INFO toNotifyTaskSize = 0

2026-05-04 15:10:19,244 INFO toClientNotifyTaskSize = 0

2026-05-04 15:10:28,928 INFO [long-pulling] client count 0

2026-05-04 15:10:29,217 INFO groupCount = 0, subscriberClientCount = 0, subscriberCount = 0

2026-05-04 15:10:29,244 INFO toNotifyTaskSize = 0

2026-05-04 15:10:29,245 INFO toClientNotifyTaskSize = 0

2026-05-04 15:10:38,928 INFO [long-pulling] client count 0

2026-05-04 15:10:39,218 INFO groupCount = 0, subscriberClientCount = 0, subscriberCount = 0

2026-05-04 15:10:39,245 INFO toNotifyTaskSize = 0

2026-05-04 15:10:39,246 INFO toClientNotifyTaskSize = 0

2026-05-04 15:10:48,926 INFO [long-pulling] client count 0

2026-05-04 15:10:49,216 INFO groupCount = 0, subscriberClientCount = 0, subscriberCount = 0

2026-05-04 15:10:49,244 INFO toNotifyTaskSize = 0

2026-05-04 15:10:49,244 INFO toClientNotifyTaskSize = 0

2026-05-04 15:10:58,927 INFO [long-pulling] client count 0

2026-05-04 15:10:59,217 INFO groupCount = 0, subscriberClientCount = 0, subscriberCount = 0

2026-05-04 15:10:59,245 INFO toNotifyTaskSize = 0

2026-05-04 15:10:59,245 INFO toClientNotifyTaskSize = 0

2026-05-04 15:11:08,927 INFO [long-pulling] client count 0

2026-05-04 15:11:09,217 INFO groupCount = 0, subscriberClientCount = 0, subscriberCount = 0

2026-05-04 15:11:09,245 INFO toNotifyTaskSize = 0

2026-05-04 15:11:09,246 INFO toClientNotifyTaskSize = 0

2026-05-04 15:11:18,927 INFO [long-pulling] client count 0

2026-05-04 15:11:19,217 INFO groupCount = 0, subscriberClientCount = 0, subscriberCount = 0

2026-05-04 15:11:19,246 INFO toNotifyTaskSize = 0

2026-05-04 15:11:19,246 INFO toClientNotifyTaskSize = 0

2026-05-04 15:11:28,927 INFO [long-pulling] client count 0

2026-05-04 15:11:29,218 INFO groupCount = 0, subscriberClientCount = 0, subscriberCount = 0

2026-05-04 15:11:29,246 INFO toNotifyTaskSize = 0

2026-05-04 15:11:29,247 INFO toClientNotifyTaskSize = 0

2026-05-04 15:11:38,928 INFO [long-pulling] client count 0

2026-05-04 15:11:39,218 INFO groupCount = 0, subscriberClientCount = 0, subscriberCount = 0

2026-05-04 15:11:39,248 INFO toNotifyTaskSize = 0

2026-05-04 15:11:39,248 INFO toClientNotifyTaskSize = 0

2026-05-04 15:11:48,927 INFO [long-pulling] client count 0

2026-05-04 15:11:49,218 INFO groupCount = 0, subscriberClientCount = 0, subscriberCount = 0

2026-05-04 15:11:49,247 INFO toNotifyTaskSize = 0

2026-05-04 15:11:49,248 INFO toClientNotifyTaskSize = 0

2026-05-04 15:11:58,928 INFO [long-pulling] client count 0

2026-05-04 15:11:59,218 INFO groupCount = 0, subscriberClientCount = 0, subscriberCount = 0

2026-05-04 15:11:59,248 INFO toNotifyTaskSize = 0

2026-05-04 15:11:59,249 INFO toClientNotifyTaskSize = 0

2026-05-04 15:12:08,928 INFO [long-pulling] client count 0

2026-05-04 15:12:09,219 INFO groupCount = 0, subscriberClientCount = 0, subscriberCount = 0

2026-05-04 15:12:09,249 INFO toNotifyTaskSize = 0

2026-05-04 15:12:09,249 INFO toClientNotifyTaskSize = 0

2026-05-04 15:12:18,927 INFO [long-pulling] client count 0

2026-05-04 15:12:19,217 INFO groupCount = 0, subscriberClientCount = 0, subscriberCount = 0

2026-05-04 15:12:19,248 INFO toNotifyTaskSize = 0

2026-05-04 15:12:19,248 INFO toClientNotifyTaskSize = 0

2026-05-04 15:12:28,928 INFO [long-pulling] client count 0

2026-05-04 15:12:29,218 INFO groupCount = 0, subscriberClientCount = 0, subscriberCount = 0

2026-05-04 15:12:29,249 INFO toNotifyTaskSize = 0

2026-05-04 15:12:29,249 INFO toClientNotifyTaskSize = 0

2026-05-04 15:12:38,928 INFO [long-pulling] client count 0

2026-05-04 15:12:39,219 INFO groupCount = 0, subscriberClientCount = 0, subscriberCount = 0

2026-05-04 15:12:39,250 INFO toNotifyTaskSize = 0

2026-05-04 15:12:39,250 INFO toClientNotifyTaskSize = 0

2026-05-04 15:12:48,928 INFO [long-pulling] client count 0

2026-05-04 15:12:49,218 INFO groupCount = 0, subscriberClientCount = 0, subscriberCount = 0

2026-05-04 15:12:49,249 INFO toNotifyTaskSize = 0

2026-05-04 15:12:49,250 INFO toClientNotifyTaskSize = 0

2026-05-04 15:12:58,928 INFO [long-pulling] client count 0

2026-05-04 15:12:59,219 INFO groupCount = 0, subscriberClientCount = 0, subscriberCount = 0

2026-05-04 15:12:59,250 INFO toNotifyTaskSize = 0

2026-05-04 15:12:59,251 INFO toClientNotifyTaskSize = 0

2026-05-04 15:13:08,929 INFO [long-pulling] client count 0

2026-05-04 15:13:09,220 INFO groupCount = 0, subscriberClientCount = 0, subscriberCount = 0

2026-05-04 15:13:09,251 INFO toNotifyTaskSize = 0

2026-05-04 15:13:09,252 INFO toClientNotifyTaskSize = 0

2026-05-04 15:13:18,928 INFO [long-pulling] client count 0

2026-05-04 15:13:19,219 INFO groupCount = 0, subscriberClientCount = 0, subscriberCount = 0

2026-05-04 15:13:19,251 INFO toNotifyTaskSize = 0

2026-05-04 15:13:19,251 INFO toClientNotifyTaskSize = 0

2026-05-04 15:13:28,929 INFO [long-pulling] client count 0

2026-05-04 15:13:29,219 INFO groupCount = 0, subscriberClientCount = 0, subscriberCount = 0

2026-05-04 15:13:29,252 INFO toNotifyTaskSize = 0

2026-05-04 15:13:29,252 INFO toClientNotifyTaskSize = 0

2026-05-04 15:13:38,929 INFO [long-pulling] client count 0

2026-05-04 15:13:39,220 INFO groupCount = 0, subscriberClientCount = 0, subscriberCount = 0

2026-05-04 15:13:39,252 INFO toNotifyTaskSize = 0

2026-05-04 15:13:39,253 INFO toClientNotifyTaskSize = 0

2026-05-04 15:13:48,928 INFO [long-pulling] client count 0

2026-05-04 15:13:49,219 INFO groupCount = 0, subscriberClientCount = 0, subscriberCount = 0

2026-05-04 15:13:49,252 INFO toNotifyTaskSize = 0

2026-05-04 15:13:49,252 INFO toClientNotifyTaskSize = 0

2026-05-04 15:13:58,929 INFO [long-pulling] client count 0

2026-05-04 15:13:59,220 INFO groupCount = 0, subscriberClientCount = 0, subscriberCount = 0

2026-05-04 15:13:59,253 INFO toNotifyTaskSize = 0

2026-05-04 15:13:59,254 INFO toClientNotifyTaskSize = 0

2026-05-04 15:14:08,929 INFO [long-pulling] client count 0

2026-05-04 15:14:09,220 INFO groupCount = 0, subscriberClientCount = 0, subscriberCount = 0

2026-05-04 15:14:09,254 INFO toNotifyTaskSize = 0

2026-05-04 15:14:09,254 INFO toClientNotifyTaskSize = 0

2026-05-04 15:14:18,929 INFO [long-pulling] client count 0

2026-05-04 15:14:19,219 INFO groupCount = 0, subscriberClientCount = 0, subscriberCount = 0

2026-05-04 15:14:19,253 INFO toNotifyTaskSize = 0

2026-05-04 15:14:19,254 INFO toClientNotifyTaskSize = 0

2026-05-04 15:14:28,929 INFO [long-pulling] client count 0

2026-05-04 15:14:29,220 INFO groupCount = 0, subscriberClientCount = 0, subscriberCount = 0

2026-05-04 15:14:29,254 INFO toNotifyTaskSize = 0

2026-05-04 15:14:29,255 INFO toClientNotifyTaskSize = 0

2026-05-04 15:14:38,930 INFO [long-pulling] client count 0

2026-05-04 15:14:39,221 INFO groupCount = 0, subscriberClientCount = 0, subscriberCount = 0

2026-05-04 15:14:39,255 INFO toNotifyTaskSize = 0

2026-05-04 15:14:39,256 INFO toClientNotifyTaskSize = 0

2026-05-04 15:14:48,929 INFO [long-pulling] client count 0

2026-05-04 15:14:49,220 INFO groupCount = 0, subscriberClientCount = 0, subscriberCount = 0

2026-05-04 15:14:49,255 INFO toNotifyTaskSize = 0

2026-05-04 15:14:49,255 INFO toClientNotifyTaskSize = 0

2026-05-04 15:14:58,930 INFO [long-pulling] client count 0

2026-05-04 15:14:59,221 INFO groupCount = 0, subscriberClientCount = 0, subscriberCount = 0

2026-05-04 15:14:59,256 INFO toNotifyTaskSize = 0

2026-05-04 15:14:59,256 INFO toClientNotifyTaskSize = 0

2026-05-04 15:15:08,930 INFO [long-pulling] client count 0

2026-05-04 15:15:09,222 INFO groupCount = 0, subscriberClientCount = 0, subscriberCount = 0

2026-05-04 15:15:09,257 INFO toNotifyTaskSize = 0

2026-05-04 15:15:09,258 INFO toClientNotifyTaskSize = 0

2026-05-04 15:15:18,929 INFO [long-pulling] client count 0

2026-05-04 15:15:19,220 INFO groupCount = 0, subscriberClientCount = 0, subscriberCount = 0

2026-05-04 15:15:19,256 INFO toNotifyTaskSize = 0

2026-05-04 15:15:19,257 INFO toClientNotifyTaskSize = 0

2026-05-04 15:15:28,930 INFO [long-pulling] client count 0

2026-05-04 15:15:29,221 INFO groupCount = 0, subscriberClientCount = 0, subscriberCount = 0

2026-05-04 15:15:29,258 INFO toNotifyTaskSize = 0

2026-05-04 15:15:29,258 INFO toClientNotifyTaskSize = 0

2026-05-04 15:15:38,930 INFO [long-pulling] client count 0

2026-05-04 15:15:39,222 INFO groupCount = 0, subscriberClientCount = 0, subscriberCount = 0

2026-05-04 15:15:39,258 INFO toNotifyTaskSize = 0

2026-05-04 15:15:39,259 INFO toClientNotifyTaskSize = 0

2026-05-04 15:15:48,930 INFO [long-pulling] client count 0

2026-05-04 15:15:49,221 INFO groupCount = 0, subscriberClientCount = 0, subscriberCount = 0

2026-05-04 15:15:49,258 INFO toNotifyTaskSize = 0

2026-05-04 15:15:49,259 INFO toClientNotifyTaskSize = 0

2026-05-04 15:15:58,930 INFO [long-pulling] client count 0

2026-05-04 15:15:59,222 INFO groupCount = 0, subscriberClientCount = 0, subscriberCount = 0

2026-05-04 15:15:59,260 INFO toNotifyTaskSize = 0

2026-05-04 15:15:59,260 INFO toClientNotifyTaskSize = 0

2026-05-04 15:16:08,931 INFO [long-pulling] client count 0

2026-05-04 15:16:09,223 INFO groupCount = 0, subscriberClientCount = 0, subscriberCount = 0

2026-05-04 15:16:09,261 INFO toNotifyTaskSize = 0

2026-05-04 15:16:09,261 INFO toClientNotifyTaskSize = 0

2026-05-04 15:16:18,931 INFO [long-pulling] client count 0

2026-05-04 15:16:19,222 INFO groupCount = 0, subscriberClientCount = 0, subscriberCount = 0

2026-05-04 15:16:19,260 INFO toNotifyTaskSize = 0

2026-05-04 15:16:19,261 INFO toClientNotifyTaskSize = 0

2026-05-04 15:16:28,931 INFO [long-pulling] client count 0

2026-05-04 15:16:29,223 INFO groupCount = 0, subscriberClientCount = 0, subscriberCount = 0

2026-05-04 15:16:29,261 INFO toNotifyTaskSize = 0

2026-05-04 15:16:29,261 INFO toClientNotifyTaskSize = 0

2026-05-04 15:16:38,932 INFO [long-pulling] client count 0

2026-05-04 15:16:39,223 INFO groupCount = 0, subscriberClientCount = 0, subscriberCount = 0

2026-05-04 15:16:39,262 INFO toNotifyTaskSize = 0

2026-05-04 15:16:39,263 INFO toClientNotifyTaskSize = 0

2026-05-04 15:16:48,931 INFO [long-pulling] client count 0

2026-05-04 15:16:49,222 INFO groupCount = 0, subscriberClientCount = 0, subscriberCount = 0

2026-05-04 15:16:49,261 INFO toNotifyTaskSize = 0

2026-05-04 15:16:49,262 INFO toClientNotifyTaskSize = 0

2026-05-04 15:16:58,931 INFO [long-pulling] client count 0

2026-05-04 15:16:59,223 INFO groupCount = 0, subscriberClientCount = 0, subscriberCount = 0

2026-05-04 15:16:59,262 INFO toNotifyTaskSize = 0

2026-05-04 15:16:59,263 INFO toClientNotifyTaskSize = 0

2026-05-04 15:17:08,932 INFO [long-pulling] client count 0

2026-05-04 15:17:09,224 INFO groupCount = 0, subscriberClientCount = 0, subscriberCount = 0

2026-05-04 15:17:09,263 INFO toNotifyTaskSize = 0

2026-05-04 15:17:09,264 INFO toClientNotifyTaskSize = 0

2026-05-04 15:17:18,930 INFO [long-pulling] client count 0

2026-05-04 15:17:19,222 INFO groupCount = 0, subscriberClientCount = 0, subscriberCount = 0

2026-05-04 15:17:19,262 INFO toNotifyTaskSize = 0

2026-05-04 15:17:19,263 INFO toClientNotifyTaskSize = 0

2026-05-04 15:17:28,931 INFO [long-pulling] client count 0

2026-05-04 15:17:29,223 INFO groupCount = 0, subscriberClientCount = 0, subscriberCount = 0

2026-05-04 15:17:29,264 INFO toNotifyTaskSize = 0

2026-05-04 15:17:29,264 INFO toClientNotifyTaskSize = 0

2026-05-04 15:17:38,932 INFO [long-pulling] client count 0

2026-05-04 15:17:39,224 INFO groupCount = 0, subscriberClientCount = 0, subscriberCount = 0

2026-05-04 15:17:39,265 INFO toNotifyTaskSize = 0

2026-05-04 15:17:39,265 INFO toClientNotifyTaskSize = 0

2026-05-04 15:17:48,931 INFO [long-pulling] client count 0

2026-05-04 15:17:49,227 INFO groupCount = 0, subscriberClientCount = 0, subscriberCount = 0

2026-05-04 15:17:49,264 INFO toNotifyTaskSize = 0

2026-05-04 15:17:49,265 INFO toClientNotifyTaskSize = 0

2026-05-04 15:17:58,932 INFO [long-pulling] client count 0

2026-05-04 15:17:59,228 INFO groupCount = 0, subscriberClientCount = 0, subscriberCount = 0

2026-05-04 15:17:59,265 INFO toNotifyTaskSize = 0

2026-05-04 15:17:59,266 INFO toClientNotifyTaskSize = 0

2026-05-04 15:18:08,932 INFO [long-pulling] client count 0

2026-05-04 15:18:09,228 INFO groupCount = 0, subscriberClientCount = 0, subscriberCount = 0

2026-05-04 15:18:09,266 INFO toNotifyTaskSize = 0

2026-05-04 15:18:09,267 INFO toClientNotifyTaskSize = 0

2026-05-04 15:18:18,931 INFO [long-pulling] client count 0

2026-05-04 15:18:19,227 INFO groupCount = 0, subscriberClientCount = 0, subscriberCount = 0

2026-05-04 15:18:19,265 INFO toNotifyTaskSize = 0

2026-05-04 15:18:19,266 INFO toClientNotifyTaskSize = 0

2026-05-04 15:18:28,932 INFO [long-pulling] client count 0

2026-05-04 15:18:29,228 INFO groupCount = 0, subscriberClientCount = 0, subscriberCount = 0

2026-05-04 15:18:29,266 INFO toNotifyTaskSize = 0

2026-05-04 15:18:29,267 INFO toClientNotifyTaskSize = 0

2026-05-04 15:18:38,932 INFO [long-pulling] client count 0

2026-05-04 15:18:39,229 INFO groupCount = 0, subscriberClientCount = 0, subscriberCount = 0

2026-05-04 15:18:39,267 INFO toNotifyTaskSize = 0

2026-05-04 15:18:39,268 INFO toClientNotifyTaskSize = 0

2026-05-04 15:18:48,932 INFO [long-pulling] client count 0

2026-05-04 15:18:49,228 INFO groupCount = 0, subscriberClientCount = 0, subscriberCount = 0

2026-05-04 15:18:49,267 INFO toNotifyTaskSize = 0

2026-05-04 15:18:49,267 INFO toClientNotifyTaskSize = 0

2026-05-04 15:18:58,932 INFO [long-pulling] client count 0

2026-05-04 15:18:59,229 INFO groupCount = 0, subscriberClientCount = 0, subscriberCount = 0

2026-05-04 15:18:59,268 INFO toNotifyTaskSize = 0

2026-05-04 15:18:59,268 INFO toClientNotifyTaskSize = 0

2026-05-04 15:19:08,933 INFO [long-pulling] client count 0

2026-05-04 15:19:09,229 INFO groupCount = 0, subscriberClientCount = 0, subscriberCount = 0

2026-05-04 15:19:09,268 INFO toNotifyTaskSize = 0

2026-05-04 15:19:09,269 INFO toClientNotifyTaskSize = 0

2026-05-04 15:19:18,932 INFO [long-pulling] client count 0

2026-05-04 15:19:19,228 INFO groupCount = 0, subscriberClientCount = 0, subscriberCount = 0

2026-05-04 15:19:19,268 INFO toNotifyTaskSize = 0

2026-05-04 15:19:19,268 INFO toClientNotifyTaskSize = 0

2026-05-04 15:19:28,932 INFO [long-pulling] client count 0

2026-05-04 15:19:29,229 INFO groupCount = 0, subscriberClientCount = 0, subscriberCount = 0

2026-05-04 15:19:29,268 INFO toNotifyTaskSize = 0

2026-05-04 15:19:29,269 INFO toClientNotifyTaskSize = 0

2026-05-04 15:19:38,933 INFO [long-pulling] client count 0

2026-05-04 15:19:39,230 INFO groupCount = 0, subscriberClientCount = 0, subscriberCount = 0

2026-05-04 15:19:39,269 INFO toNotifyTaskSize = 0

2026-05-04 15:19:39,270 INFO toClientNotifyTaskSize = 0

2026-05-04 15:19:48,932 INFO [long-pulling] client count 0

2026-05-04 15:19:49,229 INFO groupCount = 0, subscriberClientCount = 0, subscriberCount = 0

2026-05-04 15:19:49,268 INFO toNotifyTaskSize = 0

2026-05-04 15:19:49,269 INFO toClientNotifyTaskSize = 0

2026-05-04 15:19:58,932 INFO [long-pulling] client count 0

2026-05-04 15:19:59,229 INFO groupCount = 0, subscriberClientCount = 0, subscriberCount = 0

2026-05-04 15:19:59,269 INFO toNotifyTaskSize = 0

2026-05-04 15:19:59,269 INFO toClientNotifyTaskSize = 0

2026-05-04 15:20:08,933 INFO [long-pulling] client count 0

2026-05-04 15:20:09,230 INFO groupCount = 0, subscriberClientCount = 0, subscriberCount = 0

2026-05-04 15:20:09,270 INFO toNotifyTaskSize = 0

2026-05-04 15:20:09,270 INFO toClientNotifyTaskSize = 0

2026-05-04 15:20:18,932 INFO [long-pulling] client count 0

2026-05-04 15:20:19,229 INFO groupCount = 0, subscriberClientCount = 0, subscriberCount = 0

2026-05-04 15:20:19,269 INFO toNotifyTaskSize = 0

2026-05-04 15:20:19,270 INFO toClientNotifyTaskSize = 0

2026-05-04 15:20:28,933 INFO [long-pulling] client count 0

2026-05-04 15:20:29,230 INFO groupCount = 0, subscriberClientCount = 0, subscriberCount = 0

2026-05-04 15:20:29,270 INFO toNotifyTaskSize = 0

2026-05-04 15:20:29,271 INFO toClientNotifyTaskSize = 0

2026-05-04 15:20:38,933 INFO [long-pulling] client count 0

2026-05-04 15:20:39,231 INFO groupCount = 0, subscriberClientCount = 0, subscriberCount = 0

2026-05-04 15:20:39,271 INFO toNotifyTaskSize = 0

2026-05-04 15:20:39,271 INFO toClientNotifyTaskSize = 0

2026-05-04 15:20:48,932 INFO [long-pulling] client count 0

2026-05-04 15:20:49,230 INFO groupCount = 0, subscriberClientCount = 0, subscriberCount = 0

2026-05-04 15:20:49,270 INFO toNotifyTaskSize = 0

2026-05-04 15:20:49,270 INFO toClientNotifyTaskSize = 0

2026-05-04 15:20:58,933 INFO [long-pulling] client count 0

2026-05-04 15:20:59,230 INFO groupCount = 0, subscriberClientCount = 0, subscriberCount = 0

2026-05-04 15:20:59,271 INFO toNotifyTaskSize = 0

2026-05-04 15:20:59,271 INFO toClientNotifyTaskSize = 0

2026-05-04 15:21:08,933 INFO [long-pulling] client count 0

2026-05-04 15:21:09,231 INFO groupCount = 0, subscriberClientCount = 0, subscriberCount = 0

2026-05-04 15:21:09,272 INFO toNotifyTaskSize = 0

2026-05-04 15:21:09,272 INFO toClientNotifyTaskSize = 0

2026-05-04 15:21:18,932 INFO [long-pulling] client count 0

2026-05-04 15:21:19,231 INFO groupCount = 0, subscriberClientCount = 0, subscriberCount = 0

2026-05-04 15:21:19,272 INFO toNotifyTaskSize = 0

2026-05-04 15:21:19,272 INFO toClientNotifyTaskSize = 0

2026-05-04 15:21:28,933 INFO [long-pulling] client count 0

2026-05-04 15:21:29,231 INFO groupCount = 0, subscriberClientCount = 0, subscriberCount = 0

2026-05-04 15:21:29,273 INFO toNotifyTaskSize = 0

2026-05-04 15:21:29,273 INFO toClientNotifyTaskSize = 0

2026-05-04 15:21:38,933 INFO [long-pulling] client count 0

2026-05-04 15:21:39,232 INFO groupCount = 0, subscriberClientCount = 0, subscriberCount = 0

2026-05-04 15:21:39,274 INFO toNotifyTaskSize = 0

2026-05-04 15:21:39,274 INFO toClientNotifyTaskSize = 0

2026-05-04 15:21:48,933 INFO [long-pulling] client count 0

2026-05-04 15:21:49,231 INFO groupCount = 0, subscriberClientCount = 0, subscriberCount = 0

2026-05-04 15:21:49,273 INFO toNotifyTaskSize = 0

2026-05-04 15:21:49,273 INFO toClientNotifyTaskSize = 0

2026-05-04 15:21:58,933 INFO [long-pulling] client count 0

2026-05-04 15:21:59,232 INFO groupCount = 0, subscriberClientCount = 0, subscriberCount = 0

2026-05-04 15:21:59,274 INFO toNotifyTaskSize = 0

2026-05-04 15:21:59,274 INFO toClientNotifyTaskSize = 0

2026-05-04 15:22:08,934 INFO [long-pulling] client count 0

2026-05-04 15:22:09,233 INFO groupCount = 0, subscriberClientCount = 0, subscriberCount = 0

2026-05-04 15:22:09,275 INFO toNotifyTaskSize = 0

2026-05-04 15:22:09,275 INFO toClientNotifyTaskSize = 0

2026-05-04 15:22:18,933 INFO [long-pulling] client count 0

2026-05-04 15:22:19,232 INFO groupCount = 0, subscriberClientCount = 0, subscriberCount = 0

2026-05-04 15:22:19,274 INFO toNotifyTaskSize = 0

2026-05-04 15:22:19,275 INFO toClientNotifyTaskSize = 0

2026-05-04 15:22:28,933 INFO [long-pulling] client count 0

2026-05-04 15:22:29,232 INFO groupCount = 0, subscriberClientCount = 0, subscriberCount = 0

2026-05-04 15:22:29,275 INFO toNotifyTaskSize = 0

2026-05-04 15:22:29,275 INFO toClientNotifyTaskSize = 0

2026-05-04 15:22:38,934 INFO [long-pulling] client count 0

2026-05-04 15:22:39,233 INFO groupCount = 0, subscriberClientCount = 0, subscriberCount = 0

2026-05-04 15:22:39,276 INFO toNotifyTaskSize = 0

2026-05-04 15:22:39,276 INFO toClientNotifyTaskSize = 0

2026-05-04 15:22:48,933 INFO [long-pulling] client count 0

2026-05-04 15:22:49,232 INFO groupCount = 0, subscriberClientCount = 0, subscriberCount = 0

2026-05-04 15:22:49,275 INFO toNotifyTaskSize = 0

2026-05-04 15:22:49,276 INFO toClientNotifyTaskSize = 0

2026-05-04 15:22:58,934 INFO [long-pulling] client count 0

2026-05-04 15:22:59,233 INFO groupCount = 0, subscriberClientCount = 0, subscriberCount = 0

2026-05-04 15:22:59,276 INFO toNotifyTaskSize = 0

2026-05-04 15:22:59,277 INFO toClientNotifyTaskSize = 0

2026-05-04 15:23:08,934 INFO [long-pulling] client count 0

2026-05-04 15:23:09,233 INFO groupCount = 0, subscriberClientCount = 0, subscriberCount = 0

2026-05-04 15:23:09,277 INFO toNotifyTaskSize = 0

2026-05-04 15:23:09,278 INFO toClientNotifyTaskSize = 0

2026-05-04 15:23:18,933 INFO [long-pulling] client count 0

2026-05-04 15:23:19,232 INFO groupCount = 0, subscriberClientCount = 0, subscriberCount = 0

2026-05-04 15:23:19,276 INFO toNotifyTaskSize = 0

2026-05-04 15:23:19,277 INFO toClientNotifyTaskSize = 0

2026-05-04 15:23:28,933 INFO [long-pulling] client count 0

2026-05-04 15:23:29,233 INFO groupCount = 0, subscriberClientCount = 0, subscriberCount = 0

2026-05-04 15:23:29,277 INFO toNotifyTaskSize = 0

2026-05-04 15:23:29,278 INFO toClientNotifyTaskSize = 0

2026-05-04 15:23:38,934 INFO [long-pulling] client count 0

2026-05-04 15:23:39,234 INFO groupCount = 0, subscriberClientCount = 0, subscriberCount = 0

2026-05-04 15:23:39,278 INFO toNotifyTaskSize = 0

2026-05-04 15:23:39,280 INFO toClientNotifyTaskSize = 0

2026-05-04 15:23:48,933 INFO [long-pulling] client count 0

2026-05-04 15:23:49,233 INFO groupCount = 0, subscriberClientCount = 0, subscriberCount = 0

2026-05-04 15:23:49,279 INFO toNotifyTaskSize = 0

2026-05-04 15:23:49,279 INFO toClientNotifyTaskSize = 0

2026-05-04 15:23:58,933 INFO [long-pulling] client count 0

2026-05-04 15:23:59,234 INFO groupCount = 0, subscriberClientCount = 0, subscriberCount = 0

2026-05-04 15:23:59,280 INFO toNotifyTaskSize = 0

2026-05-04 15:23:59,280 INFO toClientNotifyTaskSize = 0

2026-05-04 15:24:08,934 INFO [long-pulling] client count 0

2026-05-04 15:24:09,234 INFO groupCount = 0, subscriberClientCount = 0, subscriberCount = 0

2026-05-04 15:24:09,281 INFO toNotifyTaskSize = 0

2026-05-04 15:24:09,281 INFO toClientNotifyTaskSize = 0

2026-05-04 15:24:18,933 INFO [long-pulling] client count 0

2026-05-04 15:24:19,234 INFO groupCount = 0, subscriberClientCount = 0, subscriberCount = 0

2026-05-04 15:24:19,281 INFO toNotifyTaskSize = 0

2026-05-04 15:24:19,281 INFO toClientNotifyTaskSize = 0

2026-05-04 15:24:28,934 INFO [long-pulling] client count 0

2026-05-04 15:24:29,234 INFO groupCount = 0, subscriberClientCount = 0, subscriberCount = 0

2026-05-04 15:24:29,282 INFO toNotifyTaskSize = 0

2026-05-04 15:24:29,282 INFO toClientNotifyTaskSize = 0

2026-05-04 15:24:38,934 INFO [long-pulling] client count 0

2026-05-04 15:24:39,235 INFO groupCount = 0, subscriberClientCount = 0, subscriberCount = 0

2026-05-04 15:24:39,283 INFO toNotifyTaskSize = 0

2026-05-04 15:24:39,283 INFO toClientNotifyTaskSize = 0

2026-05-04 15:24:48,932 INFO [long-pulling] client count 0

2026-05-04 15:24:49,233 INFO groupCount = 0, subscriberClientCount = 0, subscriberCount = 0

2026-05-04 15:24:49,282 INFO toNotifyTaskSize = 0

2026-05-04 15:24:49,282 INFO toClientNotifyTaskSize = 0

2026-05-04 15:24:58,933 INFO [long-pulling] client count 0

2026-05-04 15:24:59,234 INFO groupCount = 0, subscriberClientCount = 0, subscriberCount = 0

2026-05-04 15:24:59,283 INFO toNotifyTaskSize = 0

2026-05-04 15:24:59,283 INFO toClientNotifyTaskSize = 0

2026-05-04 15:25:08,934 INFO [long-pulling] client count 0

2026-05-04 15:25:09,234 INFO groupCount = 0, subscriberClientCount = 0, subscriberCount = 0

2026-05-04 15:25:09,284 INFO toNotifyTaskSize = 0

2026-05-04 15:25:09,284 INFO toClientNotifyTaskSize = 0

2026-05-04 15:25:18,934 INFO [long-pulling] client count 0

2026-05-04 15:25:19,234 INFO groupCount = 0, subscriberClientCount = 0, subscriberCount = 0

2026-05-04 15:25:19,284 INFO toNotifyTaskSize = 0

2026-05-04 15:25:19,284 INFO toClientNotifyTaskSize = 0

2026-05-04 15:25:28,934 INFO [long-pulling] client count 0

2026-05-04 15:25:29,235 INFO groupCount = 0, subscriberClientCount = 0, subscriberCount = 0

2026-05-04 15:25:29,285 INFO toNotifyTaskSize = 0

2026-05-04 15:25:29,285 INFO toClientNotifyTaskSize = 0

2026-05-04 15:25:38,935 INFO [long-pulling] client count 0

2026-05-04 15:25:39,235 INFO groupCount = 0, subscriberClientCount = 0, subscriberCount = 0

2026-05-04 15:25:39,286 INFO toNotifyTaskSize = 0

2026-05-04 15:25:39,286 INFO toClientNotifyTaskSize = 0

2026-05-04 15:25:48,933 INFO [long-pulling] client count 0

2026-05-04 15:25:49,234 INFO groupCount = 0, subscriberClientCount = 0, subscriberCount = 0

2026-05-04 15:25:49,285 INFO toNotifyTaskSize = 0

2026-05-04 15:25:49,286 INFO toClientNotifyTaskSize = 0

2026-05-04 15:25:58,934 INFO [long-pulling] client count 0

2026-05-04 15:25:59,235 INFO groupCount = 0, subscriberClientCount = 0, subscriberCount = 0

2026-05-04 15:25:59,286 INFO toNotifyTaskSize = 0

2026-05-04 15:25:59,286 INFO toClientNotifyTaskSize = 0

2026-05-04 15:26:08,935 INFO [long-pulling] client count 0

2026-05-04 15:26:09,236 INFO groupCount = 0, subscriberClientCount = 0, subscriberCount = 0

2026-05-04 15:26:09,287 INFO toNotifyTaskSize = 0

2026-05-04 15:26:09,287 INFO toClientNotifyTaskSize = 0

2026-05-04 15:26:18,934 INFO [long-pulling] client count 0

2026-05-04 15:26:19,234 INFO groupCount = 0, subscriberClientCount = 0, subscriberCount = 0

2026-05-04 15:26:19,286 INFO toNotifyTaskSize = 0

2026-05-04 15:26:19,286 INFO toClientNotifyTaskSize = 0

2026-05-04 15:26:28,934 INFO [long-pulling] client count 0

2026-05-04 15:26:29,235 INFO groupCount = 0, subscriberClientCount = 0, subscriberCount = 0

2026-05-04 15:26:29,287 INFO toNotifyTaskSize = 0

2026-05-04 15:26:29,287 INFO toClientNotifyTaskSize = 0

2026-05-04 15:26:38,935 INFO [long-pulling] client count 0

2026-05-04 15:26:39,236 INFO groupCount = 0, subscriberClientCount = 0, subscriberCount = 0

2026-05-04 15:26:39,288 INFO toNotifyTaskSize = 0

2026-05-04 15:26:39,288 INFO toClientNotifyTaskSize = 0

2026-05-04 15:26:48,934 INFO [long-pulling] client count 0

2026-05-04 15:26:49,235 INFO groupCount = 0, subscriberClientCount = 0, subscriberCount = 0

2026-05-04 15:26:49,287 INFO toNotifyTaskSize = 0

2026-05-04 15:26:49,288 INFO toClientNotifyTaskSize = 0

2026-05-04 15:26:58,934 INFO [long-pulling] client count 0

2026-05-04 15:26:59,235 INFO groupCount = 0, subscriberClientCount = 0, subscriberCount = 0

2026-05-04 15:26:59,288 INFO toNotifyTaskSize = 0

2026-05-04 15:26:59,288 INFO toClientNotifyTaskSize = 0

2026-05-04 15:27:08,935 INFO [long-pulling] client count 0

2026-05-04 15:27:09,236 INFO groupCount = 0, subscriberClientCount = 0, subscriberCount = 0

2026-05-04 15:27:09,289 INFO toNotifyTaskSize = 0

2026-05-04 15:27:09,289 INFO toClientNotifyTaskSize = 0

2026-05-04 15:27:18,934 INFO [long-pulling] client count 0

2026-05-04 15:27:19,236 INFO groupCount = 0, subscriberClientCount = 0, subscriberCount = 0

2026-05-04 15:27:19,289 INFO toNotifyTaskSize = 0

2026-05-04 15:27:19,289 INFO toClientNotifyTaskSize = 0

2026-05-04 15:27:28,935 INFO [long-pulling] client count 0

2026-05-04 15:27:29,236 INFO groupCount = 0, subscriberClientCount = 0, subscriberCount = 0

2026-05-04 15:27:29,290 INFO toNotifyTaskSize = 0

2026-05-04 15:27:29,290 INFO toClientNotifyTaskSize = 0

2026-05-04 15:27:38,936 INFO [long-pulling] client count 0

2026-05-04 15:27:39,237 INFO groupCount = 0, subscriberClientCount = 0, subscriberCount = 0

2026-05-04 15:27:39,291 INFO toNotifyTaskSize = 0

2026-05-04 15:27:39,291 INFO toClientNotifyTaskSize = 0

2026-05-04 15:27:48,934 INFO [long-pulling] client count 0

2026-05-04 15:27:49,236 INFO groupCount = 0, subscriberClientCount = 0, subscriberCount = 0

2026-05-04 15:27:49,290 INFO toNotifyTaskSize = 0

2026-05-04 15:27:49,290 INFO toClientNotifyTaskSize = 0

2026-05-04 15:27:58,935 INFO [long-pulling] client count 0

2026-05-04 15:27:59,237 INFO groupCount = 0, subscriberClientCount = 0, subscriberCount = 0

2026-05-04 15:27:59,291 INFO toNotifyTaskSize = 0

2026-05-04 15:27:59,291 INFO toClientNotifyTaskSize = 0

2026-05-04 15:28:08,936 INFO [long-pulling] client count 0

2026-05-04 15:28:09,237 INFO groupCount = 0, subscriberClientCount = 0, subscriberCount = 0

2026-05-04 15:28:09,292 INFO toNotifyTaskSize = 0

2026-05-04 15:28:09,292 INFO toClientNotifyTaskSize = 0

2026-05-04 15:28:18,935 INFO [long-pulling] client count 0

2026-05-04 15:28:19,236 INFO groupCount = 0, subscriberClientCount = 0, subscriberCount = 0

2026-05-04 15:28:19,291 INFO toNotifyTaskSize = 0

2026-05-04 15:28:19,292 INFO toClientNotifyTaskSize = 0

2026-05-04 15:28:28,936 INFO [long-pulling] client count 0

2026-05-04 15:28:29,237 INFO groupCount = 0, subscriberClientCount = 0, subscriberCount = 0

2026-05-04 15:28:29,292 INFO toNotifyTaskSize = 0

2026-05-04 15:28:29,292 INFO toClientNotifyTaskSize = 0

2026-05-04 15:28:38,936 INFO [long-pulling] client count 0

2026-05-04 15:28:39,238 INFO groupCount = 0, subscriberClientCount = 0, subscriberCount = 0

2026-05-04 15:28:39,293 INFO toNotifyTaskSize = 0

2026-05-04 15:28:39,293 INFO toClientNotifyTaskSize = 0

2026-05-04 15:28:48,936 INFO [long-pulling] client count 0

2026-05-04 15:28:49,237 INFO groupCount = 0, subscriberClientCount = 0, subscriberCount = 0

2026-05-04 15:28:49,292 INFO toNotifyTaskSize = 0

2026-05-04 15:28:49,293 INFO toClientNotifyTaskSize = 0

2026-05-04 15:28:58,936 INFO [long-pulling] client count 0

2026-05-04 15:28:59,238 INFO groupCount = 0, subscriberClientCount = 0, subscriberCount = 0

2026-05-04 15:28:59,293 INFO toNotifyTaskSize = 0

2026-05-04 15:28:59,294 INFO toClientNotifyTaskSize = 0

2026-05-04 15:29:08,937 INFO [long-pulling] client count 0

2026-05-04 15:29:09,239 INFO groupCount = 0, subscriberClientCount = 0, subscriberCount = 0

2026-05-04 15:29:09,294 INFO toNotifyTaskSize = 0

2026-05-04 15:29:09,295 INFO toClientNotifyTaskSize = 0

2026-05-04 15:29:18,936 INFO [long-pulling] client count 0

2026-05-04 15:29:19,237 INFO groupCount = 0, subscriberClientCount = 0, subscriberCount = 0

2026-05-04 15:29:19,293 INFO toNotifyTaskSize = 0

2026-05-04 15:29:19,294 INFO toClientNotifyTaskSize = 0

2026-05-04 15:29:28,936 INFO [long-pulling] client count 0

2026-05-04 15:29:29,238 INFO groupCount = 0, subscriberClientCount = 0, subscriberCount = 0

2026-05-04 15:29:29,294 INFO toNotifyTaskSize = 0

2026-05-04 15:29:29,295 INFO toClientNotifyTaskSize = 0

2026-05-04 15:29:38,937 INFO [long-pulling] client count 0

2026-05-04 15:29:39,239 INFO groupCount = 0, subscriberClientCount = 0, subscriberCount = 0

2026-05-04 15:29:39,295 INFO toNotifyTaskSize = 0

2026-05-04 15:29:39,296 INFO toClientNotifyTaskSize = 0

2026-05-04 15:29:48,936 INFO [long-pulling] client count 0

2026-05-04 15:29:49,238 INFO groupCount = 0, subscriberClientCount = 0, subscriberCount = 0

2026-05-04 15:29:49,295 INFO toNotifyTaskSize = 0

2026-05-04 15:29:49,295 INFO toClientNotifyTaskSize = 0

2026-05-04 15:29:58,937 INFO [long-pulling] client count 0

2026-05-04 15:29:59,239 INFO groupCount = 0, subscriberClientCount = 0, subscriberCount = 0

2026-05-04 15:29:59,296 INFO toNotifyTaskSize = 0

2026-05-04 15:29:59,296 INFO toClientNotifyTaskSize = 0

2026-05-04 15:30:08,937 INFO [long-pulling] client count 0

2026-05-04 15:30:09,239 INFO groupCount = 0, subscriberClientCount = 0, subscriberCount = 0

2026-05-04 15:30:09,296 INFO toNotifyTaskSize = 0

2026-05-04 15:30:09,297 INFO toClientNotifyTaskSize = 0

2026-05-04 15:30:18,937 INFO [long-pulling] client count 0

2026-05-04 15:30:19,238 INFO groupCount = 0, subscriberClientCount = 0, subscriberCount = 0

2026-05-04 15:30:19,296 INFO toNotifyTaskSize = 0

2026-05-04 15:30:19,296 INFO toClientNotifyTaskSize = 0

2026-05-04 15:30:28,937 INFO [long-pulling] client count 0

2026-05-04 15:30:29,239 INFO groupCount = 0, subscriberClientCount = 0, subscriberCount = 0

2026-05-04 15:30:29,297 INFO toNotifyTaskSize = 0

2026-05-04 15:30:29,297 INFO toClientNotifyTaskSize = 0

2026-05-04 15:30:38,938 INFO [long-pulling] client count 0

2026-05-04 15:30:39,240 INFO groupCount = 0, subscriberClientCount = 0, subscriberCount = 0

2026-05-04 15:30:39,298 INFO toNotifyTaskSize = 0

2026-05-04 15:30:39,298 INFO toClientNotifyTaskSize = 0

2026-05-04 15:30:48,937 INFO [long-pulling] client count 0

2026-05-04 15:30:49,239 INFO groupCount = 0, subscriberClientCount = 0, subscriberCount = 0

2026-05-04 15:30:49,297 INFO toNotifyTaskSize = 0

2026-05-04 15:30:49,298 INFO toClientNotifyTaskSize = 0

2026-05-04 15:30:58,937 INFO [long-pulling] client count 0

2026-05-04 15:30:59,240 INFO groupCount = 0, subscriberClientCount = 0, subscriberCount = 0

2026-05-04 15:30:59,298 INFO toNotifyTaskSize = 0

2026-05-04 15:30:59,299 INFO toClientNotifyTaskSize = 0

2026-05-04 15:31:08,938 INFO [long-pulling] client count 0

2026-05-04 15:31:09,240 INFO groupCount = 0, subscriberClientCount = 0, subscriberCount = 0

2026-05-04 15:31:09,300 INFO toNotifyTaskSize = 0

2026-05-04 15:31:09,301 INFO toClientNotifyTaskSize = 0

2026-05-04 15:31:18,937 INFO [long-pulling] client count 0

2026-05-04 15:31:19,239 INFO groupCount = 0, subscriberClientCount = 0, subscriberCount = 0

2026-05-04 15:31:19,300 INFO toNotifyTaskSize = 0

2026-05-04 15:31:19,301 INFO toClientNotifyTaskSize = 0

2026-05-04 15:31:28,938 INFO [long-pulling] client count 0

2026-05-04 15:31:29,240 INFO groupCount = 0, subscriberClientCount = 0, subscriberCount = 0

2026-05-04 15:31:29,301 INFO toNotifyTaskSize = 0

2026-05-04 15:31:29,301 INFO toClientNotifyTaskSize = 0

2026-05-04 15:31:38,939 INFO [long-pulling] client count 0

2026-05-04 15:31:39,241 INFO groupCount = 0, subscriberClientCount = 0, subscriberCount = 0

2026-05-04 15:31:39,302 INFO toNotifyTaskSize = 0

2026-05-04 15:31:39,302 INFO toClientNotifyTaskSize = 0

2026-05-04 15:31:48,938 INFO [long-pulling] client count 0

2026-05-04 15:31:49,240 INFO groupCount = 0, subscriberClientCount = 0, subscriberCount = 0

2026-05-04 15:31:49,301 INFO toNotifyTaskSize = 0

2026-05-04 15:31:49,302 INFO toClientNotifyTaskSize = 0

2026-05-04 15:31:58,938 INFO [long-pulling] client count 0

2026-05-04 15:31:59,241 INFO groupCount = 0, subscriberClientCount = 0, subscriberCount = 0

2026-05-04 15:31:59,302 INFO toNotifyTaskSize = 0

2026-05-04 15:31:59,303 INFO toClientNotifyTaskSize = 0

2026-05-04 15:32:08,939 INFO [long-pulling] client count 0

2026-05-04 15:32:09,242 INFO groupCount = 0, subscriberClientCount = 0, subscriberCount = 0

2026-05-04 15:32:09,303 INFO toNotifyTaskSize = 0

2026-05-04 15:32:09,303 INFO toClientNotifyTaskSize = 0

2026-05-04 15:32:18,938 INFO [long-pulling] client count 0

2026-05-04 15:32:19,240 INFO groupCount = 0, subscriberClientCount = 0, subscriberCount = 0

2026-05-04 15:32:19,302 INFO toNotifyTaskSize = 0

2026-05-04 15:32:19,303 INFO toClientNotifyTaskSize = 0

2026-05-04 15:32:28,938 INFO [long-pulling] client count 0

2026-05-04 15:32:29,241 INFO groupCount = 0, subscriberClientCount = 0, subscriberCount = 0

2026-05-04 15:32:29,303 INFO toNotifyTaskSize = 0

2026-05-04 15:32:29,304 INFO toClientNotifyTaskSize = 0

2026-05-04 15:32:38,939 INFO [long-pulling] client count 0

2026-05-04 15:32:39,242 INFO groupCount = 0, subscriberClientCount = 0, subscriberCount = 0

2026-05-04 15:32:39,304 INFO toNotifyTaskSize = 0

2026-05-04 15:32:39,306 INFO toClientNotifyTaskSize = 0

2026-05-04 15:32:48,938 INFO [long-pulling] client count 0

2026-05-04 15:32:49,241 INFO groupCount = 0, subscriberClientCount = 0, subscriberCount = 0

2026-05-04 15:32:49,306 INFO toNotifyTaskSize = 0

2026-05-04 15:32:49,306 INFO toClientNotifyTaskSize = 0

2026-05-04 15:32:58,939 INFO [long-pulling] client count 0

2026-05-04 15:32:59,242 INFO groupCount = 0, subscriberClientCount = 0, subscriberCount = 0

2026-05-04 15:32:59,306 INFO toNotifyTaskSize = 0

2026-05-04 15:32:59,307 INFO toClientNotifyTaskSize = 0

2026-05-04 15:33:08,939 INFO [long-pulling] client count 0

2026-05-04 15:33:09,243 INFO groupCount = 0, subscriberClientCount = 0, subscriberCount = 0

2026-05-04 15:33:09,307 INFO toNotifyTaskSize = 0

2026-05-04 15:33:09,308 INFO toClientNotifyTaskSize = 0

2026-05-04 15:33:18,938 INFO [long-pulling] client count 0

2026-05-04 15:33:19,242 INFO groupCount = 0, subscriberClientCount = 0, subscriberCount = 0

2026-05-04 15:33:19,307 INFO toNotifyTaskSize = 0

2026-05-04 15:33:19,307 INFO toClientNotifyTaskSize = 0

2026-05-04 15:33:28,939 INFO [long-pulling] client count 0

2026-05-04 15:33:29,243 INFO groupCount = 0, subscriberClientCount = 0, subscriberCount = 0

2026-05-04 15:33:29,308 INFO toNotifyTaskSize = 0

2026-05-04 15:33:29,309 INFO toClientNotifyTaskSize = 0

2026-05-04 15:33:38,939 INFO [long-pulling] client count 0

2026-05-04 15:33:39,243 INFO groupCount = 0, subscriberClientCount = 0, subscriberCount = 0

2026-05-04 15:33:39,309 INFO toNotifyTaskSize = 0

2026-05-04 15:33:39,309 INFO toClientNotifyTaskSize = 0

2026-05-04 15:33:48,938 INFO [long-pulling] client count 0

2026-05-04 15:33:49,242 INFO groupCount = 0, subscriberClientCount = 0, subscriberCount = 0

2026-05-04 15:33:49,308 INFO toNotifyTaskSize = 0

2026-05-04 15:33:49,309 INFO toClientNotifyTaskSize = 0

2026-05-04 15:33:58,939 INFO [long-pulling] client count 0

2026-05-04 15:33:59,243 INFO groupCount = 0, subscriberClientCount = 0, subscriberCount = 0

2026-05-04 15:33:59,309 INFO toNotifyTaskSize = 0

2026-05-04 15:33:59,310 INFO toClientNotifyTaskSize = 0

2026-05-04 15:34:08,939 INFO [long-pulling] client count 0

2026-05-04 15:34:09,244 INFO groupCount = 0, subscriberClientCount = 0, subscriberCount = 0

2026-05-04 15:34:09,310 INFO toNotifyTaskSize = 0

2026-05-04 15:34:09,311 INFO toClientNotifyTaskSize = 0

2026-05-04 15:34:18,939 INFO [long-pulling] client count 0

2026-05-04 15:34:19,243 INFO groupCount = 0, subscriberClientCount = 0, subscriberCount = 0

2026-05-04 15:34:19,310 INFO toNotifyTaskSize = 0

2026-05-04 15:34:19,310 INFO toClientNotifyTaskSize = 0

2026-05-04 15:34:28,939 INFO [long-pulling] client count 0

2026-05-04 15:34:29,244 INFO groupCount = 0, subscriberClientCount = 0, subscriberCount = 0

2026-05-04 15:34:29,311 INFO toNotifyTaskSize = 0

2026-05-04 15:34:29,311 INFO toClientNotifyTaskSize = 0

2026-05-04 15:34:38,940 INFO [long-pulling] client count 0

2026-05-04 15:34:39,244 INFO groupCount = 0, subscriberClientCount = 0, subscriberCount = 0

2026-05-04 15:34:39,311 INFO toNotifyTaskSize = 0

2026-05-04 15:34:39,312 INFO toClientNotifyTaskSize = 0

2026-05-04 15:34:48,938 INFO [long-pulling] client count 0

2026-05-04 15:34:49,243 INFO groupCount = 0, subscriberClientCount = 0, subscriberCount = 0

2026-05-04 15:34:49,311 INFO toNotifyTaskSize = 0

2026-05-04 15:34:49,311 INFO toClientNotifyTaskSize = 0

2026-05-04 15:34:58,939 INFO [long-pulling] client count 0

2026-05-04 15:34:59,243 INFO groupCount = 0, subscriberClientCount = 0, subscriberCount = 0

2026-05-04 15:34:59,312 INFO toNotifyTaskSize = 0

2026-05-04 15:34:59,312 INFO toClientNotifyTaskSize = 0

2026-05-04 15:35:08,939 INFO [long-pulling] client count 0

2026-05-04 15:35:09,244 INFO groupCount = 0, subscriberClientCount = 0, subscriberCount = 0

2026-05-04 15:35:09,312 INFO toNotifyTaskSize = 0

2026-05-04 15:35:09,313 INFO toClientNotifyTaskSize = 0

2026-05-04 15:35:18,938 INFO [long-pulling] client count 0

2026-05-04 15:35:19,243 INFO groupCount = 0, subscriberClientCount = 0, subscriberCount = 0

2026-05-04 15:35:19,311 INFO toNotifyTaskSize = 0

2026-05-04 15:35:19,312 INFO toClientNotifyTaskSize = 0

2026-05-04 15:35:28,939 INFO [long-pulling] client count 0

2026-05-04 15:35:29,243 INFO groupCount = 0, subscriberClientCount = 0, subscriberCount = 0

2026-05-04 15:35:29,313 INFO toNotifyTaskSize = 0

2026-05-04 15:35:29,313 INFO toClientNotifyTaskSize = 0

2026-05-04 15:35:38,939 INFO [long-pulling] client count 0

2026-05-04 15:35:39,244 INFO groupCount = 0, subscriberClientCount = 0, subscriberCount = 0

2026-05-04 15:35:39,313 INFO toNotifyTaskSize = 0

2026-05-04 15:35:39,314 INFO toClientNotifyTaskSize = 0

2026-05-04 15:35:48,939 INFO [long-pulling] client count 0

2026-05-04 15:35:49,243 INFO groupCount = 0, subscriberClientCount = 0, subscriberCount = 0

2026-05-04 15:35:49,313 INFO toNotifyTaskSize = 0

2026-05-04 15:35:49,314 INFO toClientNotifyTaskSize = 0

2026-05-04 15:35:58,939 INFO [long-pulling] client count 0

2026-05-04 15:35:59,244 INFO groupCount = 0, subscriberClientCount = 0, subscriberCount = 0

2026-05-04 15:35:59,314 INFO toNotifyTaskSize = 0

2026-05-04 15:35:59,314 INFO toClientNotifyTaskSize = 0

2026-05-04 15:36:08,939 INFO [long-pulling] client count 0

2026-05-04 15:36:09,244 INFO groupCount = 0, subscriberClientCount = 0, subscriberCount = 0

2026-05-04 15:36:09,315 INFO toNotifyTaskSize = 0

2026-05-04 15:36:09,315 INFO toClientNotifyTaskSize = 0

2026-05-04 15:36:18,938 INFO [long-pulling] client count 0

2026-05-04 15:36:19,243 INFO groupCount = 0, subscriberClientCount = 0, subscriberCount = 0

2026-05-04 15:36:19,314 INFO toNotifyTaskSize = 0

2026-05-04 15:36:19,314 INFO toClientNotifyTaskSize = 0

2026-05-04 15:36:28,938 INFO [long-pulling] client count 0

2026-05-04 15:36:29,243 INFO groupCount = 0, subscriberClientCount = 0, subscriberCount = 0

2026-05-04 15:36:29,315 INFO toNotifyTaskSize = 0

2026-05-04 15:36:29,315 INFO toClientNotifyTaskSize = 0

2026-05-04 15:36:38,939 INFO [long-pulling] client count 0

2026-05-04 15:36:39,244 INFO groupCount = 0, subscriberClientCount = 0, subscriberCount = 0

2026-05-04 15:36:39,316 INFO toNotifyTaskSize = 0

2026-05-04 15:36:39,316 INFO toClientNotifyTaskSize = 0

2026-05-04 15:36:48,939 INFO [long-pulling] client count 0

2026-05-04 15:36:49,243 INFO groupCount = 0, subscriberClientCount = 0, subscriberCount = 0

2026-05-04 15:36:49,316 INFO toNotifyTaskSize = 0

2026-05-04 15:36:49,316 INFO toClientNotifyTaskSize = 0

2026-05-04 15:36:58,939 INFO [long-pulling] client count 0

2026-05-04 15:36:59,244 INFO groupCount = 0, subscriberClientCount = 0, subscriberCount = 0

2026-05-04 15:36:59,317 INFO toNotifyTaskSize = 0

2026-05-04 15:36:59,318 INFO toClientNotifyTaskSize = 0

2026-05-04 15:37:08,940 INFO [long-pulling] client count 0

2026-05-04 15:37:09,245 INFO groupCount = 0, subscriberClientCount = 0, subscriberCount = 0

2026-05-04 15:37:09,318 INFO toNotifyTaskSize = 0

2026-05-04 15:37:09,318 INFO toClientNotifyTaskSize = 0

2026-05-04 15:37:18,939 INFO [long-pulling] client count 0

2026-05-04 15:37:19,244 INFO groupCount = 0, subscriberClientCount = 0, subscriberCount = 0

2026-05-04 15:37:19,317 INFO toNotifyTaskSize = 0

2026-05-04 15:37:19,318 INFO toClientNotifyTaskSize = 0

2026-05-04 15:37:28,940 INFO [long-pulling] client count 0

2026-05-04 15:37:29,244 INFO groupCount = 0, subscriberClientCount = 0, subscriberCount = 0

2026-05-04 15:37:29,319 INFO toNotifyTaskSize = 0

2026-05-04 15:37:29,319 INFO toClientNotifyTaskSize = 0

2026-05-04 15:37:38,940 INFO [long-pulling] client count 0

2026-05-04 15:37:39,245 INFO groupCount = 0, subscriberClientCount = 0, subscriberCount = 0

2026-05-04 15:37:39,320 INFO toNotifyTaskSize = 0

2026-05-04 15:37:39,320 INFO toClientNotifyTaskSize = 0

2026-05-04 15:37:48,939 INFO [long-pulling] client count 0

2026-05-04 15:37:49,244 INFO groupCount = 0, subscriberClientCount = 0, subscriberCount = 0

2026-05-04 15:37:49,319 INFO toNotifyTaskSize = 0

2026-05-04 15:37:49,320 INFO toClientNotifyTaskSize = 0

2026-05-04 15:37:58,940 INFO [long-pulling] client count 0

2026-05-04 15:37:59,245 INFO groupCount = 0, subscriberClientCount = 0, subscriberCount = 0

2026-05-04 15:37:59,320 INFO toNotifyTaskSize = 0

2026-05-04 15:37:59,321 INFO toClientNotifyTaskSize = 0

2026-05-04 15:38:08,940 INFO [long-pulling] client count 0

2026-05-04 15:38:09,245 INFO groupCount = 0, subscriberClientCount = 0, subscriberCount = 0

2026-05-04 15:38:09,321 INFO toNotifyTaskSize = 0

2026-05-04 15:38:09,322 INFO toClientNotifyTaskSize = 0

2026-05-04 15:38:18,939 INFO [long-pulling] client count 0

2026-05-04 15:38:19,244 INFO groupCount = 0, subscriberClientCount = 0, subscriberCount = 0

2026-05-04 15:38:19,321 INFO toNotifyTaskSize = 0

2026-05-04 15:38:19,321 INFO toClientNotifyTaskSize = 0

2026-05-04 15:38:28,940 INFO [long-pulling] client count 0

2026-05-04 15:38:29,245 INFO groupCount = 0, subscriberClientCount = 0, subscriberCount = 0

2026-05-04 15:38:29,322 INFO toNotifyTaskSize = 0

2026-05-04 15:38:29,322 INFO toClientNotifyTaskSize = 0

2026-05-04 15:38:38,940 INFO [long-pulling] client count 0

2026-05-04 15:38:39,245 INFO groupCount = 0, subscriberClientCount = 0, subscriberCount = 0

2026-05-04 15:38:39,323 INFO toNotifyTaskSize = 0

2026-05-04 15:38:39,323 INFO toClientNotifyTaskSize = 0

2026-05-04 15:38:48,939 INFO [long-pulling] client count 0

2026-05-04 15:38:49,244 INFO groupCount = 0, subscriberClientCount = 0, subscriberCount = 0

2026-05-04 15:38:49,322 INFO toNotifyTaskSize = 0

2026-05-04 15:38:49,323 INFO toClientNotifyTaskSize = 0

2026-05-04 15:38:58,940 INFO [long-pulling] client count 0

2026-05-04 15:38:59,245 INFO groupCount = 0, subscriberClientCount = 0, subscriberCount = 0

2026-05-04 15:38:59,323 INFO toNotifyTaskSize = 0

2026-05-04 15:38:59,324 INFO toClientNotifyTaskSize = 0

2026-05-04 15:39:08,940 INFO [long-pulling] client count 0

2026-05-04 15:39:09,245 INFO groupCount = 0, subscriberClientCount = 0, subscriberCount = 0

2026-05-04 15:39:09,324 INFO toNotifyTaskSize = 0

2026-05-04 15:39:09,325 INFO toClientNotifyTaskSize = 0

2026-05-04 15:39:18,939 INFO [long-pulling] client count 0

2026-05-04 15:39:19,244 INFO groupCount = 0, subscriberClientCount = 0, subscriberCount = 0

2026-05-04 15:39:19,324 INFO toNotifyTaskSize = 0

2026-05-04 15:39:19,324 INFO toClientNotifyTaskSize = 0

2026-05-04 15:39:28,940 INFO [long-pulling] client count 0

2026-05-04 15:39:29,245 INFO groupCount = 0, subscriberClientCount = 0, subscriberCount = 0

2026-05-04 15:39:29,324 INFO toNotifyTaskSize = 0

2026-05-04 15:39:29,325 INFO toClientNotifyTaskSize = 0

2026-05-04 15:39:38,940 INFO [long-pulling] client count 0

2026-05-04 15:39:39,246 INFO groupCount = 0, subscriberClientCount = 0, subscriberCount = 0

2026-05-04 15:39:39,325 INFO toNotifyTaskSize = 0

2026-05-04 15:39:39,326 INFO toClientNotifyTaskSize = 0

2026-05-04 15:39:48,939 INFO [long-pulling] client count 0

2026-05-04 15:39:49,245 INFO groupCount = 0, subscriberClientCount = 0, subscriberCount = 0

2026-05-04 15:39:49,325 INFO toNotifyTaskSize = 0

2026-05-04 15:39:49,325 INFO toClientNotifyTaskSize = 0

2026-05-04 15:39:58,939 INFO [long-pulling] client count 0

2026-05-04 15:39:59,245 INFO groupCount = 0, subscriberClientCount = 0, subscriberCount = 0

2026-05-04 15:39:59,325 INFO toNotifyTaskSize = 0

2026-05-04 15:39:59,326 INFO toClientNotifyTaskSize = 0

2026-05-04 15:40:08,940 INFO [long-pulling] client count 0

2026-05-04 15:40:09,246 INFO groupCount = 0, subscriberClientCount = 0, subscriberCount = 0

2026-05-04 15:40:09,326 INFO toNotifyTaskSize = 0

2026-05-04 15:40:09,327 INFO toClientNotifyTaskSize = 0

2026-05-04 15:40:18,939 INFO [long-pulling] client count 0

2026-05-04 15:40:19,245 INFO groupCount = 0, subscriberClientCount = 0, subscriberCount = 0

2026-05-04 15:40:19,326 INFO toNotifyTaskSize = 0

2026-05-04 15:40:19,326 INFO toClientNotifyTaskSize = 0

2026-05-04 15:40:28,939 INFO [long-pulling] client count 0

2026-05-04 15:40:29,245 INFO groupCount = 0, subscriberClientCount = 0, subscriberCount = 0

2026-05-04 15:40:29,327 INFO toNotifyTaskSize = 0

2026-05-04 15:40:29,327 INFO toClientNotifyTaskSize = 0

2026-05-04 15:40:38,940 INFO [long-pulling] client count 0

2026-05-04 15:40:39,246 INFO groupCount = 0, subscriberClientCount = 0, subscriberCount = 0

2026-05-04 15:40:39,328 INFO toNotifyTaskSize = 0

2026-05-04 15:40:39,328 INFO toClientNotifyTaskSize = 0

2026-05-04 15:40:48,940 INFO [long-pulling] client count 0

2026-05-04 15:40:49,246 INFO groupCount = 0, subscriberClientCount = 0, subscriberCount = 0

2026-05-04 15:40:49,327 INFO toNotifyTaskSize = 0

2026-05-04 15:40:49,328 INFO toClientNotifyTaskSize = 0

2026-05-04 15:40:58,940 INFO [long-pulling] client count 0

2026-05-04 15:40:59,247 INFO groupCount = 0, subscriberClientCount = 0, subscriberCount = 0

2026-05-04 15:40:59,328 INFO toNotifyTaskSize = 0

2026-05-04 15:40:59,329 INFO toClientNotifyTaskSize = 0

2026-05-04 15:41:08,941 INFO [long-pulling] client count 0

2026-05-04 15:41:09,247 INFO groupCount = 0, subscriberClientCount = 0, subscriberCount = 0

2026-05-04 15:41:09,329 INFO toNotifyTaskSize = 0

2026-05-04 15:41:09,329 INFO toClientNotifyTaskSize = 0

2026-05-04 15:41:18,940 INFO [long-pulling] client count 0

2026-05-04 15:41:19,246 INFO groupCount = 0, subscriberClientCount = 0, subscriberCount = 0

2026-05-04 15:41:19,328 INFO toNotifyTaskSize = 0

2026-05-04 15:41:19,329 INFO toClientNotifyTaskSize = 0

2026-05-04 15:41:28,940 INFO [long-pulling] client count 0

2026-05-04 15:41:29,246 INFO groupCount = 0, subscriberClientCount = 0, subscriberCount = 0

2026-05-04 15:41:29,329 INFO toNotifyTaskSize = 0

2026-05-04 15:41:29,329 INFO toClientNotifyTaskSize = 0

2026-05-04 15:41:38,941 INFO [long-pulling] client count 0

2026-05-04 15:41:39,247 INFO groupCount = 0, subscriberClientCount = 0, subscriberCount = 0

2026-05-04 15:41:39,330 INFO toNotifyTaskSize = 0

2026-05-04 15:41:39,330 INFO toClientNotifyTaskSize = 0

2026-05-04 15:41:48,940 INFO [long-pulling] client count 0

2026-05-04 15:41:49,246 INFO groupCount = 0, subscriberClientCount = 0, subscriberCount = 0

2026-05-04 15:41:49,329 INFO toNotifyTaskSize = 0

2026-05-04 15:41:49,330 INFO toClientNotifyTaskSize = 0

2026-05-04 15:41:58,940 INFO [long-pulling] client count 0

2026-05-04 15:41:59,247 INFO groupCount = 0, subscriberClientCount = 0, subscriberCount = 0

2026-05-04 15:41:59,330 INFO toNotifyTaskSize = 0

2026-05-04 15:41:59,330 INFO toClientNotifyTaskSize = 0

2026-05-04 15:42:08,941 INFO [long-pulling] client count 0

2026-05-04 15:42:09,247 INFO groupCount = 0, subscriberClientCount = 0, subscriberCount = 0

2026-05-04 15:42:09,331 INFO toNotifyTaskSize = 0

2026-05-04 15:42:09,331 INFO toClientNotifyTaskSize = 0

2026-05-04 15:42:18,940 INFO [long-pulling] client count 0

2026-05-04 15:42:19,246 INFO groupCount = 0, subscriberClientCount = 0, subscriberCount = 0

2026-05-04 15:42:19,330 INFO toNotifyTaskSize = 0

2026-05-04 15:42:19,331 INFO toClientNotifyTaskSize = 0

2026-05-04 15:42:28,941 INFO [long-pulling] client count 0

2026-05-04 15:42:29,247 INFO groupCount = 0, subscriberClientCount = 0, subscriberCount = 0

2026-05-04 15:42:29,331 INFO toNotifyTaskSize = 0

2026-05-04 15:42:29,332 INFO toClientNotifyTaskSize = 0

2026-05-04 15:42:38,941 INFO [long-pulling] client count 0

2026-05-04 15:42:39,248 INFO groupCount = 0, subscriberClientCount = 0, subscriberCount = 0

2026-05-04 15:42:39,332 INFO toNotifyTaskSize = 0

2026-05-04 15:42:39,332 INFO toClientNotifyTaskSize = 0

2026-05-04 15:42:48,940 INFO [long-pulling] client count 0

2026-05-04 15:42:49,247 INFO groupCount = 0, subscriberClientCount = 0, subscriberCount = 0

2026-05-04 15:42:49,331 INFO toNotifyTaskSize = 0

2026-05-04 15:42:49,332 INFO toClientNotifyTaskSize = 0

2026-05-04 15:42:58,941 INFO [long-pulling] client count 0

2026-05-04 15:42:59,247 INFO groupCount = 0, subscriberClientCount = 0, subscriberCount = 0

2026-05-04 15:42:59,333 INFO toNotifyTaskSize = 0

2026-05-04 15:42:59,333 INFO toClientNotifyTaskSize = 0

2026-05-04 15:43:08,941 INFO [long-pulling] client count 0

2026-05-04 15:43:09,248 INFO groupCount = 0, subscriberClientCount = 0, subscriberCount = 0

2026-05-04 15:43:09,334 INFO toNotifyTaskSize = 0

2026-05-04 15:43:09,334 INFO toClientNotifyTaskSize = 0

2026-05-04 15:43:18,941 INFO [long-pulling] client count 0

2026-05-04 15:43:19,247 INFO groupCount = 0, subscriberClientCount = 0, subscriberCount = 0

2026-05-04 15:43:19,333 INFO toNotifyTaskSize = 0

2026-05-04 15:43:19,333 INFO toClientNotifyTaskSize = 0

2026-05-04 15:43:28,941 INFO [long-pulling] client count 0

2026-05-04 15:43:29,248 INFO groupCount = 0, subscriberClientCount = 0, subscriberCount = 0

2026-05-04 15:43:29,334 INFO toNotifyTaskSize = 0

2026-05-04 15:43:29,334 INFO toClientNotifyTaskSize = 0

2026-05-04 15:43:38,942 INFO [long-pulling] client count 0

2026-05-04 15:43:39,248 INFO groupCount = 0, subscriberClientCount = 0, subscriberCount = 0

2026-05-04 15:43:39,335 INFO toNotifyTaskSize = 0

2026-05-04 15:43:39,337 INFO toClientNotifyTaskSize = 0

2026-05-04 15:43:48,941 INFO [long-pulling] client count 0

2026-05-04 15:43:49,247 INFO groupCount = 0, subscriberClientCount = 0, subscriberCount = 0

2026-05-04 15:43:49,336 INFO toNotifyTaskSize = 0

2026-05-04 15:43:49,336 INFO toClientNotifyTaskSize = 0

2026-05-04 15:43:58,941 INFO [long-pulling] client count 0

2026-05-04 15:43:59,248 INFO groupCount = 0, subscriberClientCount = 0, subscriberCount = 0

2026-05-04 15:43:59,337 INFO toNotifyTaskSize = 0

2026-05-04 15:43:59,337 INFO toClientNotifyTaskSize = 0

2026-05-04 15:44:08,942 INFO [long-pulling] client count 0

2026-05-04 15:44:09,249 INFO groupCount = 0, subscriberClientCount = 0, subscriberCount = 0

2026-05-04 15:44:09,338 INFO toNotifyTaskSize = 0

2026-05-04 15:44:09,338 INFO toClientNotifyTaskSize = 0

2026-05-04 15:44:18,940 INFO [long-pulling] client count 0

2026-05-04 15:44:19,247 INFO groupCount = 0, subscriberClientCount = 0, subscriberCount = 0

2026-05-04 15:44:19,336 INFO toNotifyTaskSize = 0

2026-05-04 15:44:19,336 INFO toClientNotifyTaskSize = 0

2026-05-04 15:44:28,940 INFO [long-pulling] client count 0

2026-05-04 15:44:29,247 INFO groupCount = 0, subscriberClientCount = 0, subscriberCount = 0

2026-05-04 15:44:29,337 INFO toNotifyTaskSize = 0

2026-05-04 15:44:29,337 INFO toClientNotifyTaskSize = 0

2026-05-04 15:44:38,941 INFO [long-pulling] client count 0

2026-05-04 15:44:39,248 INFO groupCount = 0, subscriberClientCount = 0, subscriberCount = 0

2026-05-04 15:44:39,338 INFO toNotifyTaskSize = 0

2026-05-04 15:44:39,338 INFO toClientNotifyTaskSize = 0

2026-05-04 15:44:48,941 INFO [long-pulling] client count 0

2026-05-04 15:44:49,248 INFO groupCount = 0, subscriberClientCount = 0, subscriberCount = 0

2026-05-04 15:44:49,338 INFO toNotifyTaskSize = 0

2026-05-04 15:44:49,339 INFO toClientNotifyTaskSize = 0

2026-05-04 15:44:58,942 INFO [long-pulling] client count 0

2026-05-04 15:44:59,249 INFO groupCount = 0, subscriberClientCount = 0, subscriberCount = 0

2026-05-04 15:44:59,339 INFO toNotifyTaskSize = 0

2026-05-04 15:44:59,339 INFO toClientNotifyTaskSize = 0

2026-05-04 15:45:08,942 INFO [long-pulling] client count 0

2026-05-04 15:45:09,249 INFO groupCount = 0, subscriberClientCount = 0, subscriberCount = 0

2026-05-04 15:45:09,340 INFO toNotifyTaskSize = 0

2026-05-04 15:45:09,340 INFO toClientNotifyTaskSize = 0

2026-05-04 15:45:18,941 INFO [long-pulling] client count 0

2026-05-04 15:45:19,249 INFO groupCount = 0, subscriberClientCount = 0, subscriberCount = 0

2026-05-04 15:45:19,339 INFO toNotifyTaskSize = 0

2026-05-04 15:45:19,340 INFO toClientNotifyTaskSize = 0

2026-05-04 15:45:28,942 INFO [long-pulling] client count 0

2026-05-04 15:45:29,249 INFO groupCount = 0, subscriberClientCount = 0, subscriberCount = 0

2026-05-04 15:45:29,340 INFO toNotifyTaskSize = 0

2026-05-04 15:45:29,341 INFO toClientNotifyTaskSize = 0

2026-05-04 15:45:38,942 INFO [long-pulling] client count 0

2026-05-04 15:45:39,250 INFO groupCount = 0, subscriberClientCount = 0, subscriberCount = 0

2026-05-04 15:45:39,341 INFO toNotifyTaskSize = 0

2026-05-04 15:45:39,342 INFO toClientNotifyTaskSize = 0

2026-05-04 15:45:48,941 INFO [long-pulling] client count 0

2026-05-04 15:45:49,249 INFO groupCount = 0, subscriberClientCount = 0, subscriberCount = 0

2026-05-04 15:45:49,341 INFO toNotifyTaskSize = 0

2026-05-04 15:45:49,341 INFO toClientNotifyTaskSize = 0

2026-05-04 15:45:58,942 INFO [long-pulling] client count 0

2026-05-04 15:45:59,250 INFO groupCount = 0, subscriberClientCount = 0, subscriberCount = 0

2026-05-04 15:45:59,341 INFO toNotifyTaskSize = 0

2026-05-04 15:45:59,342 INFO toClientNotifyTaskSize = 0

2026-05-04 15:46:08,943 INFO [long-pulling] client count 0

2026-05-04 15:46:09,250 INFO groupCount = 0, subscriberClientCount = 0, subscriberCount = 0

2026-05-04 15:46:09,342 INFO toNotifyTaskSize = 0

2026-05-04 15:46:09,343 INFO toClientNotifyTaskSize = 0

2026-05-04 15:46:18,941 INFO [long-pulling] client count 0

2026-05-04 15:46:19,249 INFO groupCount = 0, subscriberClientCount = 0, subscriberCount = 0

2026-05-04 15:46:19,342 INFO toNotifyTaskSize = 0

2026-05-04 15:46:19,342 INFO toClientNotifyTaskSize = 0

2026-05-04 15:46:28,942 INFO [long-pulling] client count 0

2026-05-04 15:46:29,250 INFO groupCount = 0, subscriberClientCount = 0, subscriberCount = 0

2026-05-04 15:46:29,343 INFO toNotifyTaskSize = 0

2026-05-04 15:46:29,343 INFO toClientNotifyTaskSize = 0

2026-05-04 15:46:38,943 INFO [long-pulling] client count 0

2026-05-04 15:46:39,251 INFO groupCount = 0, subscriberClientCount = 0, subscriberCount = 0

2026-05-04 15:46:39,344 INFO toNotifyTaskSize = 0

2026-05-04 15:46:39,344 INFO toClientNotifyTaskSize = 0

2026-05-04 15:46:48,942 INFO [long-pulling] client count 0

2026-05-04 15:46:49,250 INFO groupCount = 0, subscriberClientCount = 0, subscriberCount = 0

2026-05-04 15:46:49,343 INFO toNotifyTaskSize = 0

2026-05-04 15:46:49,343 INFO toClientNotifyTaskSize = 0

2026-05-04 15:46:58,943 INFO [long-pulling] client count 0

2026-05-04 15:46:59,250 INFO groupCount = 0, subscriberClientCount = 0, subscriberCount = 0

2026-05-04 15:46:59,344 INFO toNotifyTaskSize = 0

2026-05-04 15:46:59,344 INFO toClientNotifyTaskSize = 0

2026-05-04 15:47:08,944 INFO [long-pulling] client count 0

2026-05-04 15:47:09,251 INFO groupCount = 0, subscriberClientCount = 0, subscriberCount = 0

2026-05-04 15:47:09,345 INFO toNotifyTaskSize = 0

2026-05-04 15:47:09,345 INFO toClientNotifyTaskSize = 0

2026-05-04 15:47:18,951 INFO [long-pulling] client count 0

2026-05-04 15:47:19,251 INFO groupCount = 0, subscriberClientCount = 0, subscriberCount = 0

2026-05-04 15:47:19,344 INFO toNotifyTaskSize = 0

2026-05-04 15:47:19,344 INFO toClientNotifyTaskSize = 0

2026-05-04 15:47:28,951 INFO [long-pulling] client count 0

2026-05-04 15:47:29,251 INFO groupCount = 0, subscriberClientCount = 0, subscriberCount = 0

2026-05-04 15:47:29,345 INFO toNotifyTaskSize = 0

2026-05-04 15:47:29,345 INFO toClientNotifyTaskSize = 0

2026-05-04 15:47:38,952 INFO [long-pulling] client count 0

2026-05-04 15:47:39,252 INFO groupCount = 0, subscriberClientCount = 0, subscriberCount = 0

2026-05-04 15:47:39,346 INFO toNotifyTaskSize = 0

2026-05-04 15:47:39,346 INFO toClientNotifyTaskSize = 0

2026-05-04 15:47:48,951 INFO [long-pulling] client count 0

2026-05-04 15:47:49,251 INFO groupCount = 0, subscriberClientCount = 0, subscriberCount = 0

2026-05-04 15:47:49,345 INFO toNotifyTaskSize = 0

2026-05-04 15:47:49,346 INFO toClientNotifyTaskSize = 0

2026-05-04 15:47:58,952 INFO [long-pulling] client count 0

2026-05-04 15:47:59,252 INFO groupCount = 0, subscriberClientCount = 0, subscriberCount = 0

2026-05-04 15:47:59,346 INFO toNotifyTaskSize = 0

2026-05-04 15:47:59,370 INFO toClientNotifyTaskSize = 0

2026-05-04 15:48:08,952 INFO [long-pulling] client count 0

2026-05-04 15:48:09,270 INFO groupCount = 0, subscriberClientCount = 0, subscriberCount = 0

2026-05-04 15:48:09,371 INFO toNotifyTaskSize = 0

2026-05-04 15:48:09,371 INFO toClientNotifyTaskSize = 0

2026-05-04 15:48:18,951 INFO [long-pulling] client count 0

2026-05-04 15:48:19,269 INFO groupCount = 0, subscriberClientCount = 0, subscriberCount = 0

2026-05-04 15:48:19,369 INFO toNotifyTaskSize = 0

2026-05-04 15:48:19,370 INFO toClientNotifyTaskSize = 0

2026-05-04 15:48:28,951 INFO [long-pulling] client count 0

2026-05-04 15:48:29,269 INFO groupCount = 0, subscriberClientCount = 0, subscriberCount = 0

2026-05-04 15:48:29,370 INFO toNotifyTaskSize = 0

2026-05-04 15:48:29,371 INFO toClientNotifyTaskSize = 0

2026-05-04 15:48:38,952 INFO [long-pulling] client count 0

2026-05-04 15:48:39,270 INFO groupCount = 0, subscriberClientCount = 0, subscriberCount = 0

2026-05-04 15:48:39,371 INFO toNotifyTaskSize = 0

2026-05-04 15:48:39,372 INFO toClientNotifyTaskSize = 0

2026-05-04 15:48:48,952 INFO [long-pulling] client count 0

2026-05-04 15:48:49,271 INFO groupCount = 0, subscriberClientCount = 0, subscriberCount = 0

2026-05-04 15:48:49,372 INFO toNotifyTaskSize = 0

2026-05-04 15:48:49,372 INFO toClientNotifyTaskSize = 0

2026-05-04 15:48:58,953 INFO [long-pulling] client count 0

2026-05-04 15:48:59,271 INFO groupCount = 0, subscriberClientCount = 0, subscriberCount = 0

2026-05-04 15:48:59,373 INFO toNotifyTaskSize = 0

2026-05-04 15:48:59,373 INFO toClientNotifyTaskSize = 0

2026-05-04 15:49:08,954 INFO [long-pulling] client count 0

2026-05-04 15:49:09,272 INFO groupCount = 0, subscriberClientCount = 0, subscriberCount = 0

2026-05-04 15:49:09,373 INFO toNotifyTaskSize = 0

2026-05-04 15:49:09,374 INFO toClientNotifyTaskSize = 0

2026-05-04 15:49:18,953 INFO [long-pulling] client count 0

2026-05-04 15:49:19,271 INFO groupCount = 0, subscriberClientCount = 0, subscriberCount = 0

2026-05-04 15:49:19,373 INFO toNotifyTaskSize = 0

2026-05-04 15:49:19,373 INFO toClientNotifyTaskSize = 0

2026-05-04 15:49:28,954 INFO [long-pulling] client count 0

2026-05-04 15:49:29,271 INFO groupCount = 0, subscriberClientCount = 0, subscriberCount = 0

2026-05-04 15:49:29,374 INFO toNotifyTaskSize = 0

2026-05-04 15:49:29,374 INFO toClientNotifyTaskSize = 0

2026-05-04 15:49:38,954 INFO [long-pulling] client count 0

2026-05-04 15:49:39,272 INFO groupCount = 0, subscriberClientCount = 0, subscriberCount = 0

2026-05-04 15:49:39,375 INFO toNotifyTaskSize = 0

2026-05-04 15:49:39,375 INFO toClientNotifyTaskSize = 0

2026-05-04 15:49:48,953 INFO [long-pulling] client count 0

2026-05-04 15:49:49,271 INFO groupCount = 0, subscriberClientCount = 0, subscriberCount = 0

2026-05-04 15:49:49,374 INFO toNotifyTaskSize = 0

2026-05-04 15:49:49,375 INFO toClientNotifyTaskSize = 0

2026-05-04 15:49:58,954 INFO [long-pulling] client count 0

2026-05-04 15:49:59,271 INFO groupCount = 0, subscriberClientCount = 0, subscriberCount = 0

2026-05-04 15:49:59,375 INFO toNotifyTaskSize = 0

2026-05-04 15:49:59,376 INFO toClientNotifyTaskSize = 0

2026-05-04 15:50:08,954 INFO [long-pulling] client count 0

2026-05-04 15:50:09,272 INFO groupCount = 0, subscriberClientCount = 0, subscriberCount = 0

2026-05-04 15:50:09,376 INFO toNotifyTaskSize = 0

2026-05-04 15:50:09,377 INFO toClientNotifyTaskSize = 0

2026-05-04 15:50:18,954 INFO [long-pulling] client count 0

2026-05-04 15:50:19,271 INFO groupCount = 0, subscriberClientCount = 0, subscriberCount = 0

2026-05-04 15:50:19,376 INFO toNotifyTaskSize = 0

2026-05-04 15:50:19,377 INFO toClientNotifyTaskSize = 0

2026-05-04 15:50:28,954 INFO [long-pulling] client count 0

2026-05-04 15:50:29,272 INFO groupCount = 0, subscriberClientCount = 0, subscriberCount = 0

2026-05-04 15:50:29,377 INFO toNotifyTaskSize = 0

2026-05-04 15:50:29,378 INFO toClientNotifyTaskSize = 0

2026-05-04 15:50:38,955 INFO [long-pulling] client count 0

2026-05-04 15:50:39,273 INFO groupCount = 0, subscriberClientCount = 0, subscriberCount = 0

2026-05-04 15:50:39,378 INFO toNotifyTaskSize = 0

2026-05-04 15:50:39,379 INFO toClientNotifyTaskSize = 0

2026-05-04 15:50:48,954 INFO [long-pulling] client count 0

2026-05-04 15:50:49,272 INFO groupCount = 0, subscriberClientCount = 0, subscriberCount = 0

2026-05-04 15:50:49,378 INFO toNotifyTaskSize = 0

2026-05-04 15:50:49,378 INFO toClientNotifyTaskSize = 0

2026-05-04 15:50:58,955 INFO [long-pulling] client count 0

2026-05-04 15:50:59,273 INFO groupCount = 0, subscriberClientCount = 0, subscriberCount = 0

2026-05-04 15:50:59,379 INFO toNotifyTaskSize = 0

2026-05-04 15:50:59,379 INFO toClientNotifyTaskSize = 0

2026-05-04 15:51:08,956 INFO [long-pulling] client count 0

2026-05-04 15:51:09,273 INFO groupCount = 0, subscriberClientCount = 0, subscriberCount = 0

2026-05-04 15:51:09,380 INFO toNotifyTaskSize = 0

2026-05-04 15:51:09,380 INFO toClientNotifyTaskSize = 0

2026-05-04 15:51:18,954 INFO [long-pulling] client count 0

2026-05-04 15:51:19,273 INFO groupCount = 0, subscriberClientCount = 0, subscriberCount = 0

2026-05-04 15:51:19,379 INFO toNotifyTaskSize = 0

2026-05-04 15:51:19,379 INFO toClientNotifyTaskSize = 0

2026-05-04 15:51:28,955 INFO [long-pulling] client count 0

2026-05-04 15:51:29,273 INFO groupCount = 0, subscriberClientCount = 0, subscriberCount = 0

2026-05-04 15:51:29,380 INFO toNotifyTaskSize = 0

2026-05-04 15:51:29,380 INFO toClientNotifyTaskSize = 0

2026-05-04 15:51:38,955 INFO [long-pulling] client count 0

2026-05-04 15:51:39,274 INFO groupCount = 0, subscriberClientCount = 0, subscriberCount = 0

2026-05-04 15:51:39,380 INFO toNotifyTaskSize = 0

2026-05-04 15:51:39,381 INFO toClientNotifyTaskSize = 0

2026-05-04 15:51:48,955 INFO [long-pulling] client count 0

2026-05-04 15:51:49,273 INFO groupCount = 0, subscriberClientCount = 0, subscriberCount = 0

2026-05-04 15:51:49,380 INFO toNotifyTaskSize = 0

2026-05-04 15:51:49,380 INFO toClientNotifyTaskSize = 0

2026-05-04 15:51:58,955 INFO [long-pulling] client count 0

2026-05-04 15:51:59,274 INFO groupCount = 0, subscriberClientCount = 0, subscriberCount = 0

2026-05-04 15:51:59,381 INFO toNotifyTaskSize = 0

2026-05-04 15:51:59,381 INFO toClientNotifyTaskSize = 0

2026-05-04 15:52:08,956 INFO [long-pulling] client count 0

2026-05-04 15:52:09,275 INFO groupCount = 0, subscriberClientCount = 0, subscriberCount = 0

2026-05-04 15:52:09,381 INFO toNotifyTaskSize = 0

2026-05-04 15:52:09,382 INFO toClientNotifyTaskSize = 0

2026-05-04 15:52:18,954 INFO [long-pulling] client count 0

2026-05-04 15:52:19,273 INFO groupCount = 0, subscriberClientCount = 0, subscriberCount = 0

2026-05-04 15:52:19,380 INFO toNotifyTaskSize = 0

2026-05-04 15:52:19,380 INFO toClientNotifyTaskSize = 0

2026-05-04 15:52:28,955 INFO [long-pulling] client count 0

2026-05-04 15:52:29,274 INFO groupCount = 0, subscriberClientCount = 0, subscriberCount = 0

2026-05-04 15:52:29,381 INFO toNotifyTaskSize = 0

2026-05-04 15:52:29,381 INFO toClientNotifyTaskSize = 0

2026-05-04 15:52:38,955 INFO [long-pulling] client count 0

2026-05-04 15:52:39,274 INFO groupCount = 0, subscriberClientCount = 0, subscriberCount = 0

2026-05-04 15:52:39,381 INFO toNotifyTaskSize = 0

2026-05-04 15:52:39,382 INFO toClientNotifyTaskSize = 0

2026-05-04 15:52:48,955 INFO [long-pulling] client count 0

2026-05-04 15:52:49,274 INFO groupCount = 0, subscriberClientCount = 0, subscriberCount = 0

2026-05-04 15:52:49,382 INFO toNotifyTaskSize = 0

2026-05-04 15:52:49,382 INFO toClientNotifyTaskSize = 0

2026-05-04 15:52:58,955 INFO [long-pulling] client count 0

2026-05-04 15:52:59,275 INFO groupCount = 0, subscriberClientCount = 0, subscriberCount = 0

2026-05-04 15:52:59,383 INFO toNotifyTaskSize = 0

2026-05-04 15:52:59,383 INFO toClientNotifyTaskSize = 0

2026-05-04 15:53:08,956 INFO [long-pulling] client count 0

2026-05-04 15:53:09,275 INFO groupCount = 0, subscriberClientCount = 0, subscriberCount = 0

2026-05-04 15:53:09,384 INFO toNotifyTaskSize = 0

2026-05-04 15:53:09,384 INFO toClientNotifyTaskSize = 0

2026-05-04 15:53:18,955 INFO [long-pulling] client count 0

2026-05-04 15:53:19,275 INFO groupCount = 0, subscriberClientCount = 0, subscriberCount = 0

2026-05-04 15:53:19,383 INFO toNotifyTaskSize = 0

2026-05-04 15:53:19,384 INFO toClientNotifyTaskSize = 0

2026-05-04 15:53:28,955 INFO [long-pulling] client count 0

2026-05-04 15:53:29,276 INFO groupCount = 0, subscriberClientCount = 0, subscriberCount = 0

2026-05-04 15:53:29,385 INFO toNotifyTaskSize = 0

2026-05-04 15:53:29,385 INFO toClientNotifyTaskSize = 0

2026-05-04 15:53:38,956 INFO [long-pulling] client count 0

2026-05-04 15:53:39,277 INFO groupCount = 0, subscriberClientCount = 0, subscriberCount = 0

2026-05-04 15:53:39,386 INFO toNotifyTaskSize = 0

2026-05-04 15:53:39,386 INFO toClientNotifyTaskSize = 0

2026-05-04 15:53:48,955 INFO [long-pulling] client count 0

2026-05-04 15:53:49,276 INFO groupCount = 0, subscriberClientCount = 0, subscriberCount = 0

2026-05-04 15:53:49,385 INFO toNotifyTaskSize = 0

2026-05-04 15:53:49,386 INFO toClientNotifyTaskSize = 0

2026-05-04 15:53:58,956 INFO [long-pulling] client count 0

2026-05-04 15:53:59,277 INFO groupCount = 0, subscriberClientCount = 0, subscriberCount = 0

2026-05-04 15:53:59,386 INFO toNotifyTaskSize = 0

2026-05-04 15:53:59,387 INFO toClientNotifyTaskSize = 0

2026-05-04 15:54:08,956 INFO [long-pulling] client count 0

2026-05-04 15:54:09,277 INFO groupCount = 0, subscriberClientCount = 0, subscriberCount = 0

2026-05-04 15:54:09,387 INFO toNotifyTaskSize = 0

2026-05-04 15:54:09,388 INFO toClientNotifyTaskSize = 0

2026-05-04 15:54:18,960 INFO [long-pulling] client count 0

2026-05-04 15:54:19,276 INFO groupCount = 0, subscriberClientCount = 0, subscriberCount = 0

2026-05-04 15:54:19,386 INFO toNotifyTaskSize = 0

2026-05-04 15:54:19,387 INFO toClientNotifyTaskSize = 0

2026-05-04 15:54:28,961 INFO [long-pulling] client count 0

2026-05-04 15:54:29,277 INFO groupCount = 0, subscriberClientCount = 0, subscriberCount = 0

2026-05-04 15:54:29,387 INFO toNotifyTaskSize = 0

2026-05-04 15:54:29,388 INFO toClientNotifyTaskSize = 0

2026-05-04 15:54:38,961 INFO [long-pulling] client count 0

2026-05-04 15:54:39,277 INFO groupCount = 0, subscriberClientCount = 0, subscriberCount = 0

2026-05-04 15:54:39,388 INFO toNotifyTaskSize = 0

2026-05-04 15:54:39,388 INFO toClientNotifyTaskSize = 0

2026-05-04 15:54:48,961 INFO [long-pulling] client count 0

2026-05-04 15:54:49,277 INFO groupCount = 0, subscriberClientCount = 0, subscriberCount = 0

2026-05-04 15:54:49,388 INFO toNotifyTaskSize = 0

2026-05-04 15:54:49,389 INFO toClientNotifyTaskSize = 0

2026-05-04 15:54:58,962 INFO [long-pulling] client count 0

2026-05-04 15:54:59,278 INFO groupCount = 0, subscriberClientCount = 0, subscriberCount = 0

2026-05-04 15:54:59,389 INFO toNotifyTaskSize = 0

2026-05-04 15:54:59,389 INFO toClientNotifyTaskSize = 0

2026-05-04 15:55:08,963 INFO [long-pulling] client count 0

2026-05-04 15:55:09,278 INFO groupCount = 0, subscriberClientCount = 0, subscriberCount = 0

2026-05-04 15:55:09,390 INFO toNotifyTaskSize = 0

2026-05-04 15:55:09,390 INFO toClientNotifyTaskSize = 0

2026-05-04 15:55:18,962 INFO [long-pulling] client count 0

2026-05-04 15:55:19,278 INFO groupCount = 0, subscriberClientCount = 0, subscriberCount = 0

2026-05-04 15:55:19,389 INFO toNotifyTaskSize = 0

2026-05-04 15:55:19,390 INFO toClientNotifyTaskSize = 0

2026-05-04 15:55:28,963 INFO [long-pulling] client count 0

2026-05-04 15:55:29,278 INFO groupCount = 0, subscriberClientCount = 0, subscriberCount = 0

2026-05-04 15:55:29,390 INFO toNotifyTaskSize = 0

2026-05-04 15:55:29,391 INFO toClientNotifyTaskSize = 0

2026-05-04 15:55:38,963 INFO [long-pulling] client count 0

2026-05-04 15:55:39,279 INFO groupCount = 0, subscriberClientCount = 0, subscriberCount = 0

2026-05-04 15:55:39,391 INFO toNotifyTaskSize = 0

2026-05-04 15:55:39,392 INFO toClientNotifyTaskSize = 0

2026-05-04 15:55:48,963 INFO [long-pulling] client count 0

2026-05-04 15:55:49,278 INFO groupCount = 0, subscriberClientCount = 0, subscriberCount = 0

2026-05-04 15:55:49,390 INFO toNotifyTaskSize = 0

2026-05-04 15:55:49,391 INFO toClientNotifyTaskSize = 0

2026-05-04 15:55:58,963 INFO [long-pulling] client count 0

2026-05-04 15:55:59,278 INFO groupCount = 0, subscriberClientCount = 0, subscriberCount = 0

2026-05-04 15:55:59,391 INFO toNotifyTaskSize = 0

2026-05-04 15:55:59,392 INFO toClientNotifyTaskSize = 0

2026-05-04 15:56:08,964 INFO [long-pulling] client count 0

2026-05-04 15:56:09,279 INFO groupCount = 0, subscriberClientCount = 0, subscriberCount = 0

2026-05-04 15:56:09,392 INFO toNotifyTaskSize = 0

2026-05-04 15:56:09,393 INFO toClientNotifyTaskSize = 0

2026-05-04 15:56:18,963 INFO [long-pulling] client count 0

2026-05-04 15:56:19,278 INFO groupCount = 0, subscriberClientCount = 0, subscriberCount = 0

2026-05-04 15:56:19,392 INFO toNotifyTaskSize = 0

2026-05-04 15:56:19,392 INFO toClientNotifyTaskSize = 0

2026-05-04 15:56:28,963 INFO [long-pulling] client count 0

2026-05-04 15:56:29,278 INFO groupCount = 0, subscriberClientCount = 0, subscriberCount = 0

2026-05-04 15:56:29,392 INFO toNotifyTaskSize = 0

2026-05-04 15:56:29,393 INFO toClientNotifyTaskSize = 0

2026-05-04 15:56:38,964 INFO [long-pulling] client count 0

2026-05-04 15:56:39,279 INFO groupCount = 0, subscriberClientCount = 0, subscriberCount = 0

2026-05-04 15:56:39,393 INFO toNotifyTaskSize = 0

2026-05-04 15:56:39,394 INFO toClientNotifyTaskSize = 0

2026-05-04 15:56:48,963 INFO [long-pulling] client count 0

2026-05-04 15:56:49,278 INFO groupCount = 0, subscriberClientCount = 0, subscriberCount = 0

2026-05-04 15:56:49,393 INFO toNotifyTaskSize = 0

2026-05-04 15:56:49,393 INFO toClientNotifyTaskSize = 0

2026-05-04 15:56:58,964 INFO [long-pulling] client count 0

2026-05-04 15:56:59,279 INFO groupCount = 0, subscriberClientCount = 0, subscriberCount = 0

2026-05-04 15:56:59,394 INFO toNotifyTaskSize = 0

2026-05-04 15:56:59,394 INFO toClientNotifyTaskSize = 0

2026-05-04 15:57:08,965 INFO [long-pulling] client count 0

2026-05-04 15:57:09,279 INFO groupCount = 0, subscriberClientCount = 0, subscriberCount = 0

2026-05-04 15:57:09,394 INFO toNotifyTaskSize = 0

2026-05-04 15:57:09,395 INFO toClientNotifyTaskSize = 0

2026-05-04 15:57:18,964 INFO [long-pulling] client count 0

2026-05-04 15:57:19,278 INFO groupCount = 0, subscriberClientCount = 0, subscriberCount = 0

2026-05-04 15:57:19,394 INFO toNotifyTaskSize = 0

2026-05-04 15:57:19,394 INFO toClientNotifyTaskSize = 0

2026-05-04 15:57:28,965 INFO [long-pulling] client count 0

2026-05-04 15:57:29,279 INFO groupCount = 0, subscriberClientCount = 0, subscriberCount = 0

2026-05-04 15:57:29,395 INFO toNotifyTaskSize = 0

2026-05-04 15:57:29,395 INFO toClientNotifyTaskSize = 0

2026-05-04 15:57:38,965 INFO [long-pulling] client count 0

2026-05-04 15:57:39,279 INFO groupCount = 0, subscriberClientCount = 0, subscriberCount = 0

2026-05-04 15:57:39,396 INFO toNotifyTaskSize = 0

2026-05-04 15:57:39,396 INFO toClientNotifyTaskSize = 0

2026-05-04 15:57:48,964 INFO [long-pulling] client count 0

2026-05-04 15:57:49,279 INFO groupCount = 0, subscriberClientCount = 0, subscriberCount = 0

2026-05-04 15:57:49,395 INFO toNotifyTaskSize = 0

2026-05-04 15:57:49,395 INFO toClientNotifyTaskSize = 0

2026-05-04 15:57:58,965 INFO [long-pulling] client count 0

2026-05-04 15:57:59,279 INFO groupCount = 0, subscriberClientCount = 0, subscriberCount = 0

2026-05-04 15:57:59,396 INFO toNotifyTaskSize = 0

2026-05-04 15:57:59,396 INFO toClientNotifyTaskSize = 0

2026-05-04 15:58:08,965 INFO [long-pulling] client count 0

2026-05-04 15:58:09,280 INFO groupCount = 0, subscriberClientCount = 0, subscriberCount = 0

2026-05-04 15:58:09,396 INFO toNotifyTaskSize = 0

2026-05-04 15:58:09,397 INFO toClientNotifyTaskSize = 0

2026-05-04 15:58:18,964 INFO [long-pulling] client count 0

2026-05-04 15:58:19,279 INFO groupCount = 0, subscriberClientCount = 0, subscriberCount = 0

2026-05-04 15:58:19,396 INFO toNotifyTaskSize = 0

2026-05-04 15:58:19,396 INFO toClientNotifyTaskSize = 0

2026-05-04 15:58:28,965 INFO [long-pulling] client count 0

2026-05-04 15:58:29,280 INFO groupCount = 0, subscriberClientCount = 0, subscriberCount = 0

2026-05-04 15:58:29,396 INFO toNotifyTaskSize = 0

2026-05-04 15:58:29,397 INFO toClientNotifyTaskSize = 0

2026-05-04 15:58:38,965 INFO [long-pulling] client count 0

2026-05-04 15:58:39,280 INFO groupCount = 0, subscriberClientCount = 0, subscriberCount = 0

2026-05-04 15:58:39,397 INFO toNotifyTaskSize = 0

2026-05-04 15:58:39,398 INFO toClientNotifyTaskSize = 0

2026-05-04 15:58:48,965 INFO [long-pulling] client count 0

2026-05-04 15:58:49,280 INFO groupCount = 0, subscriberClientCount = 0, subscriberCount = 0

2026-05-04 15:58:49,397 INFO toNotifyTaskSize = 0

2026-05-04 15:58:49,397 INFO toClientNotifyTaskSize = 0

2026-05-04 15:58:58,965 INFO [long-pulling] client count 0

2026-05-04 15:58:59,280 INFO groupCount = 0, subscriberClientCount = 0, subscriberCount = 0

2026-05-04 15:58:59,398 INFO toNotifyTaskSize = 0

2026-05-04 15:58:59,398 INFO toClientNotifyTaskSize = 0

2026-05-04 15:59:08,966 INFO [long-pulling] client count 0

2026-05-04 15:59:09,281 INFO groupCount = 0, subscriberClientCount = 0, subscriberCount = 0

2026-05-04 15:59:09,398 INFO toNotifyTaskSize = 0

2026-05-04 15:59:09,399 INFO toClientNotifyTaskSize = 0

2026-05-04 15:59:18,965 INFO [long-pulling] client count 0

2026-05-04 15:59:19,280 INFO groupCount = 0, subscriberClientCount = 0, subscriberCount = 0

2026-05-04 15:59:19,398 INFO toNotifyTaskSize = 0

2026-05-04 15:59:19,398 INFO toClientNotifyTaskSize = 0

2026-05-04 15:59:28,966 INFO [long-pulling] client count 0

2026-05-04 15:59:29,280 INFO groupCount = 0, subscriberClientCount = 0, subscriberCount = 0

2026-05-04 15:59:29,399 INFO toNotifyTaskSize = 0

2026-05-04 15:59:29,399 INFO toClientNotifyTaskSize = 0

2026-05-04 15:59:38,966 INFO [long-pulling] client count 0

2026-05-04 15:59:39,281 INFO groupCount = 0, subscriberClientCount = 0, subscriberCount = 0

2026-05-04 15:59:39,399 INFO toNotifyTaskSize = 0

2026-05-04 15:59:39,400 INFO toClientNotifyTaskSize = 0

2026-05-04 15:59:48,965 INFO [long-pulling] client count 0

2026-05-04 15:59:49,280 INFO groupCount = 0, subscriberClientCount = 0, subscriberCount = 0

2026-05-04 15:59:49,399 INFO toNotifyTaskSize = 0

2026-05-04 15:59:49,399 INFO toClientNotifyTaskSize = 0

2026-05-04 15:59:58,966 INFO [long-pulling] client count 0

2026-05-04 15:59:59,280 INFO groupCount = 0, subscriberClientCount = 0, subscriberCount = 0

2026-05-04 15:59:59,400 INFO toNotifyTaskSize = 0

2026-05-04 15:59:59,400 INFO toClientNotifyTaskSize = 0

2026-05-04 16:00:08,967 INFO [long-pulling] client count 0

2026-05-04 16:00:09,281 INFO groupCount = 0, subscriberClientCount = 0, subscriberCount = 0

2026-05-04 16:00:09,401 INFO toNotifyTaskSize = 0

2026-05-04 16:00:09,401 INFO toClientNotifyTaskSize = 0

2026-05-04 16:00:18,966 INFO [long-pulling] client count 0

2026-05-04 16:00:19,280 INFO groupCount = 0, subscriberClientCount = 0, subscriberCount = 0

2026-05-04 16:00:19,400 INFO toNotifyTaskSize = 0

2026-05-04 16:00:19,401 INFO toClientNotifyTaskSize = 0

2026-05-04 16:00:28,966 INFO [long-pulling] client count 0

2026-05-04 16:00:29,281 INFO groupCount = 0, subscriberClientCount = 0, subscriberCount = 0

2026-05-04 16:00:29,401 INFO toNotifyTaskSize = 0

2026-05-04 16:00:29,402 INFO toClientNotifyTaskSize = 0

2026-05-04 16:00:38,967 INFO [long-pulling] client count 0

2026-05-04 16:00:39,282 INFO groupCount = 0, subscriberClientCount = 0, subscriberCount = 0

2026-05-04 16:00:39,402 INFO toNotifyTaskSize = 0

2026-05-04 16:00:39,403 INFO toClientNotifyTaskSize = 0

2026-05-04 16:00:48,966 INFO [long-pulling] client count 0

2026-05-04 16:00:49,281 INFO groupCount = 0, subscriberClientCount = 0, subscriberCount = 0

2026-05-04 16:00:49,402 INFO toNotifyTaskSize = 0

2026-05-04 16:00:49,402 INFO toClientNotifyTaskSize = 0

2026-05-04 16:00:58,967 INFO [long-pulling] client count 0

2026-05-04 16:00:59,281 INFO groupCount = 0, subscriberClientCount = 0, subscriberCount = 0

2026-05-04 16:00:59,403 INFO toNotifyTaskSize = 0

2026-05-04 16:00:59,403 INFO toClientNotifyTaskSize = 0

2026-05-04 16:01:08,967 INFO [long-pulling] client count 0

2026-05-04 16:01:09,282 INFO groupCount = 0, subscriberClientCount = 0, subscriberCount = 0

2026-05-04 16:01:09,404 INFO toNotifyTaskSize = 0

2026-05-04 16:01:09,404 INFO toClientNotifyTaskSize = 0

2026-05-04 16:01:18,967 INFO [long-pulling] client count 0

2026-05-04 16:01:19,281 INFO groupCount = 0, subscriberClientCount = 0, subscriberCount = 0

2026-05-04 16:01:19,404 INFO toNotifyTaskSize = 0

2026-05-04 16:01:19,404 INFO toClientNotifyTaskSize = 0

2026-05-04 16:01:28,967 INFO [long-pulling] client count 0

2026-05-04 16:01:29,282 INFO groupCount = 0, subscriberClientCount = 0, subscriberCount = 0

2026-05-04 16:01:29,404 INFO toNotifyTaskSize = 0

2026-05-04 16:01:29,405 INFO toClientNotifyTaskSize = 0

2026-05-04 16:01:38,968 INFO [long-pulling] client count 0

2026-05-04 16:01:39,282 INFO groupCount = 0, subscriberClientCount = 0, subscriberCount = 0

2026-05-04 16:01:39,405 INFO toNotifyTaskSize = 0

2026-05-04 16:01:39,405 INFO toClientNotifyTaskSize = 0

2026-05-04 16:01:48,967 INFO [long-pulling] client count 0

2026-05-04 16:01:49,282 INFO groupCount = 0, subscriberClientCount = 0, subscriberCount = 0

2026-05-04 16:01:49,405 INFO toNotifyTaskSize = 0

2026-05-04 16:01:49,405 INFO toClientNotifyTaskSize = 0

2026-05-04 16:01:58,968 INFO [long-pulling] client count 0

2026-05-04 16:01:59,282 INFO groupCount = 0, subscriberClientCount = 0, subscriberCount = 0

2026-05-04 16:01:59,405 INFO toNotifyTaskSize = 0

2026-05-04 16:01:59,406 INFO toClientNotifyTaskSize = 0

2026-05-04 16:02:08,969 INFO [long-pulling] client count 0

2026-05-04 16:02:09,283 INFO groupCount = 0, subscriberClientCount = 0, subscriberCount = 0

2026-05-04 16:02:09,406 INFO toNotifyTaskSize = 0

2026-05-04 16:02:09,407 INFO toClientNotifyTaskSize = 0

2026-05-04 16:02:18,967 INFO [long-pulling] client count 0

2026-05-04 16:02:19,282 INFO groupCount = 0, subscriberClientCount = 0, subscriberCount = 0

2026-05-04 16:02:19,406 INFO toNotifyTaskSize = 0

2026-05-04 16:02:19,406 INFO toClientNotifyTaskSize = 0

2026-05-04 16:02:28,968 INFO [long-pulling] client count 0

2026-05-04 16:02:29,282 INFO groupCount = 0, subscriberClientCount = 0, subscriberCount = 0

2026-05-04 16:02:29,406 INFO toNotifyTaskSize = 0

2026-05-04 16:02:29,407 INFO toClientNotifyTaskSize = 0

2026-05-04 16:02:38,969 INFO [long-pulling] client count 0

2026-05-04 16:02:39,283 INFO groupCount = 0, subscriberClientCount = 0, subscriberCount = 0

2026-05-04 16:02:39,407 INFO toNotifyTaskSize = 0

2026-05-04 16:02:39,408 INFO toClientNotifyTaskSize = 0

2026-05-04 16:02:48,968 INFO [long-pulling] client count 0

2026-05-04 16:02:49,282 INFO groupCount = 0, subscriberClientCount = 0, subscriberCount = 0

2026-05-04 16:02:49,407 INFO toNotifyTaskSize = 0

2026-05-04 16:02:49,407 INFO toClientNotifyTaskSize = 0

2026-05-04 16:02:58,968 INFO [long-pulling] client count 0

2026-05-04 16:02:59,283 INFO groupCount = 0, subscriberClientCount = 0, subscriberCount = 0

2026-05-04 16:02:59,407 INFO toNotifyTaskSize = 0

2026-05-04 16:02:59,408 INFO toClientNotifyTaskSize = 0

2026-05-04 16:03:08,969 INFO [long-pulling] client count 0

2026-05-04 16:03:09,283 INFO groupCount = 0, subscriberClientCount = 0, subscriberCount = 0

2026-05-04 16:03:09,408 INFO toNotifyTaskSize = 0

2026-05-04 16:03:09,408 INFO toClientNotifyTaskSize = 0

2026-05-04 16:03:18,968 INFO [long-pulling] client count 0

2026-05-04 16:03:19,283 INFO groupCount = 0, subscriberClientCount = 0, subscriberCount = 0

2026-05-04 16:03:19,408 INFO toNotifyTaskSize = 0

2026-05-04 16:03:19,408 INFO toClientNotifyTaskSize = 0

2026-05-04 16:03:28,969 INFO [long-pulling] client count 0

2026-05-04 16:03:29,283 INFO groupCount = 0, subscriberClientCount = 0, subscriberCount = 0

2026-05-04 16:03:29,408 INFO toNotifyTaskSize = 0

2026-05-04 16:03:29,409 INFO toClientNotifyTaskSize = 0

2026-05-04 16:03:38,969 INFO [long-pulling] client count 0

2026-05-04 16:03:39,284 INFO groupCount = 0, subscriberClientCount = 0, subscriberCount = 0

2026-05-04 16:03:39,409 INFO toNotifyTaskSize = 0

2026-05-04 16:03:39,409 INFO toClientNotifyTaskSize = 0

2026-05-04 16:03:48,969 INFO [long-pulling] client count 0

2026-05-04 16:03:49,283 INFO groupCount = 0, subscriberClientCount = 0, subscriberCount = 0

2026-05-04 16:03:49,408 INFO toNotifyTaskSize = 0

2026-05-04 16:03:49,409 INFO toClientNotifyTaskSize = 0

2026-05-04 16:03:58,969 INFO [long-pulling] client count 0

2026-05-04 16:03:59,284 INFO groupCount = 0, subscriberClientCount = 0, subscriberCount = 0

2026-05-04 16:03:59,409 INFO toNotifyTaskSize = 0

2026-05-04 16:03:59,409 INFO toClientNotifyTaskSize = 0

2026-05-04 16:04:08,970 INFO [long-pulling] client count 0

2026-05-04 16:04:09,284 INFO groupCount = 0, subscriberClientCount = 0, subscriberCount = 0

2026-05-04 16:04:09,410 INFO toNotifyTaskSize = 0

2026-05-04 16:04:09,410 INFO toClientNotifyTaskSize = 0

2026-05-04 16:04:18,969 INFO [long-pulling] client count 0

2026-05-04 16:04:19,283 INFO groupCount = 0, subscriberClientCount = 0, subscriberCount = 0

2026-05-04 16:04:19,409 INFO toNotifyTaskSize = 0

2026-05-04 16:04:19,409 INFO toClientNotifyTaskSize = 0

2026-05-04 16:04:28,970 INFO [long-pulling] client count 0

2026-05-04 16:04:29,284 INFO groupCount = 0, subscriberClientCount = 0, subscriberCount = 0

2026-05-04 16:04:29,410 INFO toNotifyTaskSize = 0

2026-05-04 16:04:29,410 INFO toClientNotifyTaskSize = 0

2026-05-04 16:04:38,970 INFO [long-pulling] client count 0

2026-05-04 16:04:39,284 INFO groupCount = 0, subscriberClientCount = 0, subscriberCount = 0

2026-05-04 16:04:39,410 INFO toNotifyTaskSize = 0

2026-05-04 16:04:39,411 INFO toClientNotifyTaskSize = 0

2026-05-04 16:04:48,970 INFO [long-pulling] client count 0

2026-05-04 16:04:49,284 INFO groupCount = 0, subscriberClientCount = 0, subscriberCount = 0

2026-05-04 16:04:49,410 INFO toNotifyTaskSize = 0

2026-05-04 16:04:49,410 INFO toClientNotifyTaskSize = 0

2026-05-04 16:04:58,971 INFO [long-pulling] client count 0

2026-05-04 16:04:59,284 INFO groupCount = 0, subscriberClientCount = 0, subscriberCount = 0

2026-05-04 16:04:59,411 INFO toNotifyTaskSize = 0

2026-05-04 16:04:59,411 INFO toClientNotifyTaskSize = 0

2026-05-04 16:05:08,971 INFO [long-pulling] client count 0

2026-05-04 16:05:09,285 INFO groupCount = 0, subscriberClientCount = 0, subscriberCount = 0

2026-05-04 16:05:09,411 INFO toNotifyTaskSize = 0

2026-05-04 16:05:09,412 INFO toClientNotifyTaskSize = 0

2026-05-04 16:05:18,970 INFO [long-pulling] client count 0

2026-05-04 16:05:19,284 INFO groupCount = 0, subscriberClientCount = 0, subscriberCount = 0

2026-05-04 16:05:19,410 INFO toNotifyTaskSize = 0

2026-05-04 16:05:19,411 INFO toClientNotifyTaskSize = 0

2026-05-04 16:05:28,971 INFO [long-pulling] client count 0

2026-05-04 16:05:29,284 INFO groupCount = 0, subscriberClientCount = 0, subscriberCount = 0

2026-05-04 16:05:29,411 INFO toNotifyTaskSize = 0

2026-05-04 16:05:29,411 INFO toClientNotifyTaskSize = 0

2026-05-04 16:05:38,971 INFO [long-pulling] client count 0

2026-05-04 16:05:39,285 INFO groupCount = 0, subscriberClientCount = 0, subscriberCount = 0

2026-05-04 16:05:39,412 INFO toNotifyTaskSize = 0

2026-05-04 16:05:39,412 INFO toClientNotifyTaskSize = 0

2026-05-04 16:05:48,971 INFO [long-pulling] client count 0

2026-05-04 16:05:49,284 INFO groupCount = 0, subscriberClientCount = 0, subscriberCount = 0

2026-05-04 16:05:49,412 INFO toNotifyTaskSize = 0

2026-05-04 16:05:49,412 INFO toClientNotifyTaskSize = 0

2026-05-04 16:05:58,971 INFO [long-pulling] client count 0

2026-05-04 16:05:59,285 INFO groupCount = 0, subscriberClientCount = 0, subscriberCount = 0

2026-05-04 16:05:59,412 INFO toNotifyTaskSize = 0

2026-05-04 16:05:59,413 INFO toClientNotifyTaskSize = 0

2026-05-04 16:06:08,972 INFO [long-pulling] client count 0

2026-05-04 16:06:09,285 INFO groupCount = 0, subscriberClientCount = 0, subscriberCount = 0

2026-05-04 16:06:09,413 INFO toNotifyTaskSize = 0

2026-05-04 16:06:09,414 INFO toClientNotifyTaskSize = 0

2026-05-04 16:06:18,971 INFO [long-pulling] client count 0

2026-05-04 16:06:19,284 INFO groupCount = 0, subscriberClientCount = 0, subscriberCount = 0

2026-05-04 16:06:19,412 INFO toNotifyTaskSize = 0

2026-05-04 16:06:19,413 INFO toClientNotifyTaskSize = 0

2026-05-04 16:06:28,971 INFO [long-pulling] client count 0

2026-05-04 16:06:29,285 INFO groupCount = 0, subscriberClientCount = 0, subscriberCount = 0

2026-05-04 16:06:29,413 INFO toNotifyTaskSize = 0

2026-05-04 16:06:29,414 INFO toClientNotifyTaskSize = 0

2026-05-04 16:06:38,972 INFO [long-pulling] client count 0

2026-05-04 16:06:39,286 INFO groupCount = 0, subscriberClientCount = 0, subscriberCount = 0

2026-05-04 16:06:39,414 INFO toNotifyTaskSize = 0

2026-05-04 16:06:39,415 INFO toClientNotifyTaskSize = 0

2026-05-04 16:06:48,971 INFO [long-pulling] client count 0

2026-05-04 16:06:49,285 INFO groupCount = 0, subscriberClientCount = 0, subscriberCount = 0

2026-05-04 16:06:49,414 INFO toNotifyTaskSize = 0

2026-05-04 16:06:49,414 INFO toClientNotifyTaskSize = 0

2026-05-04 16:06:58,972 INFO [long-pulling] client count 0

2026-05-04 16:06:59,286 INFO groupCount = 0, subscriberClientCount = 0, subscriberCount = 0

2026-05-04 16:06:59,415 INFO toNotifyTaskSize = 0

2026-05-04 16:06:59,415 INFO toClientNotifyTaskSize = 0

2026-05-04 16:07:08,973 INFO [long-pulling] client count 0

2026-05-04 16:07:09,286 INFO groupCount = 0, subscriberClientCount = 0, subscriberCount = 0

2026-05-04 16:07:09,415 INFO toNotifyTaskSize = 0

2026-05-04 16:07:09,416 INFO toClientNotifyTaskSize = 0

2026-05-04 16:07:18,972 INFO [long-pulling] client count 0

2026-05-04 16:07:19,285 INFO groupCount = 0, subscriberClientCount = 0, subscriberCount = 0

2026-05-04 16:07:19,415 INFO toNotifyTaskSize = 0

2026-05-04 16:07:19,415 INFO toClientNotifyTaskSize = 0

2026-05-04 16:07:28,972 INFO [long-pulling] client count 0

2026-05-04 16:07:29,286 INFO groupCount = 0, subscriberClientCount = 0, subscriberCount = 0

2026-05-04 16:07:29,416 INFO toNotifyTaskSize = 0

2026-05-04 16:07:29,416 INFO toClientNotifyTaskSize = 0

2026-05-04 16:07:38,973 INFO [long-pulling] client count 0

2026-05-04 16:07:39,286 INFO groupCount = 0, subscriberClientCount = 0, subscriberCount = 0

2026-05-04 16:07:39,416 INFO toNotifyTaskSize = 0

2026-05-04 16:07:39,417 INFO toClientNotifyTaskSize = 0

2026-05-04 16:07:48,972 INFO [long-pulling] client count 0

2026-05-04 16:07:49,285 INFO groupCount = 0, subscriberClientCount = 0, subscriberCount = 0

2026-05-04 16:07:49,415 INFO toNotifyTaskSize = 0

2026-05-04 16:07:49,416 INFO toClientNotifyTaskSize = 0

2026-05-04 16:07:58,973 INFO [long-pulling] client count 0

2026-05-04 16:07:59,286 INFO groupCount = 0, subscriberClientCount = 0, subscriberCount = 0

2026-05-04 16:07:59,416 INFO toNotifyTaskSize = 0

2026-05-04 16:07:59,417 INFO toClientNotifyTaskSize = 0

2026-05-04 16:08:08,973 INFO [long-pulling] client count 0

2026-05-04 16:08:09,287 INFO groupCount = 0, subscriberClientCount = 0, subscriberCount = 0

2026-05-04 16:08:09,417 INFO toNotifyTaskSize = 0

2026-05-04 16:08:09,417 INFO toClientNotifyTaskSize = 0

2026-05-04 16:08:18,972 INFO [long-pulling] client count 0

2026-05-04 16:08:19,286 INFO groupCount = 0, subscriberClientCount = 0, subscriberCount = 0

2026-05-04 16:08:19,417 INFO toNotifyTaskSize = 0

2026-05-04 16:08:19,417 INFO toClientNotifyTaskSize = 0

2026-05-04 16:08:28,973 INFO [long-pulling] client count 0

2026-05-04 16:08:29,287 INFO groupCount = 0, subscriberClientCount = 0, subscriberCount = 0

2026-05-04 16:08:29,417 INFO toNotifyTaskSize = 0

2026-05-04 16:08:29,418 INFO toClientNotifyTaskSize = 0

2026-05-04 16:08:38,974 INFO [long-pulling] client count 0

2026-05-04 16:08:39,287 INFO groupCount = 0, subscriberClientCount = 0, subscriberCount = 0

2026-05-04 16:08:39,419 INFO toNotifyTaskSize = 0

2026-05-04 16:08:39,419 INFO toClientNotifyTaskSize = 0

2026-05-04 16:08:48,973 INFO [long-pulling] client count 0

2026-05-04 16:08:49,286 INFO groupCount = 0, subscriberClientCount = 0, subscriberCount = 0

2026-05-04 16:08:49,418 INFO toNotifyTaskSize = 0

2026-05-04 16:08:49,419 INFO toClientNotifyTaskSize = 0

2026-05-04 16:08:58,973 INFO [long-pulling] client count 0

2026-05-04 16:08:59,287 INFO groupCount = 0, subscriberClientCount = 0, subscriberCount = 0

2026-05-04 16:08:59,419 INFO toNotifyTaskSize = 0

2026-05-04 16:08:59,420 INFO toClientNotifyTaskSize = 0

2026-05-04 16:09:08,974 INFO [long-pulling] client count 0

2026-05-04 16:09:09,287 INFO groupCount = 1, subscriberClientCount = 0, subscriberCount = 0

2026-05-04 16:09:09,420 INFO toNotifyTaskSize = 0

2026-05-04 16:09:09,420 INFO toClientNotifyTaskSize = 0

2026-05-04 16:09:18,973 INFO [long-pulling] client count 0

2026-05-04 16:09:19,287 INFO groupCount = 1, subscriberClientCount = 0, subscriberCount = 0

2026-05-04 16:09:19,419 INFO toNotifyTaskSize = 0

2026-05-04 16:09:19,420 INFO toClientNotifyTaskSize = 0

2026-05-04 16:09:28,973 INFO [long-pulling] client count 0

2026-05-04 16:09:29,287 INFO groupCount = 1, subscriberClientCount = 0, subscriberCount = 0

2026-05-04 16:09:29,420 INFO toNotifyTaskSize = 0

2026-05-04 16:09:29,420 INFO toClientNotifyTaskSize = 0

2026-05-04 16:09:38,974 INFO [long-pulling] client count 0

2026-05-04 16:09:39,288 INFO groupCount = 1, subscriberClientCount = 0, subscriberCount = 0

2026-05-04 16:09:39,421 INFO toNotifyTaskSize = 0

2026-05-04 16:09:39,421 INFO toClientNotifyTaskSize = 0

2026-05-04 16:09:48,972 INFO [long-pulling] client count 0

2026-05-04 16:09:49,286 INFO groupCount = 1, subscriberClientCount = 0, subscriberCount = 0

2026-05-04 16:09:49,420 INFO toNotifyTaskSize = 0

2026-05-04 16:09:49,420 INFO toClientNotifyTaskSize = 0

2026-05-04 16:09:58,973 INFO [long-pulling] client count 0

2026-05-04 16:09:59,287 INFO groupCount = 1, subscriberClientCount = 0, subscriberCount = 0

2026-05-04 16:09:59,421 INFO toNotifyTaskSize = 0

2026-05-04 16:09:59,422 INFO toClientNotifyTaskSize = 0

2026-05-04 16:10:08,973 INFO [long-pulling] client count 0

2026-05-04 16:10:09,288 INFO groupCount = 1, subscriberClientCount = 0, subscriberCount = 0

2026-05-04 16:10:09,422 INFO toNotifyTaskSize = 0

2026-05-04 16:10:09,423 INFO toClientNotifyTaskSize = 0

2026-05-04 16:10:18,973 INFO [long-pulling] client count 0

2026-05-04 16:10:19,288 INFO groupCount = 1, subscriberClientCount = 0, subscriberCount = 0

2026-05-04 16:10:19,422 INFO toNotifyTaskSize = 0

2026-05-04 16:10:19,423 INFO toClientNotifyTaskSize = 0

2026-05-04 16:10:28,974 INFO [long-pulling] client count 0

2026-05-04 16:10:29,288 INFO groupCount = 1, subscriberClientCount = 0, subscriberCount = 0

2026-05-04 16:10:29,423 INFO toNotifyTaskSize = 0

2026-05-04 16:10:29,424 INFO toClientNotifyTaskSize = 0

2026-05-04 16:10:38,974 INFO [long-pulling] client count 0

2026-05-04 16:10:39,289 INFO groupCount = 1, subscriberClientCount = 0, subscriberCount = 0

2026-05-04 16:10:39,424 INFO toNotifyTaskSize = 0

2026-05-04 16:10:39,425 INFO toClientNotifyTaskSize = 0

2026-05-04 16:10:48,973 INFO [long-pulling] client count 0

2026-05-04 16:10:49,288 INFO groupCount = 1, subscriberClientCount = 0, subscriberCount = 0

2026-05-04 16:10:49,424 INFO toNotifyTaskSize = 0

2026-05-04 16:10:49,424 INFO toClientNotifyTaskSize = 0

2026-05-04 16:10:58,974 INFO [long-pulling] client count 0

2026-05-04 16:10:59,289 INFO groupCount = 1, subscriberClientCount = 0, subscriberCount = 0

2026-05-04 16:10:59,425 INFO toNotifyTaskSize = 0

2026-05-04 16:10:59,425 INFO toClientNotifyTaskSize = 0

2026-05-04 16:11:08,974 INFO [long-pulling] client count 0

2026-05-04 16:11:09,289 INFO groupCount = 1, subscriberClientCount = 0, subscriberCount = 0

2026-05-04 16:11:09,425 INFO toNotifyTaskSize = 0

2026-05-04 16:11:09,426 INFO toClientNotifyTaskSize = 0

2026-05-04 16:11:18,973 INFO [long-pulling] client count 0

2026-05-04 16:11:19,288 INFO groupCount = 1, subscriberClientCount = 0, subscriberCount = 0

2026-05-04 16:11:19,425 INFO toNotifyTaskSize = 0

2026-05-04 16:11:19,425 INFO toClientNotifyTaskSize = 0

2026-05-04 16:11:28,974 INFO [long-pulling] client count 0

2026-05-04 16:11:29,289 INFO groupCount = 1, subscriberClientCount = 0, subscriberCount = 0

2026-05-04 16:11:29,425 INFO toNotifyTaskSize = 0

2026-05-04 16:11:29,426 INFO toClientNotifyTaskSize = 0

2026-05-04 16:11:38,975 INFO [long-pulling] client count 0

2026-05-04 16:11:39,289 INFO groupCount = 1, subscriberClientCount = 0, subscriberCount = 0

2026-05-04 16:11:39,426 INFO toNotifyTaskSize = 0

2026-05-04 16:11:39,427 INFO toClientNotifyTaskSize = 0

2026-05-04 16:11:48,973 INFO [long-pulling] client count 0

2026-05-04 16:11:49,289 INFO groupCount = 1, subscriberClientCount = 0, subscriberCount = 0

2026-05-04 16:11:49,425 INFO toNotifyTaskSize = 0

2026-05-04 16:11:49,426 INFO toClientNotifyTaskSize = 0

2026-05-04 16:11:58,974 INFO [long-pulling] client count 0

2026-05-04 16:11:59,289 INFO groupCount = 1, subscriberClientCount = 0, subscriberCount = 0

2026-05-04 16:11:59,426 INFO toNotifyTaskSize = 0

2026-05-04 16:11:59,426 INFO toClientNotifyTaskSize = 0

2026-05-04 16:12:08,974 INFO [long-pulling] client count 0

2026-05-04 16:12:09,290 INFO groupCount = 1, subscriberClientCount = 0, subscriberCount = 0

2026-05-04 16:12:09,427 INFO toNotifyTaskSize = 0

2026-05-04 16:12:09,427 INFO toClientNotifyTaskSize = 0

2026-05-04 16:12:18,974 INFO [long-pulling] client count 0

2026-05-04 16:12:19,289 INFO groupCount = 1, subscriberClientCount = 0, subscriberCount = 0

2026-05-04 16:12:19,426 INFO toNotifyTaskSize = 0

2026-05-04 16:12:19,427 INFO toClientNotifyTaskSize = 0

2026-05-04 16:12:28,974 INFO [long-pulling] client count 0

2026-05-04 16:12:29,290 INFO groupCount = 1, subscriberClientCount = 0, subscriberCount = 0

2026-05-04 16:12:29,427 INFO toNotifyTaskSize = 0

2026-05-04 16:12:29,428 INFO toClientNotifyTaskSize = 0

2026-05-04 16:12:38,975 INFO [long-pulling] client count 0

2026-05-04 16:12:39,290 INFO groupCount = 1, subscriberClientCount = 0, subscriberCount = 0

2026-05-04 16:12:39,428 INFO toNotifyTaskSize = 0

2026-05-04 16:12:39,429 INFO toClientNotifyTaskSize = 0

2026-05-04 16:13:14,120 INFO [long-pulling] client count 0

2026-05-04 16:13:24,163 INFO [long-pulling] client count 0

2026-05-04 16:13:24,495 INFO groupCount = 1, subscriberClientCount = 0, subscriberCount = 0

2026-05-04 16:13:24,495 INFO toNotifyTaskSize = 0

2026-05-04 16:13:24,496 INFO toClientNotifyTaskSize = 0

2026-05-04 16:13:34,164 INFO [long-pulling] client count 0

2026-05-04 16:13:34,496 INFO groupCount = 1, subscriberClientCount = 0, subscriberCount = 0

2026-05-04 16:13:34,497 INFO toNotifyTaskSize = 0

2026-05-04 16:13:34,497 INFO toClientNotifyTaskSize = 0

2026-05-04 16:13:44,164 INFO [long-pulling] client count 0

2026-05-04 16:13:44,497 INFO groupCount = 1, subscriberClientCount = 0, subscriberCount = 0

2026-05-04 16:13:44,498 INFO toNotifyTaskSize = 0

2026-05-04 16:13:44,498 INFO toClientNotifyTaskSize = 0

2026-05-04 16:13:54,163 INFO [long-pulling] client count 0

2026-05-04 16:13:54,496 INFO groupCount = 1, subscriberClientCount = 0, subscriberCount = 0

2026-05-04 16:13:54,497 INFO toNotifyTaskSize = 0

2026-05-04 16:13:54,497 INFO toClientNotifyTaskSize = 0

2026-05-04 16:14:04,164 INFO [long-pulling] client count 0

2026-05-04 16:14:04,497 INFO groupCount = 1, subscriberClientCount = 0, subscriberCount = 0

2026-05-04 16:14:04,498 INFO toNotifyTaskSize = 0

2026-05-04 16:14:04,498 INFO toClientNotifyTaskSize = 0

2026-05-04 16:14:14,164 INFO [long-pulling] client count 0

2026-05-04 16:14:14,498 INFO groupCount = 1, subscriberClientCount = 0, subscriberCount = 0

2026-05-04 16:14:14,498 INFO toNotifyTaskSize = 0

2026-05-04 16:14:14,499 INFO toClientNotifyTaskSize = 0

2026-05-04 16:14:24,164 INFO [long-pulling] client count 0

2026-05-04 16:14:24,498 INFO groupCount = 1, subscriberClientCount = 0, subscriberCount = 0

2026-05-04 16:14:24,498 INFO toNotifyTaskSize = 0

2026-05-04 16:14:24,499 INFO toClientNotifyTaskSize = 0

2026-05-04 16:14:34,165 INFO [long-pulling] client count 0

2026-05-04 16:14:34,498 INFO groupCount = 1, subscriberClientCount = 0, subscriberCount = 0

2026-05-04 16:14:34,499 INFO toNotifyTaskSize = 0

2026-05-04 16:14:34,500 INFO toClientNotifyTaskSize = 0

2026-05-04 16:14:44,165 INFO [long-pulling] client count 0

2026-05-04 16:14:44,499 INFO groupCount = 1, subscriberClientCount = 0, subscriberCount = 0

2026-05-04 16:14:44,500 INFO toNotifyTaskSize = 0

2026-05-04 16:14:44,501 INFO toClientNotifyTaskSize = 0

2026-05-04 16:14:54,165 INFO [long-pulling] client count 0

2026-05-04 16:14:54,498 INFO groupCount = 1, subscriberClientCount = 0, subscriberCount = 0

2026-05-04 16:14:54,500 INFO toNotifyTaskSize = 0

2026-05-04 16:14:54,500 INFO toClientNotifyTaskSize = 0

2026-05-04 16:15:04,166 INFO [long-pulling] client count 0

2026-05-04 16:15:04,499 INFO groupCount = 1, subscriberClientCount = 0, subscriberCount = 0

2026-05-04 16:15:04,500 INFO toNotifyTaskSize = 0

2026-05-04 16:15:04,501 INFO toClientNotifyTaskSize = 0

2026-05-04 16:15:14,166 INFO [long-pulling] client count 0

2026-05-04 16:15:14,500 INFO groupCount = 1, subscriberClientCount = 0, subscriberCount = 0

2026-05-04 16:15:14,502 INFO toNotifyTaskSize = 0

2026-05-04 16:15:14,507 INFO toClientNotifyTaskSize = 0

2026-05-04 16:15:24,166 INFO [long-pulling] client count 0

2026-05-04 16:15:24,502 INFO groupCount = 1, subscriberClientCount = 0, subscriberCount = 0

2026-05-04 16:15:24,507 INFO toNotifyTaskSize = 0

2026-05-04 16:15:24,507 INFO toClientNotifyTaskSize = 0

2026-05-04 16:15:34,166 INFO [long-pulling] client count 0

2026-05-04 16:15:34,503 INFO groupCount = 1, subscriberClientCount = 0, subscriberCount = 0

2026-05-04 16:15:34,508 INFO toNotifyTaskSize = 0

2026-05-04 16:15:34,508 INFO toClientNotifyTaskSize = 0

2026-05-04 16:15:44,167 INFO [long-pulling] client count 0

2026-05-04 16:15:44,503 INFO groupCount = 1, subscriberClientCount = 0, subscriberCount = 0

2026-05-04 16:15:44,509 INFO toNotifyTaskSize = 0

2026-05-04 16:15:44,509 INFO toClientNotifyTaskSize = 0

2026-05-04 16:15:54,166 INFO [long-pulling] client count 0

2026-05-04 16:15:54,503 INFO groupCount = 1, subscriberClientCount = 0, subscriberCount = 0

2026-05-04 16:15:54,508 INFO toNotifyTaskSize = 0

2026-05-04 16:15:54,509 INFO toClientNotifyTaskSize = 0

2026-05-04 16:16:04,167 INFO [long-pulling] client count 0

2026-05-04 16:16:04,504 INFO groupCount = 1, subscriberClientCount = 0, subscriberCount = 0

2026-05-04 16:16:04,509 INFO toNotifyTaskSize = 0

2026-05-04 16:16:04,510 INFO toClientNotifyTaskSize = 0

2026-05-04 16:16:14,167 INFO [long-pulling] client count 0

2026-05-04 16:16:14,504 INFO groupCount = 1, subscriberClientCount = 0, subscriberCount = 0

2026-05-04 16:16:14,510 INFO toNotifyTaskSize = 0

2026-05-04 16:16:14,510 INFO toClientNotifyTaskSize = 0

2026-05-04 16:16:24,167 INFO [long-pulling] client count 0

2026-05-04 16:16:24,504 INFO groupCount = 1, subscriberClientCount = 0, subscriberCount = 0

2026-05-04 16:16:24,510 INFO toNotifyTaskSize = 0

2026-05-04 16:16:24,510 INFO toClientNotifyTaskSize = 0

2026-05-04 16:16:34,168 INFO [long-pulling] client count 0

2026-05-04 16:16:34,505 INFO groupCount = 1, subscriberClientCount = 0, subscriberCount = 0

2026-05-04 16:16:34,511 INFO toNotifyTaskSize = 0

2026-05-04 16:16:34,511 INFO toClientNotifyTaskSize = 0

2026-05-04 16:16:44,168 INFO [long-pulling] client count 0

2026-05-04 16:16:44,506 INFO groupCount = 1, subscriberClientCount = 0, subscriberCount = 0

2026-05-04 16:16:44,512 INFO toNotifyTaskSize = 0

2026-05-04 16:16:44,512 INFO toClientNotifyTaskSize = 0

2026-05-04 16:16:54,167 INFO [long-pulling] client count 0

2026-05-04 16:16:54,505 INFO groupCount = 1, subscriberClientCount = 0, subscriberCount = 0

2026-05-04 16:16:54,511 INFO toNotifyTaskSize = 0

2026-05-04 16:16:54,512 INFO toClientNotifyTaskSize = 0

2026-05-04 16:17:04,168 INFO [long-pulling] client count 0

2026-05-04 16:17:04,506 INFO groupCount = 0, subscriberClientCount = 0, subscriberCount = 0

2026-05-04 16:17:04,513 INFO toNotifyTaskSize = 0

2026-05-04 16:17:04,513 INFO toClientNotifyTaskSize = 0

2026-05-04 16:17:14,169 INFO [long-pulling] client count 0

2026-05-04 16:17:14,506 INFO groupCount = 0, subscriberClientCount = 0, subscriberCount = 0

2026-05-04 16:17:14,514 INFO toNotifyTaskSize = 0

2026-05-04 16:17:14,514 INFO toClientNotifyTaskSize = 0

2026-05-04 16:17:24,168 INFO [long-pulling] client count 0

2026-05-04 16:17:24,505 INFO groupCount = 0, subscriberClientCount = 0, subscriberCount = 0

2026-05-04 16:17:24,513 INFO toNotifyTaskSize = 0

2026-05-04 16:17:24,513 INFO toClientNotifyTaskSize = 0

2026-05-04 16:17:34,168 INFO [long-pulling] client count 0

2026-05-04 16:17:34,506 INFO groupCount = 0, subscriberClientCount = 0, subscriberCount = 0

2026-05-04 16:17:34,514 INFO toNotifyTaskSize = 0

2026-05-04 16:17:34,515 INFO toClientNotifyTaskSize = 0

2026-05-04 16:17:44,169 INFO [long-pulling] client count 0

2026-05-04 16:17:44,509 INFO groupCount = 1, subscriberClientCount = 0, subscriberCount = 0

2026-05-04 16:17:44,516 INFO toNotifyTaskSize = 0

2026-05-04 16:17:44,517 INFO toClientNotifyTaskSize = 0

2026-05-04 16:17:54,168 INFO [long-pulling] client count 0

2026-05-04 16:17:54,509 INFO groupCount = 1, subscriberClientCount = 0, subscriberCount = 0

2026-05-04 16:17:54,516 INFO toNotifyTaskSize = 0

2026-05-04 16:17:54,517 INFO toClientNotifyTaskSize = 0

2026-05-04 16:18:04,169 INFO [long-pulling] client count 0

2026-05-04 16:18:04,509 INFO groupCount = 1, subscriberClientCount = 0, subscriberCount = 0

2026-05-04 16:18:04,518 INFO toNotifyTaskSize = 0

2026-05-04 16:18:04,518 INFO toClientNotifyTaskSize = 0

2026-05-04 16:18:14,170 INFO [long-pulling] client count 0

2026-05-04 16:18:14,510 INFO groupCount = 1, subscriberClientCount = 0, subscriberCount = 0

2026-05-04 16:18:14,519 INFO toNotifyTaskSize = 0

2026-05-04 16:18:14,519 INFO toClientNotifyTaskSize = 0

2026-05-04 16:18:24,169 INFO [long-pulling] client count 0

2026-05-04 16:18:24,509 INFO groupCount = 1, subscriberClientCount = 0, subscriberCount = 0

2026-05-04 16:18:24,518 INFO toNotifyTaskSize = 0

2026-05-04 16:18:24,519 INFO toClientNotifyTaskSize = 0

2026-05-04 16:18:34,169 INFO [long-pulling] client count 0

2026-05-04 16:18:34,510 INFO groupCount = 1, subscriberClientCount = 0, subscriberCount = 0

2026-05-04 16:18:34,519 INFO toNotifyTaskSize = 0

2026-05-04 16:18:34,520 INFO toClientNotifyTaskSize = 0

2026-05-04 16:18:44,170 INFO [long-pulling] client count 0

2026-05-04 16:18:44,511 INFO groupCount = 1, subscriberClientCount = 0, subscriberCount = 0

2026-05-04 16:18:44,520 INFO toNotifyTaskSize = 0

2026-05-04 16:18:44,520 INFO toClientNotifyTaskSize = 0

2026-05-04 16:18:54,169 INFO [long-pulling] client count 0

2026-05-04 16:18:54,510 INFO groupCount = 1, subscriberClientCount = 0, subscriberCount = 0

2026-05-04 16:18:54,519 INFO toNotifyTaskSize = 0

2026-05-04 16:18:54,520 INFO toClientNotifyTaskSize = 0

2026-05-04 16:19:04,170 INFO [long-pulling] client count 0

2026-05-04 16:19:04,510 INFO groupCount = 1, subscriberClientCount = 0, subscriberCount = 0

2026-05-04 16:19:04,520 INFO toNotifyTaskSize = 0

2026-05-04 16:19:04,521 INFO toClientNotifyTaskSize = 0

2026-05-04 16:19:14,170 INFO [long-pulling] client count 0

2026-05-04 16:19:14,511 INFO groupCount = 1, subscriberClientCount = 0, subscriberCount = 0

2026-05-04 16:19:14,521 INFO toNotifyTaskSize = 0

2026-05-04 16:19:14,521 INFO toClientNotifyTaskSize = 0

2026-05-04 16:19:24,170 INFO [long-pulling] client count 0

2026-05-04 16:19:24,510 INFO groupCount = 1, subscriberClientCount = 0, subscriberCount = 0

2026-05-04 16:19:24,520 INFO toNotifyTaskSize = 0

2026-05-04 16:19:24,521 INFO toClientNotifyTaskSize = 0

2026-05-04 16:19:34,171 INFO [long-pulling] client count 0

2026-05-04 16:19:34,511 INFO groupCount = 1, subscriberClientCount = 0, subscriberCount = 0

2026-05-04 16:19:34,521 INFO toNotifyTaskSize = 0

2026-05-04 16:19:34,522 INFO toClientNotifyTaskSize = 0

2026-05-04 16:19:44,171 INFO [long-pulling] client count 0

2026-05-04 16:19:44,512 INFO groupCount = 1, subscriberClientCount = 0, subscriberCount = 0

2026-05-04 16:19:44,522 INFO toNotifyTaskSize = 0

2026-05-04 16:19:44,522 INFO toClientNotifyTaskSize = 0

2026-05-04 16:19:54,171 INFO [long-pulling] client count 0

2026-05-04 16:19:54,511 INFO groupCount = 1, subscriberClientCount = 0, subscriberCount = 0

2026-05-04 16:19:54,521 INFO toNotifyTaskSize = 0

2026-05-04 16:19:54,522 INFO toClientNotifyTaskSize = 0

2026-05-04 16:20:04,171 INFO [long-pulling] client count 0

2026-05-04 16:20:04,512 INFO groupCount = 1, subscriberClientCount = 0, subscriberCount = 0

2026-05-04 16:20:04,522 INFO toNotifyTaskSize = 0

2026-05-04 16:20:04,522 INFO toClientNotifyTaskSize = 0

2026-05-04 16:20:14,172 INFO [long-pulling] client count 0

2026-05-04 16:20:14,512 INFO groupCount = 1, subscriberClientCount = 0, subscriberCount = 0

2026-05-04 16:20:14,523 INFO toNotifyTaskSize = 0

2026-05-04 16:20:14,523 INFO toClientNotifyTaskSize = 0

2026-05-04 16:20:24,171 INFO [long-pulling] client count 0

2026-05-04 16:20:24,512 INFO groupCount = 1, subscriberClientCount = 0, subscriberCount = 0

2026-05-04 16:20:24,522 INFO toNotifyTaskSize = 0

2026-05-04 16:20:24,522 INFO toClientNotifyTaskSize = 0

2026-05-04 16:20:34,172 INFO [long-pulling] client count 0

2026-05-04 16:20:34,512 INFO groupCount = 1, subscriberClientCount = 0, subscriberCount = 0

2026-05-04 16:20:34,523 INFO toNotifyTaskSize = 0

2026-05-04 16:20:34,523 INFO toClientNotifyTaskSize = 0

2026-05-04 16:20:44,173 INFO [long-pulling] client count 0

2026-05-04 16:20:44,513 INFO groupCount = 1, subscriberClientCount = 0, subscriberCount = 0

2026-05-04 16:20:44,524 INFO toNotifyTaskSize = 0

2026-05-04 16:20:44,524 INFO toClientNotifyTaskSize = 0

2026-05-04 16:20:54,172 INFO [long-pulling] client count 0

2026-05-04 16:20:54,512 INFO groupCount = 1, subscriberClientCount = 0, subscriberCount = 0

2026-05-04 16:20:54,523 INFO toNotifyTaskSize = 0

2026-05-04 16:20:54,524 INFO toClientNotifyTaskSize = 0

2026-05-04 16:21:04,173 INFO [long-pulling] client count 0

2026-05-04 16:21:04,513 INFO groupCount = 1, subscriberClientCount = 0, subscriberCount = 0

2026-05-04 16:21:04,524 INFO toNotifyTaskSize = 0

2026-05-04 16:21:04,525 INFO toClientNotifyTaskSize = 0

2026-05-04 16:21:14,174 INFO [long-pulling] client count 0

2026-05-04 16:21:14,513 INFO groupCount = 1, subscriberClientCount = 0, subscriberCount = 0

2026-05-04 16:21:14,525 INFO toNotifyTaskSize = 0

2026-05-04 16:21:14,526 INFO toClientNotifyTaskSize = 0

2026-05-04 16:21:24,173 INFO [long-pulling] client count 0

2026-05-04 16:21:24,512 INFO groupCount = 1, subscriberClientCount = 0, subscriberCount = 0

2026-05-04 16:21:24,525 INFO toNotifyTaskSize = 0

2026-05-04 16:21:24,525 INFO toClientNotifyTaskSize = 0

2026-05-04 16:21:34,174 INFO [long-pulling] client count 0

2026-05-04 16:21:34,513 INFO groupCount = 1, subscriberClientCount = 0, subscriberCount = 0

2026-05-04 16:21:34,526 INFO toNotifyTaskSize = 0

2026-05-04 16:21:34,527 INFO toClientNotifyTaskSize = 0

2026-05-04 16:21:44,174 INFO [long-pulling] client count 0

2026-05-04 16:21:44,514 INFO groupCount = 1, subscriberClientCount = 0, subscriberCount = 0

2026-05-04 16:21:44,527 INFO toNotifyTaskSize = 0

2026-05-04 16:21:44,528 INFO toClientNotifyTaskSize = 0

2026-05-04 16:21:54,174 INFO [long-pulling] client count 0

2026-05-04 16:21:54,513 INFO groupCount = 1, subscriberClientCount = 0, subscriberCount = 0

2026-05-04 16:21:54,527 INFO toNotifyTaskSize = 0

2026-05-04 16:21:54,527 INFO toClientNotifyTaskSize = 0

2026-05-04 16:22:04,174 INFO [long-pulling] client count 0

2026-05-04 16:22:04,513 INFO groupCount = 1, subscriberClientCount = 0, subscriberCount = 0

2026-05-04 16:22:04,528 INFO toNotifyTaskSize = 0

2026-05-04 16:22:04,528 INFO toClientNotifyTaskSize = 0

2026-05-04 16:22:14,175 INFO [long-pulling] client count 0

2026-05-04 16:22:14,514 INFO groupCount = 1, subscriberClientCount = 0, subscriberCount = 0

2026-05-04 16:22:14,529 INFO toNotifyTaskSize = 0

2026-05-04 16:22:14,529 INFO toClientNotifyTaskSize = 0

2026-05-04 16:22:24,174 INFO [long-pulling] client count 0

2026-05-04 16:22:24,513 INFO groupCount = 1, subscriberClientCount = 0, subscriberCount = 0

2026-05-04 16:22:24,528 INFO toNotifyTaskSize = 0

2026-05-04 16:22:24,528 INFO toClientNotifyTaskSize = 0

2026-05-04 16:22:34,174 INFO [long-pulling] client count 0

2026-05-04 16:22:34,514 INFO groupCount = 1, subscriberClientCount = 0, subscriberCount = 0

2026-05-04 16:22:34,529 INFO toNotifyTaskSize = 0

2026-05-04 16:22:34,529 INFO toClientNotifyTaskSize = 0

2026-05-04 16:22:44,175 INFO [long-pulling] client count 0

2026-05-04 16:22:44,514 INFO groupCount = 1, subscriberClientCount = 0, subscriberCount = 0

2026-05-04 16:22:44,529 INFO toNotifyTaskSize = 0

2026-05-04 16:22:44,530 INFO toClientNotifyTaskSize = 0

2026-05-04 16:22:54,174 INFO [long-pulling] client count 0

2026-05-04 16:22:54,514 INFO groupCount = 1, subscriberClientCount = 0, subscriberCount = 0

2026-05-04 16:22:54,529 INFO toNotifyTaskSize = 0

2026-05-04 16:22:54,530 INFO toClientNotifyTaskSize = 0

2026-05-04 16:23:04,175 INFO [long-pulling] client count 0

2026-05-04 16:23:04,515 INFO groupCount = 1, subscriberClientCount = 0, subscriberCount = 0

2026-05-04 16:23:04,530 INFO toNotifyTaskSize = 0

2026-05-04 16:23:04,532 INFO toClientNotifyTaskSize = 0

2026-05-04 16:23:14,176 INFO [long-pulling] client count 0

2026-05-04 16:23:14,516 INFO groupCount = 1, subscriberClientCount = 0, subscriberCount = 0

2026-05-04 16:23:14,533 INFO toNotifyTaskSize = 0

2026-05-04 16:23:14,533 INFO toClientNotifyTaskSize = 0

2026-05-04 16:23:24,175 INFO [long-pulling] client count 0

2026-05-04 16:23:24,515 INFO groupCount = 1, subscriberClientCount = 0, subscriberCount = 0

2026-05-04 16:23:24,532 INFO toNotifyTaskSize = 0

2026-05-04 16:23:24,532 INFO toClientNotifyTaskSize = 0

2026-05-04 16:23:34,175 INFO [long-pulling] client count 0

2026-05-04 16:23:34,516 INFO groupCount = 1, subscriberClientCount = 0, subscriberCount = 0

2026-05-04 16:23:34,533 INFO toNotifyTaskSize = 0

2026-05-04 16:23:34,533 INFO toClientNotifyTaskSize = 0

2026-05-04 16:23:44,176 INFO [long-pulling] client count 0

2026-05-04 16:23:44,516 INFO groupCount = 1, subscriberClientCount = 0, subscriberCount = 0

2026-05-04 16:23:44,534 INFO toNotifyTaskSize = 0

2026-05-04 16:23:44,534 INFO toClientNotifyTaskSize = 0

2026-05-04 16:23:54,176 INFO [long-pulling] client count 0

2026-05-04 16:23:54,516 INFO groupCount = 1, subscriberClientCount = 0, subscriberCount = 0

2026-05-04 16:23:54,533 INFO toNotifyTaskSize = 0

2026-05-04 16:23:54,534 INFO toClientNotifyTaskSize = 0

2026-05-04 16:24:04,176 INFO [long-pulling] client count 0

2026-05-04 16:24:04,517 INFO groupCount = 1, subscriberClientCount = 0, subscriberCount = 0

2026-05-04 16:24:04,534 INFO toNotifyTaskSize = 0

2026-05-04 16:24:04,535 INFO toClientNotifyTaskSize = 0

2026-05-04 16:24:14,177 INFO [long-pulling] client count 0

2026-05-04 16:24:14,517 INFO groupCount = 1, subscriberClientCount = 0, subscriberCount = 0

2026-05-04 16:24:14,535 INFO toNotifyTaskSize = 0

2026-05-04 16:24:14,536 INFO toClientNotifyTaskSize = 0

2026-05-04 16:24:24,176 INFO [long-pulling] client count 0

2026-05-04 16:24:24,516 INFO groupCount = 1, subscriberClientCount = 0, subscriberCount = 0

2026-05-04 16:24:24,535 INFO toNotifyTaskSize = 0

2026-05-04 16:24:24,535 INFO toClientNotifyTaskSize = 0

2026-05-04 16:24:34,176 INFO [long-pulling] client count 0

2026-05-04 16:24:34,517 INFO groupCount = 1, subscriberClientCount = 0, subscriberCount = 0

2026-05-04 16:24:34,536 INFO toNotifyTaskSize = 0

2026-05-04 16:24:34,536 INFO toClientNotifyTaskSize = 0

2026-05-04 16:24:44,177 INFO [long-pulling] client count 0

2026-05-04 16:24:44,518 INFO groupCount = 1, subscriberClientCount = 0, subscriberCount = 0

2026-05-04 16:24:44,537 INFO toNotifyTaskSize = 0

2026-05-04 16:24:44,537 INFO toClientNotifyTaskSize = 0

2026-05-04 16:24:54,176 INFO [long-pulling] client count 0

2026-05-04 16:24:54,517 INFO groupCount = 1, subscriberClientCount = 0, subscriberCount = 0

2026-05-04 16:24:54,536 INFO toNotifyTaskSize = 0

2026-05-04 16:24:54,537 INFO toClientNotifyTaskSize = 0

2026-05-04 16:25:04,177 INFO [long-pulling] client count 0

2026-05-04 16:25:04,517 INFO groupCount = 1, subscriberClientCount = 0, subscriberCount = 0

2026-05-04 16:25:04,537 INFO toNotifyTaskSize = 0

2026-05-04 16:25:04,538 INFO toClientNotifyTaskSize = 0

2026-05-04 16:25:14,177 INFO [long-pulling] client count 0

2026-05-04 16:25:14,518 INFO groupCount = 1, subscriberClientCount = 0, subscriberCount = 0

2026-05-04 16:25:14,538 INFO toNotifyTaskSize = 0

2026-05-04 16:25:14,539 INFO toClientNotifyTaskSize = 0

2026-05-04 16:25:24,177 INFO [long-pulling] client count 0

2026-05-04 16:25:24,518 INFO groupCount = 1, subscriberClientCount = 0, subscriberCount = 0

2026-05-04 16:25:24,538 INFO toNotifyTaskSize = 0

2026-05-04 16:25:24,539 INFO toClientNotifyTaskSize = 0

2026-05-04 16:25:34,178 INFO [long-pulling] client count 0

2026-05-04 16:25:34,519 INFO groupCount = 1, subscriberClientCount = 0, subscriberCount = 0

2026-05-04 16:25:34,539 INFO toNotifyTaskSize = 0

2026-05-04 16:25:34,540 INFO toClientNotifyTaskSize = 0

2026-05-04 16:25:44,178 INFO [long-pulling] client count 0

2026-05-04 16:25:44,519 INFO groupCount = 1, subscriberClientCount = 0, subscriberCount = 0

2026-05-04 16:25:44,540 INFO toNotifyTaskSize = 0

2026-05-04 16:25:44,541 INFO toClientNotifyTaskSize = 0

2026-05-04 16:25:54,178 INFO [long-pulling] client count 0

2026-05-04 16:25:54,519 INFO groupCount = 1, subscriberClientCount = 0, subscriberCount = 0

2026-05-04 16:25:54,540 INFO toNotifyTaskSize = 0

2026-05-04 16:25:54,540 INFO toClientNotifyTaskSize = 0

2026-05-04 16:26:04,178 INFO [long-pulling] client count 0

2026-05-04 16:26:04,519 INFO groupCount = 1, subscriberClientCount = 0, subscriberCount = 0

2026-05-04 16:26:04,541 INFO toNotifyTaskSize = 0

2026-05-04 16:26:04,541 INFO toClientNotifyTaskSize = 0

2026-05-04 16:26:14,179 INFO [long-pulling] client count 0

2026-05-04 16:26:14,520 INFO groupCount = 1, subscriberClientCount = 0, subscriberCount = 0

2026-05-04 16:26:14,542 INFO toNotifyTaskSize = 0

2026-05-04 16:26:14,542 INFO toClientNotifyTaskSize = 0

2026-05-04 16:26:24,178 INFO [long-pulling] client count 0

2026-05-04 16:26:24,520 INFO groupCount = 1, subscriberClientCount = 0, subscriberCount = 0

2026-05-04 16:26:24,541 INFO toNotifyTaskSize = 0

2026-05-04 16:26:24,542 INFO toClientNotifyTaskSize = 0

2026-05-04 16:26:34,179 INFO [long-pulling] client count 0

2026-05-04 16:26:34,520 INFO groupCount = 1, subscriberClientCount = 0, subscriberCount = 0

2026-05-04 16:26:34,542 INFO toNotifyTaskSize = 0

2026-05-04 16:26:34,543 INFO toClientNotifyTaskSize = 0

2026-05-04 16:26:44,180 INFO [long-pulling] client count 0

2026-05-04 16:26:44,521 INFO groupCount = 1, subscriberClientCount = 0, subscriberCount = 0

2026-05-04 16:26:44,543 INFO toNotifyTaskSize = 0

2026-05-04 16:26:44,544 INFO toClientNotifyTaskSize = 0

2026-05-04 16:26:54,180 INFO [long-pulling] client count 0

2026-05-04 16:26:54,521 INFO groupCount = 1, subscriberClientCount = 0, subscriberCount = 0

2026-05-04 16:26:54,543 INFO toNotifyTaskSize = 0

2026-05-04 16:26:54,543 INFO toClientNotifyTaskSize = 0

2026-05-04 16:27:04,180 INFO [long-pulling] client count 0

2026-05-04 16:27:04,521 INFO groupCount = 1, subscriberClientCount = 0, subscriberCount = 0

2026-05-04 16:27:04,544 INFO toNotifyTaskSize = 0

2026-05-04 16:27:04,545 INFO toClientNotifyTaskSize = 0

2026-05-04 16:27:14,181 INFO [long-pulling] client count 0

2026-05-04 16:27:14,522 INFO groupCount = 1, subscriberClientCount = 0, subscriberCount = 0

2026-05-04 16:27:14,545 INFO toNotifyTaskSize = 0

2026-05-04 16:27:14,546 INFO toClientNotifyTaskSize = 0

2026-05-04 16:27:24,181 INFO [long-pulling] client count 0

2026-05-04 16:27:24,521 INFO groupCount = 1, subscriberClientCount = 0, subscriberCount = 0

2026-05-04 16:27:24,545 INFO toNotifyTaskSize = 0

2026-05-04 16:27:24,545 INFO toClientNotifyTaskSize = 0

2026-05-04 16:27:34,181 INFO [long-pulling] client count 0

2026-05-04 16:27:34,522 INFO groupCount = 1, subscriberClientCount = 0, subscriberCount = 0

2026-05-04 16:27:34,546 INFO toNotifyTaskSize = 0

2026-05-04 16:27:34,546 INFO toClientNotifyTaskSize = 0

2026-05-04 16:27:44,182 INFO [long-pulling] client count 0

2026-05-04 16:27:44,523 INFO groupCount = 1, subscriberClientCount = 0, subscriberCount = 0

2026-05-04 16:27:44,547 INFO toNotifyTaskSize = 0

2026-05-04 16:27:44,547 INFO toClientNotifyTaskSize = 0

2026-05-04 16:27:54,182 INFO [long-pulling] client count 0

2026-05-04 16:27:54,522 INFO groupCount = 1, subscriberClientCount = 0, subscriberCount = 0

2026-05-04 16:27:54,546 INFO toNotifyTaskSize = 0

2026-05-04 16:27:54,547 INFO toClientNotifyTaskSize = 0

2026-05-04 16:28:04,183 INFO [long-pulling] client count 0

2026-05-04 16:28:04,523 INFO groupCount = 0, subscriberClientCount = 0, subscriberCount = 0

2026-05-04 16:28:04,547 INFO toNotifyTaskSize = 0

2026-05-04 16:28:04,548 INFO toClientNotifyTaskSize = 0

2026-05-04 16:28:14,184 INFO [long-pulling] client count 0

2026-05-04 16:28:14,523 INFO groupCount = 0, subscriberClientCount = 0, subscriberCount = 0

2026-05-04 16:28:14,549 INFO toNotifyTaskSize = 0

2026-05-04 16:28:14,549 INFO toClientNotifyTaskSize = 0

2026-05-04 16:28:24,183 INFO [long-pulling] client count 0

2026-05-04 16:28:24,523 INFO groupCount = 0, subscriberClientCount = 0, subscriberCount = 0

2026-05-04 16:28:24,548 INFO toNotifyTaskSize = 0

2026-05-04 16:28:24,549 INFO toClientNotifyTaskSize = 0

2026-05-04 16:28:34,184 INFO [long-pulling] client count 0

2026-05-04 16:28:34,523 INFO groupCount = 0, subscriberClientCount = 0, subscriberCount = 0

2026-05-04 16:28:34,549 INFO toNotifyTaskSize = 0

2026-05-04 16:28:34,550 INFO toClientNotifyTaskSize = 0

2026-05-04 16:28:44,184 INFO [long-pulling] client count 0

2026-05-04 16:28:44,524 INFO groupCount = 1, subscriberClientCount = 0, subscriberCount = 0

2026-05-04 16:28:44,550 INFO toNotifyTaskSize = 0

2026-05-04 16:28:44,551 INFO toClientNotifyTaskSize = 0

2026-05-04 16:28:54,184 INFO [long-pulling] client count 0

2026-05-04 16:28:54,523 INFO groupCount = 1, subscriberClientCount = 0, subscriberCount = 0

2026-05-04 16:28:54,550 INFO toNotifyTaskSize = 0

2026-05-04 16:28:54,550 INFO toClientNotifyTaskSize = 0

2026-05-04 16:29:04,184 INFO [long-pulling] client count 0

2026-05-04 16:29:04,524 INFO groupCount = 1, subscriberClientCount = 0, subscriberCount = 0

2026-05-04 16:29:04,551 INFO toNotifyTaskSize = 0

2026-05-04 16:29:04,551 INFO toClientNotifyTaskSize = 0

2026-05-04 16:29:14,185 INFO [long-pulling] client count 0

2026-05-04 16:29:14,524 INFO groupCount = 1, subscriberClientCount = 0, subscriberCount = 0

2026-05-04 16:29:14,552 INFO toNotifyTaskSize = 0

2026-05-04 16:29:14,552 INFO toClientNotifyTaskSize = 0

2026-05-04 16:29:24,184 INFO [long-pulling] client count 0

2026-05-04 16:29:24,524 INFO groupCount = 1, subscriberClientCount = 0, subscriberCount = 0

2026-05-04 16:29:24,551 INFO toNotifyTaskSize = 0

2026-05-04 16:29:24,552 INFO toClientNotifyTaskSize = 0

2026-05-04 16:29:34,185 INFO [long-pulling] client count 0

2026-05-04 16:29:34,524 INFO groupCount = 1, subscriberClientCount = 0, subscriberCount = 0

2026-05-04 16:29:34,552 INFO toNotifyTaskSize = 0

2026-05-04 16:29:34,553 INFO toClientNotifyTaskSize = 0

2026-05-04 16:29:44,185 INFO [long-pulling] client count 0

2026-05-04 16:29:44,525 INFO groupCount = 1, subscriberClientCount = 0, subscriberCount = 0

2026-05-04 16:29:44,553 INFO toNotifyTaskSize = 0

2026-05-04 16:29:44,554 INFO toClientNotifyTaskSize = 0

2026-05-04 16:29:54,184 INFO [long-pulling] client count 0

2026-05-04 16:29:54,524 INFO groupCount = 1, subscriberClientCount = 0, subscriberCount = 0

2026-05-04 16:29:54,553 INFO toNotifyTaskSize = 0

2026-05-04 16:29:54,553 INFO toClientNotifyTaskSize = 0

2026-05-04 16:30:04,185 INFO [long-pulling] client count 0

2026-05-04 16:30:04,525 INFO groupCount = 1, subscriberClientCount = 0, subscriberCount = 0

2026-05-04 16:30:04,554 INFO toNotifyTaskSize = 0

2026-05-04 16:30:04,554 INFO toClientNotifyTaskSize = 0

2026-05-04 16:30:14,186 INFO [long-pulling] client count 0

2026-05-04 16:30:14,526 INFO groupCount = 1, subscriberClientCount = 0, subscriberCount = 0

2026-05-04 16:30:14,555 INFO toNotifyTaskSize = 0

2026-05-04 16:30:14,555 INFO toClientNotifyTaskSize = 0

2026-05-04 16:30:24,184 INFO [long-pulling] client count 0

2026-05-04 16:30:24,525 INFO groupCount = 1, subscriberClientCount = 0, subscriberCount = 0

2026-05-04 16:30:24,554 INFO toNotifyTaskSize = 0

2026-05-04 16:30:24,555 INFO toClientNotifyTaskSize = 0

2026-05-04 16:30:34,185 INFO [long-pulling] client count 0

2026-05-04 16:30:34,526 INFO groupCount = 0, subscriberClientCount = 0, subscriberCount = 0

2026-05-04 16:30:34,555 INFO toNotifyTaskSize = 0

2026-05-04 16:30:34,556 INFO toClientNotifyTaskSize = 0

2026-05-04 16:30:44,186 INFO [long-pulling] client count 0

2026-05-04 16:30:44,526 INFO groupCount = 0, subscriberClientCount = 0, subscriberCount = 0

2026-05-04 16:30:44,556 INFO toNotifyTaskSize = 0

2026-05-04 16:30:44,557 INFO toClientNotifyTaskSize = 0

2026-05-04 16:30:54,185 INFO [long-pulling] client count 0

2026-05-04 16:30:54,525 INFO groupCount = 1, subscriberClientCount = 0, subscriberCount = 0

2026-05-04 16:30:54,556 INFO toNotifyTaskSize = 0

2026-05-04 16:30:54,557 INFO toClientNotifyTaskSize = 0

2026-05-04 16:31:04,185 INFO [long-pulling] client count 0

2026-05-04 16:31:04,526 INFO groupCount = 1, subscriberClientCount = 0, subscriberCount = 0

2026-05-04 16:31:04,557 INFO toNotifyTaskSize = 0

2026-05-04 16:31:04,558 INFO toClientNotifyTaskSize = 0

2026-05-04 16:31:14,186 INFO [long-pulling] client count 0

2026-05-04 16:31:14,527 INFO groupCount = 1, subscriberClientCount = 0, subscriberCount = 0

2026-05-04 16:31:14,558 INFO toNotifyTaskSize = 0

2026-05-04 16:31:14,558 INFO toClientNotifyTaskSize = 0

2026-05-04 16:31:24,185 INFO [long-pulling] client count 0

2026-05-04 16:31:24,528 INFO groupCount = 1, subscriberClientCount = 0, subscriberCount = 0

2026-05-04 16:31:24,558 INFO toNotifyTaskSize = 0

2026-05-04 16:31:24,558 INFO toClientNotifyTaskSize = 0

2026-05-04 16:31:34,186 INFO [long-pulling] client count 0

2026-05-04 16:31:34,529 INFO groupCount = 1, subscriberClientCount = 0, subscriberCount = 0

2026-05-04 16:31:34,559 INFO toNotifyTaskSize = 0

2026-05-04 16:31:34,559 INFO toClientNotifyTaskSize = 0

2026-05-04 16:31:44,187 INFO [long-pulling] client count 0

2026-05-04 16:31:44,531 INFO groupCount = 1, subscriberClientCount = 0, subscriberCount = 0

2026-05-04 16:31:44,560 INFO toNotifyTaskSize = 0

2026-05-04 16:31:44,560 INFO toClientNotifyTaskSize = 0

2026-05-04 16:31:54,185 INFO [long-pulling] client count 0

2026-05-04 16:31:54,530 INFO groupCount = 1, subscriberClientCount = 0, subscriberCount = 0

2026-05-04 16:31:54,558 INFO toNotifyTaskSize = 0

2026-05-04 16:31:54,559 INFO toClientNotifyTaskSize = 0

2026-05-04 16:32:04,186 INFO [long-pulling] client count 0

2026-05-04 16:32:04,531 INFO groupCount = 1, subscriberClientCount = 0, subscriberCount = 0

2026-05-04 16:32:04,559 INFO toNotifyTaskSize = 0

2026-05-04 16:32:04,560 INFO toClientNotifyTaskSize = 0

2026-05-04 16:32:14,186 INFO [long-pulling] client count 0

2026-05-04 16:32:14,533 INFO groupCount = 1, subscriberClientCount = 0, subscriberCount = 0

2026-05-04 16:32:14,560 INFO toNotifyTaskSize = 0

2026-05-04 16:32:14,561 INFO toClientNotifyTaskSize = 0

2026-05-04 16:32:24,186 INFO [long-pulling] client count 0

2026-05-04 16:32:24,532 INFO groupCount = 1, subscriberClientCount = 0, subscriberCount = 0

2026-05-04 16:32:24,560 INFO toNotifyTaskSize = 0

2026-05-04 16:32:24,563 INFO toClientNotifyTaskSize = 0

2026-05-04 16:32:34,187 INFO [long-pulling] client count 0

2026-05-04 16:32:34,533 INFO groupCount = 1, subscriberClientCount = 0, subscriberCount = 0

2026-05-04 16:32:34,564 INFO toNotifyTaskSize = 0

2026-05-04 16:32:34,564 INFO toClientNotifyTaskSize = 0

2026-05-04 16:32:44,187 INFO [long-pulling] client count 0

2026-05-04 16:32:44,534 INFO groupCount = 1, subscriberClientCount = 0, subscriberCount = 0

2026-05-04 16:32:44,565 INFO toNotifyTaskSize = 0

2026-05-04 16:32:44,565 INFO toClientNotifyTaskSize = 0

2026-05-04 16:32:54,186 INFO [long-pulling] client count 0

2026-05-04 16:32:54,532 INFO groupCount = 1, subscriberClientCount = 0, subscriberCount = 0

2026-05-04 16:32:54,563 INFO toNotifyTaskSize = 0

2026-05-04 16:32:54,564 INFO toClientNotifyTaskSize = 0

2026-05-04 16:33:04,186 INFO [long-pulling] client count 0

2026-05-04 16:33:04,533 INFO groupCount = 1, subscriberClientCount = 0, subscriberCount = 0

2026-05-04 16:33:04,564 INFO toNotifyTaskSize = 0

2026-05-04 16:33:04,565 INFO toClientNotifyTaskSize = 0

2026-05-04 16:33:14,187 INFO [long-pulling] client count 0

