2026-05-04 14:32:54,512 INFO Connection transportReady,connectionId = 1777876374509_172.24.0.1_53154 

2026-05-04 14:36:35,234 INFO Connection transportTerminated,connectionId = 1777876374509_172.24.0.1_53154 

2026-05-04 14:36:35,235 WARN [1777876374509_172.24.0.1_53154] connection  close bi stream exception  : {}

java.lang.IllegalStateException: call already closed
	at com.google.common.base.Preconditions.checkState(Preconditions.java:513)
	at io.grpc.internal.ServerCallImpl.closeInternal(ServerCallImpl.java:218)
	at io.grpc.internal.ServerCallImpl.close(ServerCallImpl.java:213)
	at io.grpc.stub.ServerCalls$ServerCallStreamObserverImpl.onCompleted(ServerCalls.java:396)
	at com.alibaba.nacos.core.remote.grpc.GrpcConnection.closeBiStream(GrpcConnection.java:210)
	at com.alibaba.nacos.core.remote.grpc.GrpcConnection.close(GrpcConnection.java:195)
	at com.alibaba.nacos.core.remote.ConnectionManager.unregister(ConnectionManager.java:158)
	at com.alibaba.nacos.core.remote.grpc.AddressTransportFilter.transportTerminated(AddressTransportFilter.java:77)
	at io.grpc.internal.ServerImpl$ServerTransportListenerImpl.transportTerminated(ServerImpl.java:456)
	at io.grpc.netty.shaded.io.grpc.netty.NettyServerTransport.notifyTerminated(NettyServerTransport.java:216)
	at io.grpc.netty.shaded.io.grpc.netty.NettyServerTransport.access$100(NettyServerTransport.java:51)
	at io.grpc.netty.shaded.io.grpc.netty.NettyServerTransport$1TerminationNotifier.operationComplete(NettyServerTransport.java:150)
	at io.grpc.netty.shaded.io.grpc.netty.NettyServerTransport$1TerminationNotifier.operationComplete(NettyServerTransport.java:143)
	at io.grpc.netty.shaded.io.netty.util.concurrent.DefaultPromise.notifyListener0(DefaultPromise.java:603)
	at io.grpc.netty.shaded.io.netty.util.concurrent.DefaultPromise.notifyListeners0(DefaultPromise.java:596)
	at io.grpc.netty.shaded.io.netty.util.concurrent.DefaultPromise.notifyListenersNow(DefaultPromise.java:572)
	at io.grpc.netty.shaded.io.netty.util.concurrent.DefaultPromise.notifyListeners(DefaultPromise.java:505)
	at io.grpc.netty.shaded.io.netty.util.concurrent.DefaultPromise.setValue0(DefaultPromise.java:649)
	at io.grpc.netty.shaded.io.netty.util.concurrent.DefaultPromise.setSuccess0(DefaultPromise.java:638)
	at io.grpc.netty.shaded.io.netty.util.concurrent.DefaultPromise.trySuccess(DefaultPromise.java:118)
	at io.grpc.netty.shaded.io.netty.channel.DefaultChannelPromise.trySuccess(DefaultChannelPromise.java:84)
	at io.grpc.netty.shaded.io.netty.channel.AbstractChannel$CloseFuture.setClosed(AbstractChannel.java:1161)
	at io.grpc.netty.shaded.io.netty.channel.AbstractChannel$AbstractUnsafe.doClose0(AbstractChannel.java:753)
	at io.grpc.netty.shaded.io.netty.channel.AbstractChannel$AbstractUnsafe.close(AbstractChannel.java:729)
	at io.grpc.netty.shaded.io.netty.channel.AbstractChannel$AbstractUnsafe.close(AbstractChannel.java:619)
	at io.grpc.netty.shaded.io.netty.channel.epoll.AbstractEpollChannel$AbstractEpollUnsafe.shutdownInput(AbstractEpollChannel.java:522)
	at io.grpc.netty.shaded.io.netty.channel.epoll.AbstractEpollStreamChannel$EpollStreamUnsafe.epollInReady(AbstractEpollStreamChannel.java:822)
	at io.grpc.netty.shaded.io.netty.channel.epoll.EpollEventLoop.processReady(EpollEventLoop.java:501)
	at io.grpc.netty.shaded.io.netty.channel.epoll.EpollEventLoop.run(EpollEventLoop.java:399)
	at io.grpc.netty.shaded.io.netty.util.concurrent.SingleThreadEventExecutor$4.run(SingleThreadEventExecutor.java:998)
	at io.grpc.netty.shaded.io.netty.util.internal.ThreadExecutorMap$2.run(ThreadExecutorMap.java:74)
	at io.grpc.netty.shaded.io.netty.util.concurrent.FastThreadLocalRunnable.run(FastThreadLocalRunnable.java:30)
	at java.base/java.lang.Thread.run(Thread.java:840)
2026-05-04 14:36:35,239 INFO [1777876374509_172.24.0.1_53154]client disconnected,clear config listen context

2026-05-04 14:39:13,988 INFO Connection transportReady,connectionId = 1777876753988_172.24.0.1_37572 

2026-05-04 14:40:17,047 INFO Connection transportTerminated,connectionId = 1777876753988_172.24.0.1_37572 

2026-05-04 14:40:17,047 WARN [1777876753988_172.24.0.1_37572] connection  close bi stream exception  : {}

java.lang.IllegalStateException: call already closed
	at com.google.common.base.Preconditions.checkState(Preconditions.java:513)
	at io.grpc.internal.ServerCallImpl.closeInternal(ServerCallImpl.java:218)
	at io.grpc.internal.ServerCallImpl.close(ServerCallImpl.java:213)
	at io.grpc.stub.ServerCalls$ServerCallStreamObserverImpl.onCompleted(ServerCalls.java:396)
	at com.alibaba.nacos.core.remote.grpc.GrpcConnection.closeBiStream(GrpcConnection.java:210)
	at com.alibaba.nacos.core.remote.grpc.GrpcConnection.close(GrpcConnection.java:195)
	at com.alibaba.nacos.core.remote.ConnectionManager.unregister(ConnectionManager.java:158)
	at com.alibaba.nacos.core.remote.grpc.AddressTransportFilter.transportTerminated(AddressTransportFilter.java:77)
	at io.grpc.internal.ServerImpl$ServerTransportListenerImpl.transportTerminated(ServerImpl.java:456)
	at io.grpc.netty.shaded.io.grpc.netty.NettyServerTransport.notifyTerminated(NettyServerTransport.java:216)
	at io.grpc.netty.shaded.io.grpc.netty.NettyServerTransport.access$100(NettyServerTransport.java:51)
	at io.grpc.netty.shaded.io.grpc.netty.NettyServerTransport$1TerminationNotifier.operationComplete(NettyServerTransport.java:150)
	at io.grpc.netty.shaded.io.grpc.netty.NettyServerTransport$1TerminationNotifier.operationComplete(NettyServerTransport.java:143)
	at io.grpc.netty.shaded.io.netty.util.concurrent.DefaultPromise.notifyListener0(DefaultPromise.java:603)
	at io.grpc.netty.shaded.io.netty.util.concurrent.DefaultPromise.notifyListeners0(DefaultPromise.java:596)
	at io.grpc.netty.shaded.io.netty.util.concurrent.DefaultPromise.notifyListenersNow(DefaultPromise.java:572)
	at io.grpc.netty.shaded.io.netty.util.concurrent.DefaultPromise.notifyListeners(DefaultPromise.java:505)
	at io.grpc.netty.shaded.io.netty.util.concurrent.DefaultPromise.setValue0(DefaultPromise.java:649)
	at io.grpc.netty.shaded.io.netty.util.concurrent.DefaultPromise.setSuccess0(DefaultPromise.java:638)
	at io.grpc.netty.shaded.io.netty.util.concurrent.DefaultPromise.trySuccess(DefaultPromise.java:118)
	at io.grpc.netty.shaded.io.netty.channel.DefaultChannelPromise.trySuccess(DefaultChannelPromise.java:84)
	at io.grpc.netty.shaded.io.netty.channel.AbstractChannel$CloseFuture.setClosed(AbstractChannel.java:1161)
	at io.grpc.netty.shaded.io.netty.channel.AbstractChannel$AbstractUnsafe.doClose0(AbstractChannel.java:753)
	at io.grpc.netty.shaded.io.netty.channel.AbstractChannel$AbstractUnsafe.close(AbstractChannel.java:729)
	at io.grpc.netty.shaded.io.netty.channel.AbstractChannel$AbstractUnsafe.close(AbstractChannel.java:619)
	at io.grpc.netty.shaded.io.netty.channel.epoll.AbstractEpollChannel$AbstractEpollUnsafe.shutdownInput(AbstractEpollChannel.java:522)
	at io.grpc.netty.shaded.io.netty.channel.epoll.AbstractEpollStreamChannel$EpollStreamUnsafe.epollInReady(AbstractEpollStreamChannel.java:822)
	at io.grpc.netty.shaded.io.netty.channel.epoll.EpollEventLoop.processReady(EpollEventLoop.java:501)
	at io.grpc.netty.shaded.io.netty.channel.epoll.EpollEventLoop.run(EpollEventLoop.java:399)
	at io.grpc.netty.shaded.io.netty.util.concurrent.SingleThreadEventExecutor$4.run(SingleThreadEventExecutor.java:998)
	at io.grpc.netty.shaded.io.netty.util.internal.ThreadExecutorMap$2.run(ThreadExecutorMap.java:74)
	at io.grpc.netty.shaded.io.netty.util.concurrent.FastThreadLocalRunnable.run(FastThreadLocalRunnable.java:30)
	at java.base/java.lang.Thread.run(Thread.java:840)
2026-05-04 14:40:17,049 INFO [1777876753988_172.24.0.1_37572]client disconnected,clear config listen context

2026-05-04 14:42:42,274 INFO Connection transportReady,connectionId = 1777876962274_172.24.0.1_40136 

2026-05-04 14:42:44,679 INFO Connection transportTerminated,connectionId = 1777876962274_172.24.0.1_40136 

2026-05-04 14:42:44,679 WARN [1777876962274_172.24.0.1_40136] connection  close bi stream exception  : {}

java.lang.IllegalStateException: call already closed
	at com.google.common.base.Preconditions.checkState(Preconditions.java:513)
	at io.grpc.internal.ServerCallImpl.closeInternal(ServerCallImpl.java:218)
	at io.grpc.internal.ServerCallImpl.close(ServerCallImpl.java:213)
	at io.grpc.stub.ServerCalls$ServerCallStreamObserverImpl.onCompleted(ServerCalls.java:396)
	at com.alibaba.nacos.core.remote.grpc.GrpcConnection.closeBiStream(GrpcConnection.java:210)
	at com.alibaba.nacos.core.remote.grpc.GrpcConnection.close(GrpcConnection.java:195)
	at com.alibaba.nacos.core.remote.ConnectionManager.unregister(ConnectionManager.java:158)
	at com.alibaba.nacos.core.remote.grpc.AddressTransportFilter.transportTerminated(AddressTransportFilter.java:77)
	at io.grpc.internal.ServerImpl$ServerTransportListenerImpl.transportTerminated(ServerImpl.java:456)
	at io.grpc.netty.shaded.io.grpc.netty.NettyServerTransport.notifyTerminated(NettyServerTransport.java:216)
	at io.grpc.netty.shaded.io.grpc.netty.NettyServerTransport.access$100(NettyServerTransport.java:51)
	at io.grpc.netty.shaded.io.grpc.netty.NettyServerTransport$1TerminationNotifier.operationComplete(NettyServerTransport.java:150)
	at io.grpc.netty.shaded.io.grpc.netty.NettyServerTransport$1TerminationNotifier.operationComplete(NettyServerTransport.java:143)
	at io.grpc.netty.shaded.io.netty.util.concurrent.DefaultPromise.notifyListener0(DefaultPromise.java:603)
	at io.grpc.netty.shaded.io.netty.util.concurrent.DefaultPromise.notifyListeners0(DefaultPromise.java:596)
	at io.grpc.netty.shaded.io.netty.util.concurrent.DefaultPromise.notifyListenersNow(DefaultPromise.java:572)
	at io.grpc.netty.shaded.io.netty.util.concurrent.DefaultPromise.notifyListeners(DefaultPromise.java:505)
	at io.grpc.netty.shaded.io.netty.util.concurrent.DefaultPromise.setValue0(DefaultPromise.java:649)
	at io.grpc.netty.shaded.io.netty.util.concurrent.DefaultPromise.setSuccess0(DefaultPromise.java:638)
	at io.grpc.netty.shaded.io.netty.util.concurrent.DefaultPromise.trySuccess(DefaultPromise.java:118)
	at io.grpc.netty.shaded.io.netty.channel.DefaultChannelPromise.trySuccess(DefaultChannelPromise.java:84)
	at io.grpc.netty.shaded.io.netty.channel.AbstractChannel$CloseFuture.setClosed(AbstractChannel.java:1161)
	at io.grpc.netty.shaded.io.netty.channel.AbstractChannel$AbstractUnsafe.doClose0(AbstractChannel.java:753)
	at io.grpc.netty.shaded.io.netty.channel.AbstractChannel$AbstractUnsafe.close(AbstractChannel.java:729)
	at io.grpc.netty.shaded.io.netty.channel.AbstractChannel$AbstractUnsafe.close(AbstractChannel.java:619)
	at io.grpc.netty.shaded.io.netty.channel.epoll.AbstractEpollChannel$AbstractEpollUnsafe.shutdownInput(AbstractEpollChannel.java:522)
	at io.grpc.netty.shaded.io.netty.channel.epoll.AbstractEpollStreamChannel$EpollStreamUnsafe.epollInReady(AbstractEpollStreamChannel.java:822)
	at io.grpc.netty.shaded.io.netty.channel.epoll.EpollEventLoop.processReady(EpollEventLoop.java:501)
	at io.grpc.netty.shaded.io.netty.channel.epoll.EpollEventLoop.run(EpollEventLoop.java:399)
	at io.grpc.netty.shaded.io.netty.util.concurrent.SingleThreadEventExecutor$4.run(SingleThreadEventExecutor.java:998)
	at io.grpc.netty.shaded.io.netty.util.internal.ThreadExecutorMap$2.run(ThreadExecutorMap.java:74)
	at io.grpc.netty.shaded.io.netty.util.concurrent.FastThreadLocalRunnable.run(FastThreadLocalRunnable.java:30)
	at java.base/java.lang.Thread.run(Thread.java:840)
2026-05-04 14:42:44,681 INFO [1777876962274_172.24.0.1_40136]client disconnected,clear config listen context

2026-05-04 14:44:17,960 INFO Connection transportReady,connectionId = 1777877057957_172.24.0.1_58398 

2026-05-04 14:44:22,837 INFO Connection transportReady,connectionId = 1777877062837_172.24.0.1_58402 

2026-05-04 14:46:36,565 INFO Connection transportTerminated,connectionId = 1777877062837_172.24.0.1_58402 

2026-05-04 14:46:36,566 WARN [1777877062837_172.24.0.1_58402] connection  close bi stream exception  : {}

java.lang.IllegalStateException: call already closed
	at com.google.common.base.Preconditions.checkState(Preconditions.java:513)
	at io.grpc.internal.ServerCallImpl.closeInternal(ServerCallImpl.java:218)
	at io.grpc.internal.ServerCallImpl.close(ServerCallImpl.java:213)
	at io.grpc.stub.ServerCalls$ServerCallStreamObserverImpl.onCompleted(ServerCalls.java:396)
	at com.alibaba.nacos.core.remote.grpc.GrpcConnection.closeBiStream(GrpcConnection.java:210)
	at com.alibaba.nacos.core.remote.grpc.GrpcConnection.close(GrpcConnection.java:195)
	at com.alibaba.nacos.core.remote.ConnectionManager.unregister(ConnectionManager.java:158)
	at com.alibaba.nacos.core.remote.grpc.AddressTransportFilter.transportTerminated(AddressTransportFilter.java:77)
	at io.grpc.internal.ServerImpl$ServerTransportListenerImpl.transportTerminated(ServerImpl.java:456)
	at io.grpc.netty.shaded.io.grpc.netty.NettyServerTransport.notifyTerminated(NettyServerTransport.java:216)
	at io.grpc.netty.shaded.io.grpc.netty.NettyServerTransport.access$100(NettyServerTransport.java:51)
	at io.grpc.netty.shaded.io.grpc.netty.NettyServerTransport$1TerminationNotifier.operationComplete(NettyServerTransport.java:150)
	at io.grpc.netty.shaded.io.grpc.netty.NettyServerTransport$1TerminationNotifier.operationComplete(NettyServerTransport.java:143)
	at io.grpc.netty.shaded.io.netty.util.concurrent.DefaultPromise.notifyListener0(DefaultPromise.java:603)
	at io.grpc.netty.shaded.io.netty.util.concurrent.DefaultPromise.notifyListeners0(DefaultPromise.java:596)
	at io.grpc.netty.shaded.io.netty.util.concurrent.DefaultPromise.notifyListenersNow(DefaultPromise.java:572)
	at io.grpc.netty.shaded.io.netty.util.concurrent.DefaultPromise.notifyListeners(DefaultPromise.java:505)
	at io.grpc.netty.shaded.io.netty.util.concurrent.DefaultPromise.setValue0(DefaultPromise.java:649)
	at io.grpc.netty.shaded.io.netty.util.concurrent.DefaultPromise.setSuccess0(DefaultPromise.java:638)
	at io.grpc.netty.shaded.io.netty.util.concurrent.DefaultPromise.trySuccess(DefaultPromise.java:118)
	at io.grpc.netty.shaded.io.netty.channel.DefaultChannelPromise.trySuccess(DefaultChannelPromise.java:84)
	at io.grpc.netty.shaded.io.netty.channel.AbstractChannel$CloseFuture.setClosed(AbstractChannel.java:1161)
	at io.grpc.netty.shaded.io.netty.channel.AbstractChannel$AbstractUnsafe.doClose0(AbstractChannel.java:753)
	at io.grpc.netty.shaded.io.netty.channel.AbstractChannel$AbstractUnsafe.close(AbstractChannel.java:729)
	at io.grpc.netty.shaded.io.netty.channel.AbstractChannel$AbstractUnsafe.close(AbstractChannel.java:619)
	at io.grpc.netty.shaded.io.netty.channel.epoll.AbstractEpollChannel$AbstractEpollUnsafe.shutdownInput(AbstractEpollChannel.java:522)
	at io.grpc.netty.shaded.io.netty.channel.epoll.AbstractEpollStreamChannel$EpollStreamUnsafe.epollInReady(AbstractEpollStreamChannel.java:822)
	at io.grpc.netty.shaded.io.netty.channel.epoll.EpollEventLoop.processReady(EpollEventLoop.java:501)
	at io.grpc.netty.shaded.io.netty.channel.epoll.EpollEventLoop.run(EpollEventLoop.java:399)
	at io.grpc.netty.shaded.io.netty.util.concurrent.SingleThreadEventExecutor$4.run(SingleThreadEventExecutor.java:998)
	at io.grpc.netty.shaded.io.netty.util.internal.ThreadExecutorMap$2.run(ThreadExecutorMap.java:74)
	at io.grpc.netty.shaded.io.netty.util.concurrent.FastThreadLocalRunnable.run(FastThreadLocalRunnable.java:30)
	at java.base/java.lang.Thread.run(Thread.java:840)
2026-05-04 14:46:36,572 INFO [1777877062837_172.24.0.1_58402]client disconnected,clear config listen context

2026-05-04 14:46:39,176 INFO Connection transportTerminated,connectionId = 1777877057957_172.24.0.1_58398 

2026-05-04 14:46:39,177 INFO [1777877057957_172.24.0.1_58398]client disconnected,clear config listen context

2026-05-04 14:46:46,960 INFO Connection transportReady,connectionId = 1777877206960_172.24.0.1_57062 

2026-05-04 14:46:51,506 INFO Connection transportReady,connectionId = 1777877211506_172.24.0.1_50832 

2026-05-04 14:49:11,308 INFO Connection transportTerminated,connectionId = 1777877206960_172.24.0.1_57062 

2026-05-04 14:49:11,308 INFO Connection transportTerminated,connectionId = 1777877211506_172.24.0.1_50832 

2026-05-04 14:49:11,310 INFO [1777877206960_172.24.0.1_57062]client disconnected,clear config listen context

2026-05-04 14:49:11,311 INFO [1777877211506_172.24.0.1_50832]client disconnected,clear config listen context

2026-05-04 14:50:04,621 INFO Connection transportReady,connectionId = 1777877404616_172.24.0.1_39612 

2026-05-04 14:50:04,621 INFO Connection transportReady,connectionId = 1777877404619_172.24.0.1_39604 

2026-05-04 14:54:07,121 INFO Connection transportReady,connectionId = 1777877647121_172.24.0.1_38126 

2026-05-04 14:54:20,127 INFO Connection transportTerminated,connectionId = 1777877647121_172.24.0.1_38126 

2026-05-04 14:54:20,130 INFO [1777877647121_172.24.0.1_38126]client disconnected,clear config listen context

2026-05-04 14:55:16,552 INFO Connection transportReady,connectionId = 1777877716552_172.24.0.1_57508 

2026-05-04 14:55:29,645 INFO Connection transportTerminated,connectionId = 1777877716552_172.24.0.1_57508 

2026-05-04 14:55:29,647 INFO [1777877716552_172.24.0.1_57508]client disconnected,clear config listen context

2026-05-04 14:57:37,403 INFO Connection transportTerminated,connectionId = 1777877404619_172.24.0.1_39604 

2026-05-04 14:57:37,403 WARN [1777877404619_172.24.0.1_39604] connection  close bi stream exception  : {}

java.lang.IllegalStateException: call already closed
	at com.google.common.base.Preconditions.checkState(Preconditions.java:513)
	at io.grpc.internal.ServerCallImpl.closeInternal(ServerCallImpl.java:218)
	at io.grpc.internal.ServerCallImpl.close(ServerCallImpl.java:213)
	at io.grpc.stub.ServerCalls$ServerCallStreamObserverImpl.onCompleted(ServerCalls.java:396)
	at com.alibaba.nacos.core.remote.grpc.GrpcConnection.closeBiStream(GrpcConnection.java:210)
	at com.alibaba.nacos.core.remote.grpc.GrpcConnection.close(GrpcConnection.java:195)
	at com.alibaba.nacos.core.remote.ConnectionManager.unregister(ConnectionManager.java:158)
	at com.alibaba.nacos.core.remote.grpc.AddressTransportFilter.transportTerminated(AddressTransportFilter.java:77)
	at io.grpc.internal.ServerImpl$ServerTransportListenerImpl.transportTerminated(ServerImpl.java:456)
	at io.grpc.netty.shaded.io.grpc.netty.NettyServerTransport.notifyTerminated(NettyServerTransport.java:216)
	at io.grpc.netty.shaded.io.grpc.netty.NettyServerTransport.access$100(NettyServerTransport.java:51)
	at io.grpc.netty.shaded.io.grpc.netty.NettyServerTransport$1TerminationNotifier.operationComplete(NettyServerTransport.java:150)
	at io.grpc.netty.shaded.io.grpc.netty.NettyServerTransport$1TerminationNotifier.operationComplete(NettyServerTransport.java:143)
	at io.grpc.netty.shaded.io.netty.util.concurrent.DefaultPromise.notifyListener0(DefaultPromise.java:603)
	at io.grpc.netty.shaded.io.netty.util.concurrent.DefaultPromise.notifyListeners0(DefaultPromise.java:596)
	at io.grpc.netty.shaded.io.netty.util.concurrent.DefaultPromise.notifyListenersNow(DefaultPromise.java:572)
	at io.grpc.netty.shaded.io.netty.util.concurrent.DefaultPromise.notifyListeners(DefaultPromise.java:505)
	at io.grpc.netty.shaded.io.netty.util.concurrent.DefaultPromise.setValue0(DefaultPromise.java:649)
	at io.grpc.netty.shaded.io.netty.util.concurrent.DefaultPromise.setSuccess0(DefaultPromise.java:638)
	at io.grpc.netty.shaded.io.netty.util.concurrent.DefaultPromise.trySuccess(DefaultPromise.java:118)
	at io.grpc.netty.shaded.io.netty.channel.DefaultChannelPromise.trySuccess(DefaultChannelPromise.java:84)
	at io.grpc.netty.shaded.io.netty.channel.AbstractChannel$CloseFuture.setClosed(AbstractChannel.java:1161)
	at io.grpc.netty.shaded.io.netty.channel.AbstractChannel$AbstractUnsafe.doClose0(AbstractChannel.java:753)
	at io.grpc.netty.shaded.io.netty.channel.AbstractChannel$AbstractUnsafe.close(AbstractChannel.java:729)
	at io.grpc.netty.shaded.io.netty.channel.AbstractChannel$AbstractUnsafe.close(AbstractChannel.java:619)
	at io.grpc.netty.shaded.io.netty.channel.epoll.AbstractEpollChannel$AbstractEpollUnsafe.shutdownInput(AbstractEpollChannel.java:522)
	at io.grpc.netty.shaded.io.netty.channel.epoll.AbstractEpollStreamChannel$EpollStreamUnsafe.epollInReady(AbstractEpollStreamChannel.java:822)
	at io.grpc.netty.shaded.io.netty.channel.epoll.EpollEventLoop.processReady(EpollEventLoop.java:501)
	at io.grpc.netty.shaded.io.netty.channel.epoll.EpollEventLoop.run(EpollEventLoop.java:399)
	at io.grpc.netty.shaded.io.netty.util.concurrent.SingleThreadEventExecutor$4.run(SingleThreadEventExecutor.java:998)
	at io.grpc.netty.shaded.io.netty.util.internal.ThreadExecutorMap$2.run(ThreadExecutorMap.java:74)
	at io.grpc.netty.shaded.io.netty.util.concurrent.FastThreadLocalRunnable.run(FastThreadLocalRunnable.java:30)
	at java.base/java.lang.Thread.run(Thread.java:840)
2026-05-04 14:57:37,404 INFO [1777877404619_172.24.0.1_39604]client disconnected,clear config listen context

2026-05-04 14:57:40,034 INFO Connection transportTerminated,connectionId = 1777877404616_172.24.0.1_39612 

2026-05-04 14:57:40,035 INFO [1777877404616_172.24.0.1_39612]client disconnected,clear config listen context

2026-05-04 14:57:48,771 INFO Connection transportReady,connectionId = 1777877868771_172.24.0.1_54284 

2026-05-04 14:57:53,148 INFO Connection transportReady,connectionId = 1777877873148_172.24.0.1_54292 

2026-05-04 14:57:59,842 INFO Connection transportReady,connectionId = 1777877879842_172.24.0.1_50216 

2026-05-04 14:58:13,034 INFO Connection transportTerminated,connectionId = 1777877879842_172.24.0.1_50216 

2026-05-04 14:58:13,035 INFO [1777877879842_172.24.0.1_50216]client disconnected,clear config listen context

2026-05-04 15:02:48,975 INFO Connection transportTerminated,connectionId = 1777877873148_172.24.0.1_54292 

2026-05-04 15:02:48,975 WARN [1777877873148_172.24.0.1_54292] connection  close bi stream exception  : {}

java.lang.IllegalStateException: call already closed
	at com.google.common.base.Preconditions.checkState(Preconditions.java:513)
	at io.grpc.internal.ServerCallImpl.closeInternal(ServerCallImpl.java:218)
	at io.grpc.internal.ServerCallImpl.close(ServerCallImpl.java:213)
	at io.grpc.stub.ServerCalls$ServerCallStreamObserverImpl.onCompleted(ServerCalls.java:396)
	at com.alibaba.nacos.core.remote.grpc.GrpcConnection.closeBiStream(GrpcConnection.java:210)
	at com.alibaba.nacos.core.remote.grpc.GrpcConnection.close(GrpcConnection.java:195)
	at com.alibaba.nacos.core.remote.ConnectionManager.unregister(ConnectionManager.java:158)
	at com.alibaba.nacos.core.remote.grpc.AddressTransportFilter.transportTerminated(AddressTransportFilter.java:77)
	at io.grpc.internal.ServerImpl$ServerTransportListenerImpl.transportTerminated(ServerImpl.java:456)
	at io.grpc.netty.shaded.io.grpc.netty.NettyServerTransport.notifyTerminated(NettyServerTransport.java:216)
	at io.grpc.netty.shaded.io.grpc.netty.NettyServerTransport.access$100(NettyServerTransport.java:51)
	at io.grpc.netty.shaded.io.grpc.netty.NettyServerTransport$1TerminationNotifier.operationComplete(NettyServerTransport.java:150)
	at io.grpc.netty.shaded.io.grpc.netty.NettyServerTransport$1TerminationNotifier.operationComplete(NettyServerTransport.java:143)
	at io.grpc.netty.shaded.io.netty.util.concurrent.DefaultPromise.notifyListener0(DefaultPromise.java:603)
	at io.grpc.netty.shaded.io.netty.util.concurrent.DefaultPromise.notifyListeners0(DefaultPromise.java:596)
	at io.grpc.netty.shaded.io.netty.util.concurrent.DefaultPromise.notifyListenersNow(DefaultPromise.java:572)
	at io.grpc.netty.shaded.io.netty.util.concurrent.DefaultPromise.notifyListeners(DefaultPromise.java:505)
	at io.grpc.netty.shaded.io.netty.util.concurrent.DefaultPromise.setValue0(DefaultPromise.java:649)
	at io.grpc.netty.shaded.io.netty.util.concurrent.DefaultPromise.setSuccess0(DefaultPromise.java:638)
	at io.grpc.netty.shaded.io.netty.util.concurrent.DefaultPromise.trySuccess(DefaultPromise.java:118)
	at io.grpc.netty.shaded.io.netty.channel.DefaultChannelPromise.trySuccess(DefaultChannelPromise.java:84)
	at io.grpc.netty.shaded.io.netty.channel.AbstractChannel$CloseFuture.setClosed(AbstractChannel.java:1161)
	at io.grpc.netty.shaded.io.netty.channel.AbstractChannel$AbstractUnsafe.doClose0(AbstractChannel.java:753)
	at io.grpc.netty.shaded.io.netty.channel.AbstractChannel$AbstractUnsafe.close(AbstractChannel.java:729)
	at io.grpc.netty.shaded.io.netty.channel.AbstractChannel$AbstractUnsafe.close(AbstractChannel.java:619)
	at io.grpc.netty.shaded.io.netty.channel.epoll.AbstractEpollChannel$AbstractEpollUnsafe.shutdownInput(AbstractEpollChannel.java:522)
	at io.grpc.netty.shaded.io.netty.channel.epoll.AbstractEpollStreamChannel$EpollStreamUnsafe.epollInReady(AbstractEpollStreamChannel.java:822)
	at io.grpc.netty.shaded.io.netty.channel.epoll.EpollEventLoop.processReady(EpollEventLoop.java:501)
	at io.grpc.netty.shaded.io.netty.channel.epoll.EpollEventLoop.run(EpollEventLoop.java:399)
	at io.grpc.netty.shaded.io.netty.util.concurrent.SingleThreadEventExecutor$4.run(SingleThreadEventExecutor.java:998)
	at io.grpc.netty.shaded.io.netty.util.internal.ThreadExecutorMap$2.run(ThreadExecutorMap.java:74)
	at io.grpc.netty.shaded.io.netty.util.concurrent.FastThreadLocalRunnable.run(FastThreadLocalRunnable.java:30)
	at java.base/java.lang.Thread.run(Thread.java:840)
2026-05-04 15:02:48,977 INFO [1777877873148_172.24.0.1_54292]client disconnected,clear config listen context

2026-05-04 15:02:51,403 INFO Connection transportTerminated,connectionId = 1777877868771_172.24.0.1_54284 

2026-05-04 15:02:51,405 INFO [1777877868771_172.24.0.1_54284]client disconnected,clear config listen context

2026-05-04 15:02:57,720 INFO Connection transportReady,connectionId = 1777878177719_172.24.0.1_41234 

2026-05-04 15:03:10,774 INFO Connection transportTerminated,connectionId = 1777878177719_172.24.0.1_41234 

2026-05-04 15:03:10,775 INFO [1777878177719_172.24.0.1_41234]client disconnected,clear config listen context

2026-05-04 15:05:53,585 INFO Connection transportReady,connectionId = 1777878353585_172.24.0.1_51518 

2026-05-04 15:05:58,054 INFO Connection transportReady,connectionId = 1777878358054_172.24.0.1_60940 

2026-05-04 15:06:06,890 INFO Connection transportReady,connectionId = 1777878366890_172.24.0.1_60956 

2026-05-04 15:06:19,982 INFO Connection transportTerminated,connectionId = 1777878366890_172.24.0.1_60956 

2026-05-04 15:06:19,984 INFO [1777878366890_172.24.0.1_60956]client disconnected,clear config listen context

2026-05-04 15:07:41,643 INFO Connection transportReady,connectionId = 1777878461643_172.24.0.1_52110 

2026-05-04 15:07:45,094 INFO Connection transportReady,connectionId = 1777878465094_172.24.0.1_52124 

2026-05-04 15:10:44,022 INFO Connection transportTerminated,connectionId = 1777878358054_172.24.0.1_60940 

2026-05-04 15:10:44,023 WARN [1777878358054_172.24.0.1_60940] connection  close bi stream exception  : {}

java.lang.IllegalStateException: call already closed
	at com.google.common.base.Preconditions.checkState(Preconditions.java:513)
	at io.grpc.internal.ServerCallImpl.closeInternal(ServerCallImpl.java:218)
	at io.grpc.internal.ServerCallImpl.close(ServerCallImpl.java:213)
	at io.grpc.stub.ServerCalls$ServerCallStreamObserverImpl.onCompleted(ServerCalls.java:396)
	at com.alibaba.nacos.core.remote.grpc.GrpcConnection.closeBiStream(GrpcConnection.java:210)
	at com.alibaba.nacos.core.remote.grpc.GrpcConnection.close(GrpcConnection.java:195)
	at com.alibaba.nacos.core.remote.ConnectionManager.unregister(ConnectionManager.java:158)
	at com.alibaba.nacos.core.remote.grpc.AddressTransportFilter.transportTerminated(AddressTransportFilter.java:77)
	at io.grpc.internal.ServerImpl$ServerTransportListenerImpl.transportTerminated(ServerImpl.java:456)
	at io.grpc.netty.shaded.io.grpc.netty.NettyServerTransport.notifyTerminated(NettyServerTransport.java:216)
	at io.grpc.netty.shaded.io.grpc.netty.NettyServerTransport.access$100(NettyServerTransport.java:51)
	at io.grpc.netty.shaded.io.grpc.netty.NettyServerTransport$1TerminationNotifier.operationComplete(NettyServerTransport.java:150)
	at io.grpc.netty.shaded.io.grpc.netty.NettyServerTransport$1TerminationNotifier.operationComplete(NettyServerTransport.java:143)
	at io.grpc.netty.shaded.io.netty.util.concurrent.DefaultPromise.notifyListener0(DefaultPromise.java:603)
	at io.grpc.netty.shaded.io.netty.util.concurrent.DefaultPromise.notifyListeners0(DefaultPromise.java:596)
	at io.grpc.netty.shaded.io.netty.util.concurrent.DefaultPromise.notifyListenersNow(DefaultPromise.java:572)
	at io.grpc.netty.shaded.io.netty.util.concurrent.DefaultPromise.notifyListeners(DefaultPromise.java:505)
	at io.grpc.netty.shaded.io.netty.util.concurrent.DefaultPromise.setValue0(DefaultPromise.java:649)
	at io.grpc.netty.shaded.io.netty.util.concurrent.DefaultPromise.setSuccess0(DefaultPromise.java:638)
	at io.grpc.netty.shaded.io.netty.util.concurrent.DefaultPromise.trySuccess(DefaultPromise.java:118)
	at io.grpc.netty.shaded.io.netty.channel.DefaultChannelPromise.trySuccess(DefaultChannelPromise.java:84)
	at io.grpc.netty.shaded.io.netty.channel.AbstractChannel$CloseFuture.setClosed(AbstractChannel.java:1161)
	at io.grpc.netty.shaded.io.netty.channel.AbstractChannel$AbstractUnsafe.doClose0(AbstractChannel.java:753)
	at io.grpc.netty.shaded.io.netty.channel.AbstractChannel$AbstractUnsafe.close(AbstractChannel.java:729)
	at io.grpc.netty.shaded.io.netty.channel.AbstractChannel$AbstractUnsafe.close(AbstractChannel.java:619)
	at io.grpc.netty.shaded.io.netty.channel.epoll.AbstractEpollChannel$AbstractEpollUnsafe.shutdownInput(AbstractEpollChannel.java:522)
	at io.grpc.netty.shaded.io.netty.channel.epoll.AbstractEpollStreamChannel$EpollStreamUnsafe.epollInReady(AbstractEpollStreamChannel.java:822)
	at io.grpc.netty.shaded.io.netty.channel.epoll.EpollEventLoop.processReady(EpollEventLoop.java:501)
	at io.grpc.netty.shaded.io.netty.channel.epoll.EpollEventLoop.run(EpollEventLoop.java:399)
	at io.grpc.netty.shaded.io.netty.util.concurrent.SingleThreadEventExecutor$4.run(SingleThreadEventExecutor.java:998)
	at io.grpc.netty.shaded.io.netty.util.internal.ThreadExecutorMap$2.run(ThreadExecutorMap.java:74)
	at io.grpc.netty.shaded.io.netty.util.concurrent.FastThreadLocalRunnable.run(FastThreadLocalRunnable.java:30)
	at java.base/java.lang.Thread.run(Thread.java:840)
2026-05-04 15:10:44,024 INFO [1777878358054_172.24.0.1_60940]client disconnected,clear config listen context

2026-05-04 15:10:46,468 INFO Connection transportTerminated,connectionId = 1777878353585_172.24.0.1_51518 

2026-05-04 15:10:46,470 INFO [1777878353585_172.24.0.1_51518]client disconnected,clear config listen context

2026-05-04 15:10:49,842 INFO Connection transportReady,connectionId = 1777878649842_172.24.0.1_58702 

2026-05-04 15:10:54,283 INFO Connection transportReady,connectionId = 1777878654283_172.24.0.1_58710 

2026-05-04 15:10:54,919 WARN Ack receive on a outdated request ,connection id=1777878654283_172.24.0.1_58710,requestId=3 

2026-05-04 15:15:46,072 INFO Connection transportTerminated,connectionId = 1777878654283_172.24.0.1_58710 

2026-05-04 15:15:46,072 WARN [1777878654283_172.24.0.1_58710] connection  close bi stream exception  : {}

java.lang.IllegalStateException: call already closed
	at com.google.common.base.Preconditions.checkState(Preconditions.java:513)
	at io.grpc.internal.ServerCallImpl.closeInternal(ServerCallImpl.java:218)
	at io.grpc.internal.ServerCallImpl.close(ServerCallImpl.java:213)
	at io.grpc.stub.ServerCalls$ServerCallStreamObserverImpl.onCompleted(ServerCalls.java:396)
	at com.alibaba.nacos.core.remote.grpc.GrpcConnection.closeBiStream(GrpcConnection.java:210)
	at com.alibaba.nacos.core.remote.grpc.GrpcConnection.close(GrpcConnection.java:195)
	at com.alibaba.nacos.core.remote.ConnectionManager.unregister(ConnectionManager.java:158)
	at com.alibaba.nacos.core.remote.grpc.AddressTransportFilter.transportTerminated(AddressTransportFilter.java:77)
	at io.grpc.internal.ServerImpl$ServerTransportListenerImpl.transportTerminated(ServerImpl.java:456)
	at io.grpc.netty.shaded.io.grpc.netty.NettyServerTransport.notifyTerminated(NettyServerTransport.java:216)
	at io.grpc.netty.shaded.io.grpc.netty.NettyServerTransport.access$100(NettyServerTransport.java:51)
	at io.grpc.netty.shaded.io.grpc.netty.NettyServerTransport$1TerminationNotifier.operationComplete(NettyServerTransport.java:150)
	at io.grpc.netty.shaded.io.grpc.netty.NettyServerTransport$1TerminationNotifier.operationComplete(NettyServerTransport.java:143)
	at io.grpc.netty.shaded.io.netty.util.concurrent.DefaultPromise.notifyListener0(DefaultPromise.java:603)
	at io.grpc.netty.shaded.io.netty.util.concurrent.DefaultPromise.notifyListeners0(DefaultPromise.java:596)
	at io.grpc.netty.shaded.io.netty.util.concurrent.DefaultPromise.notifyListenersNow(DefaultPromise.java:572)
	at io.grpc.netty.shaded.io.netty.util.concurrent.DefaultPromise.notifyListeners(DefaultPromise.java:505)
	at io.grpc.netty.shaded.io.netty.util.concurrent.DefaultPromise.setValue0(DefaultPromise.java:649)
	at io.grpc.netty.shaded.io.netty.util.concurrent.DefaultPromise.setSuccess0(DefaultPromise.java:638)
	at io.grpc.netty.shaded.io.netty.util.concurrent.DefaultPromise.trySuccess(DefaultPromise.java:118)
	at io.grpc.netty.shaded.io.netty.channel.DefaultChannelPromise.trySuccess(DefaultChannelPromise.java:84)
	at io.grpc.netty.shaded.io.netty.channel.AbstractChannel$CloseFuture.setClosed(AbstractChannel.java:1161)
	at io.grpc.netty.shaded.io.netty.channel.AbstractChannel$AbstractUnsafe.doClose0(AbstractChannel.java:753)
	at io.grpc.netty.shaded.io.netty.channel.AbstractChannel$AbstractUnsafe.close(AbstractChannel.java:729)
	at io.grpc.netty.shaded.io.netty.channel.AbstractChannel$AbstractUnsafe.close(AbstractChannel.java:619)
	at io.grpc.netty.shaded.io.netty.channel.epoll.AbstractEpollChannel$AbstractEpollUnsafe.shutdownInput(AbstractEpollChannel.java:522)
	at io.grpc.netty.shaded.io.netty.channel.epoll.AbstractEpollStreamChannel$EpollStreamUnsafe.epollInReady(AbstractEpollStreamChannel.java:822)
	at io.grpc.netty.shaded.io.netty.channel.epoll.EpollEventLoop.processReady(EpollEventLoop.java:501)
	at io.grpc.netty.shaded.io.netty.channel.epoll.EpollEventLoop.run(EpollEventLoop.java:399)
	at io.grpc.netty.shaded.io.netty.util.concurrent.SingleThreadEventExecutor$4.run(SingleThreadEventExecutor.java:998)
	at io.grpc.netty.shaded.io.netty.util.internal.ThreadExecutorMap$2.run(ThreadExecutorMap.java:74)
	at io.grpc.netty.shaded.io.netty.util.concurrent.FastThreadLocalRunnable.run(FastThreadLocalRunnable.java:30)
	at java.base/java.lang.Thread.run(Thread.java:840)
2026-05-04 15:15:46,073 INFO [1777878654283_172.24.0.1_58710]client disconnected,clear config listen context

2026-05-04 15:15:48,702 INFO Connection transportTerminated,connectionId = 1777878649842_172.24.0.1_58702 

2026-05-04 15:15:48,703 INFO [1777878649842_172.24.0.1_58702]client disconnected,clear config listen context

2026-05-04 15:15:51,960 INFO Connection transportReady,connectionId = 1777878951960_172.24.0.1_40766 

2026-05-04 15:15:56,367 INFO Connection transportReady,connectionId = 1777878956367_172.24.0.1_40778 

2026-05-04 15:17:42,451 INFO Connection transportTerminated,connectionId = 1777878956367_172.24.0.1_40778 

2026-05-04 15:17:42,451 WARN [1777878956367_172.24.0.1_40778] connection  close bi stream exception  : {}

java.lang.IllegalStateException: call already closed
	at com.google.common.base.Preconditions.checkState(Preconditions.java:513)
	at io.grpc.internal.ServerCallImpl.closeInternal(ServerCallImpl.java:218)
	at io.grpc.internal.ServerCallImpl.close(ServerCallImpl.java:213)
	at io.grpc.stub.ServerCalls$ServerCallStreamObserverImpl.onCompleted(ServerCalls.java:396)
	at com.alibaba.nacos.core.remote.grpc.GrpcConnection.closeBiStream(GrpcConnection.java:210)
	at com.alibaba.nacos.core.remote.grpc.GrpcConnection.close(GrpcConnection.java:195)
	at com.alibaba.nacos.core.remote.ConnectionManager.unregister(ConnectionManager.java:158)
	at com.alibaba.nacos.core.remote.grpc.AddressTransportFilter.transportTerminated(AddressTransportFilter.java:77)
	at io.grpc.internal.ServerImpl$ServerTransportListenerImpl.transportTerminated(ServerImpl.java:456)
	at io.grpc.netty.shaded.io.grpc.netty.NettyServerTransport.notifyTerminated(NettyServerTransport.java:216)
	at io.grpc.netty.shaded.io.grpc.netty.NettyServerTransport.access$100(NettyServerTransport.java:51)
	at io.grpc.netty.shaded.io.grpc.netty.NettyServerTransport$1TerminationNotifier.operationComplete(NettyServerTransport.java:150)
	at io.grpc.netty.shaded.io.grpc.netty.NettyServerTransport$1TerminationNotifier.operationComplete(NettyServerTransport.java:143)
	at io.grpc.netty.shaded.io.netty.util.concurrent.DefaultPromise.notifyListener0(DefaultPromise.java:603)
	at io.grpc.netty.shaded.io.netty.util.concurrent.DefaultPromise.notifyListeners0(DefaultPromise.java:596)
	at io.grpc.netty.shaded.io.netty.util.concurrent.DefaultPromise.notifyListenersNow(DefaultPromise.java:572)
	at io.grpc.netty.shaded.io.netty.util.concurrent.DefaultPromise.notifyListeners(DefaultPromise.java:505)
	at io.grpc.netty.shaded.io.netty.util.concurrent.DefaultPromise.setValue0(DefaultPromise.java:649)
	at io.grpc.netty.shaded.io.netty.util.concurrent.DefaultPromise.setSuccess0(DefaultPromise.java:638)
	at io.grpc.netty.shaded.io.netty.util.concurrent.DefaultPromise.trySuccess(DefaultPromise.java:118)
	at io.grpc.netty.shaded.io.netty.channel.DefaultChannelPromise.trySuccess(DefaultChannelPromise.java:84)
	at io.grpc.netty.shaded.io.netty.channel.AbstractChannel$CloseFuture.setClosed(AbstractChannel.java:1161)
	at io.grpc.netty.shaded.io.netty.channel.AbstractChannel$AbstractUnsafe.doClose0(AbstractChannel.java:753)
	at io.grpc.netty.shaded.io.netty.channel.AbstractChannel$AbstractUnsafe.close(AbstractChannel.java:729)
	at io.grpc.netty.shaded.io.netty.channel.AbstractChannel$AbstractUnsafe.close(AbstractChannel.java:619)
	at io.grpc.netty.shaded.io.netty.channel.epoll.AbstractEpollChannel$AbstractEpollUnsafe.shutdownInput(AbstractEpollChannel.java:522)
	at io.grpc.netty.shaded.io.netty.channel.epoll.AbstractEpollStreamChannel$EpollStreamUnsafe.epollInReady(AbstractEpollStreamChannel.java:822)
	at io.grpc.netty.shaded.io.netty.channel.epoll.EpollEventLoop.processReady(EpollEventLoop.java:501)
	at io.grpc.netty.shaded.io.netty.channel.epoll.EpollEventLoop.run(EpollEventLoop.java:399)
	at io.grpc.netty.shaded.io.netty.util.concurrent.SingleThreadEventExecutor$4.run(SingleThreadEventExecutor.java:998)
	at io.grpc.netty.shaded.io.netty.util.internal.ThreadExecutorMap$2.run(ThreadExecutorMap.java:74)
	at io.grpc.netty.shaded.io.netty.util.concurrent.FastThreadLocalRunnable.run(FastThreadLocalRunnable.java:30)
	at java.base/java.lang.Thread.run(Thread.java:840)
2026-05-04 15:17:42,452 INFO [1777878956367_172.24.0.1_40778]client disconnected,clear config listen context

2026-05-04 15:17:44,910 INFO Connection transportTerminated,connectionId = 1777878951960_172.24.0.1_40766 

2026-05-04 15:17:44,911 INFO [1777878951960_172.24.0.1_40766]client disconnected,clear config listen context

2026-05-04 15:17:48,186 INFO Connection transportReady,connectionId = 1777879068186_172.24.0.1_39446 

2026-05-04 15:17:52,603 INFO Connection transportReady,connectionId = 1777879072602_172.24.0.1_39454 

2026-05-04 15:21:01,117 INFO Connection transportTerminated,connectionId = 1777879072602_172.24.0.1_39454 

2026-05-04 15:21:01,118 WARN [1777879072602_172.24.0.1_39454] connection  close bi stream exception  : {}

java.lang.IllegalStateException: call already closed
	at com.google.common.base.Preconditions.checkState(Preconditions.java:513)
	at io.grpc.internal.ServerCallImpl.closeInternal(ServerCallImpl.java:218)
	at io.grpc.internal.ServerCallImpl.close(ServerCallImpl.java:213)
	at io.grpc.stub.ServerCalls$ServerCallStreamObserverImpl.onCompleted(ServerCalls.java:396)
	at com.alibaba.nacos.core.remote.grpc.GrpcConnection.closeBiStream(GrpcConnection.java:210)
	at com.alibaba.nacos.core.remote.grpc.GrpcConnection.close(GrpcConnection.java:195)
	at com.alibaba.nacos.core.remote.ConnectionManager.unregister(ConnectionManager.java:158)
	at com.alibaba.nacos.core.remote.grpc.AddressTransportFilter.transportTerminated(AddressTransportFilter.java:77)
	at io.grpc.internal.ServerImpl$ServerTransportListenerImpl.transportTerminated(ServerImpl.java:456)
	at io.grpc.netty.shaded.io.grpc.netty.NettyServerTransport.notifyTerminated(NettyServerTransport.java:216)
	at io.grpc.netty.shaded.io.grpc.netty.NettyServerTransport.access$100(NettyServerTransport.java:51)
	at io.grpc.netty.shaded.io.grpc.netty.NettyServerTransport$1TerminationNotifier.operationComplete(NettyServerTransport.java:150)
	at io.grpc.netty.shaded.io.grpc.netty.NettyServerTransport$1TerminationNotifier.operationComplete(NettyServerTransport.java:143)
	at io.grpc.netty.shaded.io.netty.util.concurrent.DefaultPromise.notifyListener0(DefaultPromise.java:603)
	at io.grpc.netty.shaded.io.netty.util.concurrent.DefaultPromise.notifyListeners0(DefaultPromise.java:596)
	at io.grpc.netty.shaded.io.netty.util.concurrent.DefaultPromise.notifyListenersNow(DefaultPromise.java:572)
	at io.grpc.netty.shaded.io.netty.util.concurrent.DefaultPromise.notifyListeners(DefaultPromise.java:505)
	at io.grpc.netty.shaded.io.netty.util.concurrent.DefaultPromise.setValue0(DefaultPromise.java:649)
	at io.grpc.netty.shaded.io.netty.util.concurrent.DefaultPromise.setSuccess0(DefaultPromise.java:638)
	at io.grpc.netty.shaded.io.netty.util.concurrent.DefaultPromise.trySuccess(DefaultPromise.java:118)
	at io.grpc.netty.shaded.io.netty.channel.DefaultChannelPromise.trySuccess(DefaultChannelPromise.java:84)
	at io.grpc.netty.shaded.io.netty.channel.AbstractChannel$CloseFuture.setClosed(AbstractChannel.java:1161)
	at io.grpc.netty.shaded.io.netty.channel.AbstractChannel$AbstractUnsafe.doClose0(AbstractChannel.java:753)
	at io.grpc.netty.shaded.io.netty.channel.AbstractChannel$AbstractUnsafe.close(AbstractChannel.java:729)
	at io.grpc.netty.shaded.io.netty.channel.AbstractChannel$AbstractUnsafe.close(AbstractChannel.java:619)
	at io.grpc.netty.shaded.io.netty.channel.epoll.AbstractEpollChannel$AbstractEpollUnsafe.shutdownInput(AbstractEpollChannel.java:522)
	at io.grpc.netty.shaded.io.netty.channel.epoll.AbstractEpollStreamChannel$EpollStreamUnsafe.epollInReady(AbstractEpollStreamChannel.java:822)
	at io.grpc.netty.shaded.io.netty.channel.epoll.EpollEventLoop.processReady(EpollEventLoop.java:501)
	at io.grpc.netty.shaded.io.netty.channel.epoll.EpollEventLoop.run(EpollEventLoop.java:399)
	at io.grpc.netty.shaded.io.netty.util.concurrent.SingleThreadEventExecutor$4.run(SingleThreadEventExecutor.java:998)
	at io.grpc.netty.shaded.io.netty.util.internal.ThreadExecutorMap$2.run(ThreadExecutorMap.java:74)
	at io.grpc.netty.shaded.io.netty.util.concurrent.FastThreadLocalRunnable.run(FastThreadLocalRunnable.java:30)
	at java.base/java.lang.Thread.run(Thread.java:840)
2026-05-04 15:21:01,119 INFO [1777879072602_172.24.0.1_39454]client disconnected,clear config listen context

2026-05-04 15:21:03,583 INFO Connection transportTerminated,connectionId = 1777879068186_172.24.0.1_39446 

2026-05-04 15:21:03,584 INFO [1777879068186_172.24.0.1_39446]client disconnected,clear config listen context

2026-05-04 15:21:06,920 INFO Connection transportReady,connectionId = 1777879266920_172.24.0.1_43592 

2026-05-04 15:21:11,475 INFO Connection transportReady,connectionId = 1777879271475_172.24.0.1_51800 

2026-05-04 15:21:46,632 INFO Connection transportTerminated,connectionId = 1777879271475_172.24.0.1_51800 

2026-05-04 15:21:46,632 WARN [1777879271475_172.24.0.1_51800] connection  close bi stream exception  : {}

java.lang.IllegalStateException: call already closed
	at com.google.common.base.Preconditions.checkState(Preconditions.java:513)
	at io.grpc.internal.ServerCallImpl.closeInternal(ServerCallImpl.java:218)
	at io.grpc.internal.ServerCallImpl.close(ServerCallImpl.java:213)
	at io.grpc.stub.ServerCalls$ServerCallStreamObserverImpl.onCompleted(ServerCalls.java:396)
	at com.alibaba.nacos.core.remote.grpc.GrpcConnection.closeBiStream(GrpcConnection.java:210)
	at com.alibaba.nacos.core.remote.grpc.GrpcConnection.close(GrpcConnection.java:195)
	at com.alibaba.nacos.core.remote.ConnectionManager.unregister(ConnectionManager.java:158)
	at com.alibaba.nacos.core.remote.grpc.AddressTransportFilter.transportTerminated(AddressTransportFilter.java:77)
	at io.grpc.internal.ServerImpl$ServerTransportListenerImpl.transportTerminated(ServerImpl.java:456)
	at io.grpc.netty.shaded.io.grpc.netty.NettyServerTransport.notifyTerminated(NettyServerTransport.java:216)
	at io.grpc.netty.shaded.io.grpc.netty.NettyServerTransport.access$100(NettyServerTransport.java:51)
	at io.grpc.netty.shaded.io.grpc.netty.NettyServerTransport$1TerminationNotifier.operationComplete(NettyServerTransport.java:150)
	at io.grpc.netty.shaded.io.grpc.netty.NettyServerTransport$1TerminationNotifier.operationComplete(NettyServerTransport.java:143)
	at io.grpc.netty.shaded.io.netty.util.concurrent.DefaultPromise.notifyListener0(DefaultPromise.java:603)
	at io.grpc.netty.shaded.io.netty.util.concurrent.DefaultPromise.notifyListeners0(DefaultPromise.java:596)
	at io.grpc.netty.shaded.io.netty.util.concurrent.DefaultPromise.notifyListenersNow(DefaultPromise.java:572)
	at io.grpc.netty.shaded.io.netty.util.concurrent.DefaultPromise.notifyListeners(DefaultPromise.java:505)
	at io.grpc.netty.shaded.io.netty.util.concurrent.DefaultPromise.setValue0(DefaultPromise.java:649)
	at io.grpc.netty.shaded.io.netty.util.concurrent.DefaultPromise.setSuccess0(DefaultPromise.java:638)
	at io.grpc.netty.shaded.io.netty.util.concurrent.DefaultPromise.trySuccess(DefaultPromise.java:118)
	at io.grpc.netty.shaded.io.netty.channel.DefaultChannelPromise.trySuccess(DefaultChannelPromise.java:84)
	at io.grpc.netty.shaded.io.netty.channel.AbstractChannel$CloseFuture.setClosed(AbstractChannel.java:1161)
	at io.grpc.netty.shaded.io.netty.channel.AbstractChannel$AbstractUnsafe.doClose0(AbstractChannel.java:753)
	at io.grpc.netty.shaded.io.netty.channel.AbstractChannel$AbstractUnsafe.close(AbstractChannel.java:729)
	at io.grpc.netty.shaded.io.netty.channel.AbstractChannel$AbstractUnsafe.close(AbstractChannel.java:619)
	at io.grpc.netty.shaded.io.netty.channel.epoll.AbstractEpollChannel$AbstractEpollUnsafe.shutdownInput(AbstractEpollChannel.java:522)
	at io.grpc.netty.shaded.io.netty.channel.epoll.AbstractEpollStreamChannel$EpollStreamUnsafe.epollInReady(AbstractEpollStreamChannel.java:822)
	at io.grpc.netty.shaded.io.netty.channel.epoll.EpollEventLoop.processReady(EpollEventLoop.java:501)
	at io.grpc.netty.shaded.io.netty.channel.epoll.EpollEventLoop.run(EpollEventLoop.java:399)
	at io.grpc.netty.shaded.io.netty.util.concurrent.SingleThreadEventExecutor$4.run(SingleThreadEventExecutor.java:998)
	at io.grpc.netty.shaded.io.netty.util.internal.ThreadExecutorMap$2.run(ThreadExecutorMap.java:74)
	at io.grpc.netty.shaded.io.netty.util.concurrent.FastThreadLocalRunnable.run(FastThreadLocalRunnable.java:30)
	at java.base/java.lang.Thread.run(Thread.java:840)
2026-05-04 15:21:46,633 INFO [1777879271475_172.24.0.1_51800]client disconnected,clear config listen context

2026-05-04 15:21:49,263 INFO Connection transportTerminated,connectionId = 1777879266920_172.24.0.1_43592 

2026-05-04 15:21:49,264 INFO [1777879266920_172.24.0.1_43592]client disconnected,clear config listen context

2026-05-04 15:21:52,584 INFO Connection transportReady,connectionId = 1777879312584_172.24.0.1_53548 

2026-05-04 15:21:56,940 INFO Connection transportReady,connectionId = 1777879316940_172.24.0.1_53558 

2026-05-04 15:23:45,204 INFO Connection transportTerminated,connectionId = 1777879316940_172.24.0.1_53558 

2026-05-04 15:23:45,204 WARN [1777879316940_172.24.0.1_53558] connection  close bi stream exception  : {}

java.lang.IllegalStateException: call already closed
	at com.google.common.base.Preconditions.checkState(Preconditions.java:513)
	at io.grpc.internal.ServerCallImpl.closeInternal(ServerCallImpl.java:218)
	at io.grpc.internal.ServerCallImpl.close(ServerCallImpl.java:213)
	at io.grpc.stub.ServerCalls$ServerCallStreamObserverImpl.onCompleted(ServerCalls.java:396)
	at com.alibaba.nacos.core.remote.grpc.GrpcConnection.closeBiStream(GrpcConnection.java:210)
	at com.alibaba.nacos.core.remote.grpc.GrpcConnection.close(GrpcConnection.java:195)
	at com.alibaba.nacos.core.remote.ConnectionManager.unregister(ConnectionManager.java:158)
	at com.alibaba.nacos.core.remote.grpc.AddressTransportFilter.transportTerminated(AddressTransportFilter.java:77)
	at io.grpc.internal.ServerImpl$ServerTransportListenerImpl.transportTerminated(ServerImpl.java:456)
	at io.grpc.netty.shaded.io.grpc.netty.NettyServerTransport.notifyTerminated(NettyServerTransport.java:216)
	at io.grpc.netty.shaded.io.grpc.netty.NettyServerTransport.access$100(NettyServerTransport.java:51)
	at io.grpc.netty.shaded.io.grpc.netty.NettyServerTransport$1TerminationNotifier.operationComplete(NettyServerTransport.java:150)
	at io.grpc.netty.shaded.io.grpc.netty.NettyServerTransport$1TerminationNotifier.operationComplete(NettyServerTransport.java:143)
	at io.grpc.netty.shaded.io.netty.util.concurrent.DefaultPromise.notifyListener0(DefaultPromise.java:603)
	at io.grpc.netty.shaded.io.netty.util.concurrent.DefaultPromise.notifyListeners0(DefaultPromise.java:596)
	at io.grpc.netty.shaded.io.netty.util.concurrent.DefaultPromise.notifyListenersNow(DefaultPromise.java:572)
	at io.grpc.netty.shaded.io.netty.util.concurrent.DefaultPromise.notifyListeners(DefaultPromise.java:505)
	at io.grpc.netty.shaded.io.netty.util.concurrent.DefaultPromise.setValue0(DefaultPromise.java:649)
	at io.grpc.netty.shaded.io.netty.util.concurrent.DefaultPromise.setSuccess0(DefaultPromise.java:638)
	at io.grpc.netty.shaded.io.netty.util.concurrent.DefaultPromise.trySuccess(DefaultPromise.java:118)
	at io.grpc.netty.shaded.io.netty.channel.DefaultChannelPromise.trySuccess(DefaultChannelPromise.java:84)
	at io.grpc.netty.shaded.io.netty.channel.AbstractChannel$CloseFuture.setClosed(AbstractChannel.java:1161)
	at io.grpc.netty.shaded.io.netty.channel.AbstractChannel$AbstractUnsafe.doClose0(AbstractChannel.java:753)
	at io.grpc.netty.shaded.io.netty.channel.AbstractChannel$AbstractUnsafe.close(AbstractChannel.java:729)
	at io.grpc.netty.shaded.io.netty.channel.AbstractChannel$AbstractUnsafe.close(AbstractChannel.java:619)
	at io.grpc.netty.shaded.io.netty.channel.epoll.AbstractEpollChannel$AbstractEpollUnsafe.shutdownInput(AbstractEpollChannel.java:522)
	at io.grpc.netty.shaded.io.netty.channel.epoll.AbstractEpollStreamChannel$EpollStreamUnsafe.epollInReady(AbstractEpollStreamChannel.java:822)
	at io.grpc.netty.shaded.io.netty.channel.epoll.EpollEventLoop.processReady(EpollEventLoop.java:501)
	at io.grpc.netty.shaded.io.netty.channel.epoll.EpollEventLoop.run(EpollEventLoop.java:399)
	at io.grpc.netty.shaded.io.netty.util.concurrent.SingleThreadEventExecutor$4.run(SingleThreadEventExecutor.java:998)
	at io.grpc.netty.shaded.io.netty.util.internal.ThreadExecutorMap$2.run(ThreadExecutorMap.java:74)
	at io.grpc.netty.shaded.io.netty.util.concurrent.FastThreadLocalRunnable.run(FastThreadLocalRunnable.java:30)
	at java.base/java.lang.Thread.run(Thread.java:840)
2026-05-04 15:23:45,205 INFO [1777879316940_172.24.0.1_53558]client disconnected,clear config listen context

2026-05-04 15:23:47,806 INFO Connection transportTerminated,connectionId = 1777879312584_172.24.0.1_53548 

2026-05-04 15:23:47,808 INFO [1777879312584_172.24.0.1_53548]client disconnected,clear config listen context

2026-05-04 15:24:04,315 INFO Connection transportReady,connectionId = 1777879444315_172.24.0.1_48652 

2026-05-04 15:24:08,874 INFO Connection transportReady,connectionId = 1777879448874_172.24.0.1_32922 

2026-05-04 15:26:24,136 INFO Connection transportTerminated,connectionId = 1777879448874_172.24.0.1_32922 

2026-05-04 15:26:24,137 WARN [1777879448874_172.24.0.1_32922] connection  close bi stream exception  : {}

java.lang.IllegalStateException: call already closed
	at com.google.common.base.Preconditions.checkState(Preconditions.java:513)
	at io.grpc.internal.ServerCallImpl.closeInternal(ServerCallImpl.java:218)
	at io.grpc.internal.ServerCallImpl.close(ServerCallImpl.java:213)
	at io.grpc.stub.ServerCalls$ServerCallStreamObserverImpl.onCompleted(ServerCalls.java:396)
	at com.alibaba.nacos.core.remote.grpc.GrpcConnection.closeBiStream(GrpcConnection.java:210)
	at com.alibaba.nacos.core.remote.grpc.GrpcConnection.close(GrpcConnection.java:195)
	at com.alibaba.nacos.core.remote.ConnectionManager.unregister(ConnectionManager.java:158)
	at com.alibaba.nacos.core.remote.grpc.AddressTransportFilter.transportTerminated(AddressTransportFilter.java:77)
	at io.grpc.internal.ServerImpl$ServerTransportListenerImpl.transportTerminated(ServerImpl.java:456)
	at io.grpc.netty.shaded.io.grpc.netty.NettyServerTransport.notifyTerminated(NettyServerTransport.java:216)
	at io.grpc.netty.shaded.io.grpc.netty.NettyServerTransport.access$100(NettyServerTransport.java:51)
	at io.grpc.netty.shaded.io.grpc.netty.NettyServerTransport$1TerminationNotifier.operationComplete(NettyServerTransport.java:150)
	at io.grpc.netty.shaded.io.grpc.netty.NettyServerTransport$1TerminationNotifier.operationComplete(NettyServerTransport.java:143)
	at io.grpc.netty.shaded.io.netty.util.concurrent.DefaultPromise.notifyListener0(DefaultPromise.java:603)
	at io.grpc.netty.shaded.io.netty.util.concurrent.DefaultPromise.notifyListeners0(DefaultPromise.java:596)
	at io.grpc.netty.shaded.io.netty.util.concurrent.DefaultPromise.notifyListenersNow(DefaultPromise.java:572)
	at io.grpc.netty.shaded.io.netty.util.concurrent.DefaultPromise.notifyListeners(DefaultPromise.java:505)
	at io.grpc.netty.shaded.io.netty.util.concurrent.DefaultPromise.setValue0(DefaultPromise.java:649)
	at io.grpc.netty.shaded.io.netty.util.concurrent.DefaultPromise.setSuccess0(DefaultPromise.java:638)
	at io.grpc.netty.shaded.io.netty.util.concurrent.DefaultPromise.trySuccess(DefaultPromise.java:118)
	at io.grpc.netty.shaded.io.netty.channel.DefaultChannelPromise.trySuccess(DefaultChannelPromise.java:84)
	at io.grpc.netty.shaded.io.netty.channel.AbstractChannel$CloseFuture.setClosed(AbstractChannel.java:1161)
	at io.grpc.netty.shaded.io.netty.channel.AbstractChannel$AbstractUnsafe.doClose0(AbstractChannel.java:753)
	at io.grpc.netty.shaded.io.netty.channel.AbstractChannel$AbstractUnsafe.close(AbstractChannel.java:729)
	at io.grpc.netty.shaded.io.netty.channel.AbstractChannel$AbstractUnsafe.close(AbstractChannel.java:619)
	at io.grpc.netty.shaded.io.netty.channel.epoll.AbstractEpollChannel$AbstractEpollUnsafe.shutdownInput(AbstractEpollChannel.java:522)
	at io.grpc.netty.shaded.io.netty.channel.epoll.AbstractEpollStreamChannel$EpollStreamUnsafe.epollInReady(AbstractEpollStreamChannel.java:822)
	at io.grpc.netty.shaded.io.netty.channel.epoll.EpollEventLoop.processReady(EpollEventLoop.java:501)
	at io.grpc.netty.shaded.io.netty.channel.epoll.EpollEventLoop.run(EpollEventLoop.java:399)
	at io.grpc.netty.shaded.io.netty.util.concurrent.SingleThreadEventExecutor$4.run(SingleThreadEventExecutor.java:998)
	at io.grpc.netty.shaded.io.netty.util.internal.ThreadExecutorMap$2.run(ThreadExecutorMap.java:74)
	at io.grpc.netty.shaded.io.netty.util.concurrent.FastThreadLocalRunnable.run(FastThreadLocalRunnable.java:30)
	at java.base/java.lang.Thread.run(Thread.java:840)
2026-05-04 15:26:24,138 INFO [1777879448874_172.24.0.1_32922]client disconnected,clear config listen context

2026-05-04 15:26:26,749 INFO Connection transportTerminated,connectionId = 1777879444315_172.24.0.1_48652 

2026-05-04 15:26:26,750 INFO [1777879444315_172.24.0.1_48652]client disconnected,clear config listen context

2026-05-04 15:26:30,047 INFO Connection transportReady,connectionId = 1777879590047_172.24.0.1_39010 

2026-05-04 15:26:34,489 INFO Connection transportReady,connectionId = 1777879594489_172.24.0.1_39026 

2026-05-04 15:28:46,836 INFO Connection transportTerminated,connectionId = 1777879594489_172.24.0.1_39026 

2026-05-04 15:28:46,837 WARN [1777879594489_172.24.0.1_39026] connection  close bi stream exception  : {}

java.lang.IllegalStateException: call already closed
	at com.google.common.base.Preconditions.checkState(Preconditions.java:513)
	at io.grpc.internal.ServerCallImpl.closeInternal(ServerCallImpl.java:218)
	at io.grpc.internal.ServerCallImpl.close(ServerCallImpl.java:213)
	at io.grpc.stub.ServerCalls$ServerCallStreamObserverImpl.onCompleted(ServerCalls.java:396)
	at com.alibaba.nacos.core.remote.grpc.GrpcConnection.closeBiStream(GrpcConnection.java:210)
	at com.alibaba.nacos.core.remote.grpc.GrpcConnection.close(GrpcConnection.java:195)
	at com.alibaba.nacos.core.remote.ConnectionManager.unregister(ConnectionManager.java:158)
	at com.alibaba.nacos.core.remote.grpc.AddressTransportFilter.transportTerminated(AddressTransportFilter.java:77)
	at io.grpc.internal.ServerImpl$ServerTransportListenerImpl.transportTerminated(ServerImpl.java:456)
	at io.grpc.netty.shaded.io.grpc.netty.NettyServerTransport.notifyTerminated(NettyServerTransport.java:216)
	at io.grpc.netty.shaded.io.grpc.netty.NettyServerTransport.access$100(NettyServerTransport.java:51)
	at io.grpc.netty.shaded.io.grpc.netty.NettyServerTransport$1TerminationNotifier.operationComplete(NettyServerTransport.java:150)
	at io.grpc.netty.shaded.io.grpc.netty.NettyServerTransport$1TerminationNotifier.operationComplete(NettyServerTransport.java:143)
	at io.grpc.netty.shaded.io.netty.util.concurrent.DefaultPromise.notifyListener0(DefaultPromise.java:603)
	at io.grpc.netty.shaded.io.netty.util.concurrent.DefaultPromise.notifyListeners0(DefaultPromise.java:596)
	at io.grpc.netty.shaded.io.netty.util.concurrent.DefaultPromise.notifyListenersNow(DefaultPromise.java:572)
	at io.grpc.netty.shaded.io.netty.util.concurrent.DefaultPromise.notifyListeners(DefaultPromise.java:505)
	at io.grpc.netty.shaded.io.netty.util.concurrent.DefaultPromise.setValue0(DefaultPromise.java:649)
	at io.grpc.netty.shaded.io.netty.util.concurrent.DefaultPromise.setSuccess0(DefaultPromise.java:638)
	at io.grpc.netty.shaded.io.netty.util.concurrent.DefaultPromise.trySuccess(DefaultPromise.java:118)
	at io.grpc.netty.shaded.io.netty.channel.DefaultChannelPromise.trySuccess(DefaultChannelPromise.java:84)
	at io.grpc.netty.shaded.io.netty.channel.AbstractChannel$CloseFuture.setClosed(AbstractChannel.java:1161)
	at io.grpc.netty.shaded.io.netty.channel.AbstractChannel$AbstractUnsafe.doClose0(AbstractChannel.java:753)
	at io.grpc.netty.shaded.io.netty.channel.AbstractChannel$AbstractUnsafe.close(AbstractChannel.java:729)
	at io.grpc.netty.shaded.io.netty.channel.AbstractChannel$AbstractUnsafe.close(AbstractChannel.java:619)
	at io.grpc.netty.shaded.io.netty.channel.epoll.AbstractEpollChannel$AbstractEpollUnsafe.shutdownInput(AbstractEpollChannel.java:522)
	at io.grpc.netty.shaded.io.netty.channel.epoll.AbstractEpollStreamChannel$EpollStreamUnsafe.epollInReady(AbstractEpollStreamChannel.java:822)
	at io.grpc.netty.shaded.io.netty.channel.epoll.EpollEventLoop.processReady(EpollEventLoop.java:501)
	at io.grpc.netty.shaded.io.netty.channel.epoll.EpollEventLoop.run(EpollEventLoop.java:399)
	at io.grpc.netty.shaded.io.netty.util.concurrent.SingleThreadEventExecutor$4.run(SingleThreadEventExecutor.java:998)
	at io.grpc.netty.shaded.io.netty.util.internal.ThreadExecutorMap$2.run(ThreadExecutorMap.java:74)
	at io.grpc.netty.shaded.io.netty.util.concurrent.FastThreadLocalRunnable.run(FastThreadLocalRunnable.java:30)
	at java.base/java.lang.Thread.run(Thread.java:840)
2026-05-04 15:28:46,838 INFO [1777879594489_172.24.0.1_39026]client disconnected,clear config listen context

2026-05-04 15:28:46,842 INFO Connection transportTerminated,connectionId = 1777878465094_172.24.0.1_52124 

2026-05-04 15:28:46,842 WARN [1777878465094_172.24.0.1_52124] connection  close bi stream exception  : {}

java.lang.IllegalStateException: call already closed
	at com.google.common.base.Preconditions.checkState(Preconditions.java:513)
	at io.grpc.internal.ServerCallImpl.closeInternal(ServerCallImpl.java:218)
	at io.grpc.internal.ServerCallImpl.close(ServerCallImpl.java:213)
	at io.grpc.stub.ServerCalls$ServerCallStreamObserverImpl.onCompleted(ServerCalls.java:396)
	at com.alibaba.nacos.core.remote.grpc.GrpcConnection.closeBiStream(GrpcConnection.java:210)
	at com.alibaba.nacos.core.remote.grpc.GrpcConnection.close(GrpcConnection.java:195)
	at com.alibaba.nacos.core.remote.ConnectionManager.unregister(ConnectionManager.java:158)
	at com.alibaba.nacos.core.remote.grpc.AddressTransportFilter.transportTerminated(AddressTransportFilter.java:77)
	at io.grpc.internal.ServerImpl$ServerTransportListenerImpl.transportTerminated(ServerImpl.java:456)
	at io.grpc.netty.shaded.io.grpc.netty.NettyServerTransport.notifyTerminated(NettyServerTransport.java:216)
	at io.grpc.netty.shaded.io.grpc.netty.NettyServerTransport.access$100(NettyServerTransport.java:51)
	at io.grpc.netty.shaded.io.grpc.netty.NettyServerTransport$1TerminationNotifier.operationComplete(NettyServerTransport.java:150)
	at io.grpc.netty.shaded.io.grpc.netty.NettyServerTransport$1TerminationNotifier.operationComplete(NettyServerTransport.java:143)
	at io.grpc.netty.shaded.io.netty.util.concurrent.DefaultPromise.notifyListener0(DefaultPromise.java:603)
	at io.grpc.netty.shaded.io.netty.util.concurrent.DefaultPromise.notifyListeners0(DefaultPromise.java:596)
	at io.grpc.netty.shaded.io.netty.util.concurrent.DefaultPromise.notifyListenersNow(DefaultPromise.java:572)
	at io.grpc.netty.shaded.io.netty.util.concurrent.DefaultPromise.notifyListeners(DefaultPromise.java:505)
	at io.grpc.netty.shaded.io.netty.util.concurrent.DefaultPromise.setValue0(DefaultPromise.java:649)
	at io.grpc.netty.shaded.io.netty.util.concurrent.DefaultPromise.setSuccess0(DefaultPromise.java:638)
	at io.grpc.netty.shaded.io.netty.util.concurrent.DefaultPromise.trySuccess(DefaultPromise.java:118)
	at io.grpc.netty.shaded.io.netty.channel.DefaultChannelPromise.trySuccess(DefaultChannelPromise.java:84)
	at io.grpc.netty.shaded.io.netty.channel.AbstractChannel$CloseFuture.setClosed(AbstractChannel.java:1161)
	at io.grpc.netty.shaded.io.netty.channel.AbstractChannel$AbstractUnsafe.doClose0(AbstractChannel.java:753)
	at io.grpc.netty.shaded.io.netty.channel.AbstractChannel$AbstractUnsafe.close(AbstractChannel.java:729)
	at io.grpc.netty.shaded.io.netty.channel.AbstractChannel$AbstractUnsafe.close(AbstractChannel.java:619)
	at io.grpc.netty.shaded.io.netty.channel.epoll.AbstractEpollChannel$AbstractEpollUnsafe.shutdownInput(AbstractEpollChannel.java:522)
	at io.grpc.netty.shaded.io.netty.channel.epoll.AbstractEpollStreamChannel$EpollStreamUnsafe.epollInReady(AbstractEpollStreamChannel.java:822)
	at io.grpc.netty.shaded.io.netty.channel.epoll.EpollEventLoop.processReady(EpollEventLoop.java:501)
	at io.grpc.netty.shaded.io.netty.channel.epoll.EpollEventLoop.run(EpollEventLoop.java:399)
	at io.grpc.netty.shaded.io.netty.util.concurrent.SingleThreadEventExecutor$4.run(SingleThreadEventExecutor.java:998)
	at io.grpc.netty.shaded.io.netty.util.internal.ThreadExecutorMap$2.run(ThreadExecutorMap.java:74)
	at io.grpc.netty.shaded.io.netty.util.concurrent.FastThreadLocalRunnable.run(FastThreadLocalRunnable.java:30)
	at java.base/java.lang.Thread.run(Thread.java:840)
2026-05-04 15:28:46,844 INFO [1777878465094_172.24.0.1_52124]client disconnected,clear config listen context

2026-05-04 15:28:47,766 INFO Connection transportTerminated,connectionId = 1777878461643_172.24.0.1_52110 

2026-05-04 15:28:47,767 INFO [1777878461643_172.24.0.1_52110]client disconnected,clear config listen context

2026-05-04 15:28:49,297 INFO Connection transportTerminated,connectionId = 1777879590047_172.24.0.1_39010 

2026-05-04 15:28:49,298 INFO [1777879590047_172.24.0.1_39010]client disconnected,clear config listen context

2026-05-04 15:28:58,483 INFO Connection transportReady,connectionId = 1777879738483_172.24.0.1_51114 

2026-05-04 15:29:02,030 INFO Connection transportReady,connectionId = 1777879742030_172.24.0.1_51118 

2026-05-04 15:29:16,077 INFO Connection transportReady,connectionId = 1777879756077_172.24.0.1_35338 

2026-05-04 15:29:20,535 INFO Connection transportReady,connectionId = 1777879760535_172.24.0.1_38528 

2026-05-04 15:49:06,737 INFO Connection transportTerminated,connectionId = 1777879742030_172.24.0.1_51118 

2026-05-04 15:49:06,738 WARN [1777879742030_172.24.0.1_51118] connection  close bi stream exception  : {}

java.lang.IllegalStateException: call already closed
	at com.google.common.base.Preconditions.checkState(Preconditions.java:513)
	at io.grpc.internal.ServerCallImpl.closeInternal(ServerCallImpl.java:218)
	at io.grpc.internal.ServerCallImpl.close(ServerCallImpl.java:213)
	at io.grpc.stub.ServerCalls$ServerCallStreamObserverImpl.onCompleted(ServerCalls.java:396)
	at com.alibaba.nacos.core.remote.grpc.GrpcConnection.closeBiStream(GrpcConnection.java:210)
	at com.alibaba.nacos.core.remote.grpc.GrpcConnection.close(GrpcConnection.java:195)
	at com.alibaba.nacos.core.remote.ConnectionManager.unregister(ConnectionManager.java:158)
	at com.alibaba.nacos.core.remote.grpc.AddressTransportFilter.transportTerminated(AddressTransportFilter.java:77)
	at io.grpc.internal.ServerImpl$ServerTransportListenerImpl.transportTerminated(ServerImpl.java:456)
	at io.grpc.netty.shaded.io.grpc.netty.NettyServerTransport.notifyTerminated(NettyServerTransport.java:216)
	at io.grpc.netty.shaded.io.grpc.netty.NettyServerTransport.access$100(NettyServerTransport.java:51)
	at io.grpc.netty.shaded.io.grpc.netty.NettyServerTransport$1TerminationNotifier.operationComplete(NettyServerTransport.java:150)
	at io.grpc.netty.shaded.io.grpc.netty.NettyServerTransport$1TerminationNotifier.operationComplete(NettyServerTransport.java:143)
	at io.grpc.netty.shaded.io.netty.util.concurrent.DefaultPromise.notifyListener0(DefaultPromise.java:603)
	at io.grpc.netty.shaded.io.netty.util.concurrent.DefaultPromise.notifyListeners0(DefaultPromise.java:596)
	at io.grpc.netty.shaded.io.netty.util.concurrent.DefaultPromise.notifyListenersNow(DefaultPromise.java:572)
	at io.grpc.netty.shaded.io.netty.util.concurrent.DefaultPromise.notifyListeners(DefaultPromise.java:505)
	at io.grpc.netty.shaded.io.netty.util.concurrent.DefaultPromise.setValue0(DefaultPromise.java:649)
	at io.grpc.netty.shaded.io.netty.util.concurrent.DefaultPromise.setSuccess0(DefaultPromise.java:638)
	at io.grpc.netty.shaded.io.netty.util.concurrent.DefaultPromise.trySuccess(DefaultPromise.java:118)
	at io.grpc.netty.shaded.io.netty.channel.DefaultChannelPromise.trySuccess(DefaultChannelPromise.java:84)
	at io.grpc.netty.shaded.io.netty.channel.AbstractChannel$CloseFuture.setClosed(AbstractChannel.java:1161)
	at io.grpc.netty.shaded.io.netty.channel.AbstractChannel$AbstractUnsafe.doClose0(AbstractChannel.java:753)
	at io.grpc.netty.shaded.io.netty.channel.AbstractChannel$AbstractUnsafe.close(AbstractChannel.java:729)
	at io.grpc.netty.shaded.io.netty.channel.AbstractChannel$AbstractUnsafe.close(AbstractChannel.java:619)
	at io.grpc.netty.shaded.io.netty.channel.epoll.AbstractEpollChannel$AbstractEpollUnsafe.shutdownInput(AbstractEpollChannel.java:522)
	at io.grpc.netty.shaded.io.netty.channel.epoll.AbstractEpollStreamChannel$EpollStreamUnsafe.epollInReady(AbstractEpollStreamChannel.java:822)
	at io.grpc.netty.shaded.io.netty.channel.epoll.EpollEventLoop.processReady(EpollEventLoop.java:501)
	at io.grpc.netty.shaded.io.netty.channel.epoll.EpollEventLoop.run(EpollEventLoop.java:399)
	at io.grpc.netty.shaded.io.netty.util.concurrent.SingleThreadEventExecutor$4.run(SingleThreadEventExecutor.java:998)
	at io.grpc.netty.shaded.io.netty.util.internal.ThreadExecutorMap$2.run(ThreadExecutorMap.java:74)
	at io.grpc.netty.shaded.io.netty.util.concurrent.FastThreadLocalRunnable.run(FastThreadLocalRunnable.java:30)
	at java.base/java.lang.Thread.run(Thread.java:840)
2026-05-04 15:49:06,739 INFO [1777879742030_172.24.0.1_51118]client disconnected,clear config listen context

2026-05-04 15:49:07,676 INFO Connection transportTerminated,connectionId = 1777879738483_172.24.0.1_51114 

2026-05-04 15:49:07,677 INFO [1777879738483_172.24.0.1_51114]client disconnected,clear config listen context

2026-05-04 15:49:13,269 INFO Connection transportReady,connectionId = 1777880953269_172.24.0.1_34884 

2026-05-04 15:49:16,791 INFO Connection transportReady,connectionId = 1777880956791_172.24.0.1_34896 

2026-05-04 15:56:39,857 INFO Connection transportTerminated,connectionId = 1777880956791_172.24.0.1_34896 

2026-05-04 15:56:39,858 WARN [1777880956791_172.24.0.1_34896] connection  close bi stream exception  : {}

java.lang.IllegalStateException: call already closed
	at com.google.common.base.Preconditions.checkState(Preconditions.java:513)
	at io.grpc.internal.ServerCallImpl.closeInternal(ServerCallImpl.java:218)
	at io.grpc.internal.ServerCallImpl.close(ServerCallImpl.java:213)
	at io.grpc.stub.ServerCalls$ServerCallStreamObserverImpl.onCompleted(ServerCalls.java:396)
	at com.alibaba.nacos.core.remote.grpc.GrpcConnection.closeBiStream(GrpcConnection.java:210)
	at com.alibaba.nacos.core.remote.grpc.GrpcConnection.close(GrpcConnection.java:195)
	at com.alibaba.nacos.core.remote.ConnectionManager.unregister(ConnectionManager.java:158)
	at com.alibaba.nacos.core.remote.grpc.AddressTransportFilter.transportTerminated(AddressTransportFilter.java:77)
	at io.grpc.internal.ServerImpl$ServerTransportListenerImpl.transportTerminated(ServerImpl.java:456)
	at io.grpc.netty.shaded.io.grpc.netty.NettyServerTransport.notifyTerminated(NettyServerTransport.java:216)
	at io.grpc.netty.shaded.io.grpc.netty.NettyServerTransport.access$100(NettyServerTransport.java:51)
	at io.grpc.netty.shaded.io.grpc.netty.NettyServerTransport$1TerminationNotifier.operationComplete(NettyServerTransport.java:150)
	at io.grpc.netty.shaded.io.grpc.netty.NettyServerTransport$1TerminationNotifier.operationComplete(NettyServerTransport.java:143)
	at io.grpc.netty.shaded.io.netty.util.concurrent.DefaultPromise.notifyListener0(DefaultPromise.java:603)
	at io.grpc.netty.shaded.io.netty.util.concurrent.DefaultPromise.notifyListeners0(DefaultPromise.java:596)
	at io.grpc.netty.shaded.io.netty.util.concurrent.DefaultPromise.notifyListenersNow(DefaultPromise.java:572)
	at io.grpc.netty.shaded.io.netty.util.concurrent.DefaultPromise.notifyListeners(DefaultPromise.java:505)
	at io.grpc.netty.shaded.io.netty.util.concurrent.DefaultPromise.setValue0(DefaultPromise.java:649)
	at io.grpc.netty.shaded.io.netty.util.concurrent.DefaultPromise.setSuccess0(DefaultPromise.java:638)
	at io.grpc.netty.shaded.io.netty.util.concurrent.DefaultPromise.trySuccess(DefaultPromise.java:118)
	at io.grpc.netty.shaded.io.netty.channel.DefaultChannelPromise.trySuccess(DefaultChannelPromise.java:84)
	at io.grpc.netty.shaded.io.netty.channel.AbstractChannel$CloseFuture.setClosed(AbstractChannel.java:1161)
	at io.grpc.netty.shaded.io.netty.channel.AbstractChannel$AbstractUnsafe.doClose0(AbstractChannel.java:753)
	at io.grpc.netty.shaded.io.netty.channel.AbstractChannel$AbstractUnsafe.close(AbstractChannel.java:729)
	at io.grpc.netty.shaded.io.netty.channel.AbstractChannel$AbstractUnsafe.close(AbstractChannel.java:619)
	at io.grpc.netty.shaded.io.netty.channel.epoll.AbstractEpollChannel$AbstractEpollUnsafe.shutdownInput(AbstractEpollChannel.java:522)
	at io.grpc.netty.shaded.io.netty.channel.epoll.AbstractEpollStreamChannel$EpollStreamUnsafe.epollInReady(AbstractEpollStreamChannel.java:822)
	at io.grpc.netty.shaded.io.netty.channel.epoll.EpollEventLoop.processReady(EpollEventLoop.java:501)
	at io.grpc.netty.shaded.io.netty.channel.epoll.EpollEventLoop.run(EpollEventLoop.java:399)
	at io.grpc.netty.shaded.io.netty.util.concurrent.SingleThreadEventExecutor$4.run(SingleThreadEventExecutor.java:998)
	at io.grpc.netty.shaded.io.netty.util.internal.ThreadExecutorMap$2.run(ThreadExecutorMap.java:74)
	at io.grpc.netty.shaded.io.netty.util.concurrent.FastThreadLocalRunnable.run(FastThreadLocalRunnable.java:30)
	at java.base/java.lang.Thread.run(Thread.java:840)
2026-05-04 15:56:39,859 INFO [1777880956791_172.24.0.1_34896]client disconnected,clear config listen context

2026-05-04 15:56:40,672 INFO Connection transportTerminated,connectionId = 1777880953269_172.24.0.1_34884 

2026-05-04 15:56:40,673 INFO [1777880953269_172.24.0.1_34884]client disconnected,clear config listen context

2026-05-04 15:56:43,692 INFO Connection transportReady,connectionId = 1777881403692_172.24.0.1_37358 

2026-05-04 15:56:47,444 INFO Connection transportReady,connectionId = 1777881407444_172.24.0.1_37372 

2026-05-04 15:56:48,632 INFO Connection transportTerminated,connectionId = 1777879760535_172.24.0.1_38528 

2026-05-04 15:56:48,632 WARN [1777879760535_172.24.0.1_38528] connection  close bi stream exception  : {}

java.lang.IllegalStateException: call already closed
	at com.google.common.base.Preconditions.checkState(Preconditions.java:513)
	at io.grpc.internal.ServerCallImpl.closeInternal(ServerCallImpl.java:218)
	at io.grpc.internal.ServerCallImpl.close(ServerCallImpl.java:213)
	at io.grpc.stub.ServerCalls$ServerCallStreamObserverImpl.onCompleted(ServerCalls.java:396)
	at com.alibaba.nacos.core.remote.grpc.GrpcConnection.closeBiStream(GrpcConnection.java:210)
	at com.alibaba.nacos.core.remote.grpc.GrpcConnection.close(GrpcConnection.java:195)
	at com.alibaba.nacos.core.remote.ConnectionManager.unregister(ConnectionManager.java:158)
	at com.alibaba.nacos.core.remote.grpc.AddressTransportFilter.transportTerminated(AddressTransportFilter.java:77)
	at io.grpc.internal.ServerImpl$ServerTransportListenerImpl.transportTerminated(ServerImpl.java:456)
	at io.grpc.netty.shaded.io.grpc.netty.NettyServerTransport.notifyTerminated(NettyServerTransport.java:216)
	at io.grpc.netty.shaded.io.grpc.netty.NettyServerTransport.access$100(NettyServerTransport.java:51)
	at io.grpc.netty.shaded.io.grpc.netty.NettyServerTransport$1TerminationNotifier.operationComplete(NettyServerTransport.java:150)
	at io.grpc.netty.shaded.io.grpc.netty.NettyServerTransport$1TerminationNotifier.operationComplete(NettyServerTransport.java:143)
	at io.grpc.netty.shaded.io.netty.util.concurrent.DefaultPromise.notifyListener0(DefaultPromise.java:603)
	at io.grpc.netty.shaded.io.netty.util.concurrent.DefaultPromise.notifyListeners0(DefaultPromise.java:596)
	at io.grpc.netty.shaded.io.netty.util.concurrent.DefaultPromise.notifyListenersNow(DefaultPromise.java:572)
	at io.grpc.netty.shaded.io.netty.util.concurrent.DefaultPromise.notifyListeners(DefaultPromise.java:505)
	at io.grpc.netty.shaded.io.netty.util.concurrent.DefaultPromise.setValue0(DefaultPromise.java:649)
	at io.grpc.netty.shaded.io.netty.util.concurrent.DefaultPromise.setSuccess0(DefaultPromise.java:638)
	at io.grpc.netty.shaded.io.netty.util.concurrent.DefaultPromise.trySuccess(DefaultPromise.java:118)
	at io.grpc.netty.shaded.io.netty.channel.DefaultChannelPromise.trySuccess(DefaultChannelPromise.java:84)
	at io.grpc.netty.shaded.io.netty.channel.AbstractChannel$CloseFuture.setClosed(AbstractChannel.java:1161)
	at io.grpc.netty.shaded.io.netty.channel.AbstractChannel$AbstractUnsafe.doClose0(AbstractChannel.java:753)
	at io.grpc.netty.shaded.io.netty.channel.AbstractChannel$AbstractUnsafe.close(AbstractChannel.java:729)
	at io.grpc.netty.shaded.io.netty.channel.AbstractChannel$AbstractUnsafe.close(AbstractChannel.java:619)
	at io.grpc.netty.shaded.io.netty.channel.epoll.AbstractEpollChannel$AbstractEpollUnsafe.shutdownInput(AbstractEpollChannel.java:522)
	at io.grpc.netty.shaded.io.netty.channel.epoll.AbstractEpollStreamChannel$EpollStreamUnsafe.epollInReady(AbstractEpollStreamChannel.java:822)
	at io.grpc.netty.shaded.io.netty.channel.epoll.EpollEventLoop.processReady(EpollEventLoop.java:501)
	at io.grpc.netty.shaded.io.netty.channel.epoll.EpollEventLoop.run(EpollEventLoop.java:399)
	at io.grpc.netty.shaded.io.netty.util.concurrent.SingleThreadEventExecutor$4.run(SingleThreadEventExecutor.java:998)
	at io.grpc.netty.shaded.io.netty.util.internal.ThreadExecutorMap$2.run(ThreadExecutorMap.java:74)
	at io.grpc.netty.shaded.io.netty.util.concurrent.FastThreadLocalRunnable.run(FastThreadLocalRunnable.java:30)
	at java.base/java.lang.Thread.run(Thread.java:840)
2026-05-04 15:56:48,633 INFO [1777879760535_172.24.0.1_38528]client disconnected,clear config listen context

2026-05-04 15:56:51,091 INFO Connection transportTerminated,connectionId = 1777879756077_172.24.0.1_35338 

2026-05-04 15:56:51,092 INFO [1777879756077_172.24.0.1_35338]client disconnected,clear config listen context

2026-05-04 15:56:54,493 INFO Connection transportReady,connectionId = 1777881414493_172.24.0.1_40822 

2026-05-04 15:56:59,032 INFO Connection transportReady,connectionId = 1777881419032_172.24.0.1_56404 

2026-05-04 16:00:20,980 INFO Connection transportTerminated,connectionId = 1777881407444_172.24.0.1_37372 

2026-05-04 16:00:20,981 WARN [1777881407444_172.24.0.1_37372] connection  close bi stream exception  : {}

java.lang.IllegalStateException: call already closed
	at com.google.common.base.Preconditions.checkState(Preconditions.java:513)
	at io.grpc.internal.ServerCallImpl.closeInternal(ServerCallImpl.java:218)
	at io.grpc.internal.ServerCallImpl.close(ServerCallImpl.java:213)
	at io.grpc.stub.ServerCalls$ServerCallStreamObserverImpl.onCompleted(ServerCalls.java:396)
	at com.alibaba.nacos.core.remote.grpc.GrpcConnection.closeBiStream(GrpcConnection.java:210)
	at com.alibaba.nacos.core.remote.grpc.GrpcConnection.close(GrpcConnection.java:195)
	at com.alibaba.nacos.core.remote.ConnectionManager.unregister(ConnectionManager.java:158)
	at com.alibaba.nacos.core.remote.grpc.AddressTransportFilter.transportTerminated(AddressTransportFilter.java:77)
	at io.grpc.internal.ServerImpl$ServerTransportListenerImpl.transportTerminated(ServerImpl.java:456)
	at io.grpc.netty.shaded.io.grpc.netty.NettyServerTransport.notifyTerminated(NettyServerTransport.java:216)
	at io.grpc.netty.shaded.io.grpc.netty.NettyServerTransport.access$100(NettyServerTransport.java:51)
	at io.grpc.netty.shaded.io.grpc.netty.NettyServerTransport$1TerminationNotifier.operationComplete(NettyServerTransport.java:150)
	at io.grpc.netty.shaded.io.grpc.netty.NettyServerTransport$1TerminationNotifier.operationComplete(NettyServerTransport.java:143)
	at io.grpc.netty.shaded.io.netty.util.concurrent.DefaultPromise.notifyListener0(DefaultPromise.java:603)
	at io.grpc.netty.shaded.io.netty.util.concurrent.DefaultPromise.notifyListeners0(DefaultPromise.java:596)
	at io.grpc.netty.shaded.io.netty.util.concurrent.DefaultPromise.notifyListenersNow(DefaultPromise.java:572)
	at io.grpc.netty.shaded.io.netty.util.concurrent.DefaultPromise.notifyListeners(DefaultPromise.java:505)
	at io.grpc.netty.shaded.io.netty.util.concurrent.DefaultPromise.setValue0(DefaultPromise.java:649)
	at io.grpc.netty.shaded.io.netty.util.concurrent.DefaultPromise.setSuccess0(DefaultPromise.java:638)
	at io.grpc.netty.shaded.io.netty.util.concurrent.DefaultPromise.trySuccess(DefaultPromise.java:118)
	at io.grpc.netty.shaded.io.netty.channel.DefaultChannelPromise.trySuccess(DefaultChannelPromise.java:84)
	at io.grpc.netty.shaded.io.netty.channel.AbstractChannel$CloseFuture.setClosed(AbstractChannel.java:1161)
	at io.grpc.netty.shaded.io.netty.channel.AbstractChannel$AbstractUnsafe.doClose0(AbstractChannel.java:753)
	at io.grpc.netty.shaded.io.netty.channel.AbstractChannel$AbstractUnsafe.close(AbstractChannel.java:729)
	at io.grpc.netty.shaded.io.netty.channel.AbstractChannel$AbstractUnsafe.close(AbstractChannel.java:619)
	at io.grpc.netty.shaded.io.netty.channel.epoll.AbstractEpollChannel$AbstractEpollUnsafe.shutdownInput(AbstractEpollChannel.java:522)
	at io.grpc.netty.shaded.io.netty.channel.epoll.AbstractEpollStreamChannel$EpollStreamUnsafe.epollInReady(AbstractEpollStreamChannel.java:822)
	at io.grpc.netty.shaded.io.netty.channel.epoll.EpollEventLoop.processReady(EpollEventLoop.java:501)
	at io.grpc.netty.shaded.io.netty.channel.epoll.EpollEventLoop.run(EpollEventLoop.java:399)
	at io.grpc.netty.shaded.io.netty.util.concurrent.SingleThreadEventExecutor$4.run(SingleThreadEventExecutor.java:998)
	at io.grpc.netty.shaded.io.netty.util.internal.ThreadExecutorMap$2.run(ThreadExecutorMap.java:74)
	at io.grpc.netty.shaded.io.netty.util.concurrent.FastThreadLocalRunnable.run(FastThreadLocalRunnable.java:30)
	at java.base/java.lang.Thread.run(Thread.java:840)
2026-05-04 16:00:20,982 INFO [1777881407444_172.24.0.1_37372]client disconnected,clear config listen context

2026-05-04 16:00:21,929 INFO Connection transportTerminated,connectionId = 1777881403692_172.24.0.1_37358 

2026-05-04 16:00:21,930 INFO [1777881403692_172.24.0.1_37358]client disconnected,clear config listen context

2026-05-04 16:00:26,260 INFO Connection transportReady,connectionId = 1777881626260_172.24.0.1_37440 

2026-05-04 16:00:29,537 INFO Connection transportReady,connectionId = 1777881629537_172.24.0.1_34658 

2026-05-04 16:02:01,823 INFO Connection transportTerminated,connectionId = 1777881629537_172.24.0.1_34658 

2026-05-04 16:02:01,824 WARN [1777881629537_172.24.0.1_34658] connection  close bi stream exception  : {}

java.lang.IllegalStateException: call already closed
	at com.google.common.base.Preconditions.checkState(Preconditions.java:513)
	at io.grpc.internal.ServerCallImpl.closeInternal(ServerCallImpl.java:218)
	at io.grpc.internal.ServerCallImpl.close(ServerCallImpl.java:213)
	at io.grpc.stub.ServerCalls$ServerCallStreamObserverImpl.onCompleted(ServerCalls.java:396)
	at com.alibaba.nacos.core.remote.grpc.GrpcConnection.closeBiStream(GrpcConnection.java:210)
	at com.alibaba.nacos.core.remote.grpc.GrpcConnection.close(GrpcConnection.java:195)
	at com.alibaba.nacos.core.remote.ConnectionManager.unregister(ConnectionManager.java:158)
	at com.alibaba.nacos.core.remote.grpc.AddressTransportFilter.transportTerminated(AddressTransportFilter.java:77)
	at io.grpc.internal.ServerImpl$ServerTransportListenerImpl.transportTerminated(ServerImpl.java:456)
	at io.grpc.netty.shaded.io.grpc.netty.NettyServerTransport.notifyTerminated(NettyServerTransport.java:216)
	at io.grpc.netty.shaded.io.grpc.netty.NettyServerTransport.access$100(NettyServerTransport.java:51)
	at io.grpc.netty.shaded.io.grpc.netty.NettyServerTransport$1TerminationNotifier.operationComplete(NettyServerTransport.java:150)
	at io.grpc.netty.shaded.io.grpc.netty.NettyServerTransport$1TerminationNotifier.operationComplete(NettyServerTransport.java:143)
	at io.grpc.netty.shaded.io.netty.util.concurrent.DefaultPromise.notifyListener0(DefaultPromise.java:603)
	at io.grpc.netty.shaded.io.netty.util.concurrent.DefaultPromise.notifyListeners0(DefaultPromise.java:596)
	at io.grpc.netty.shaded.io.netty.util.concurrent.DefaultPromise.notifyListenersNow(DefaultPromise.java:572)
	at io.grpc.netty.shaded.io.netty.util.concurrent.DefaultPromise.notifyListeners(DefaultPromise.java:505)
	at io.grpc.netty.shaded.io.netty.util.concurrent.DefaultPromise.setValue0(DefaultPromise.java:649)
	at io.grpc.netty.shaded.io.netty.util.concurrent.DefaultPromise.setSuccess0(DefaultPromise.java:638)
	at io.grpc.netty.shaded.io.netty.util.concurrent.DefaultPromise.trySuccess(DefaultPromise.java:118)
	at io.grpc.netty.shaded.io.netty.channel.DefaultChannelPromise.trySuccess(DefaultChannelPromise.java:84)
	at io.grpc.netty.shaded.io.netty.channel.AbstractChannel$CloseFuture.setClosed(AbstractChannel.java:1161)
	at io.grpc.netty.shaded.io.netty.channel.AbstractChannel$AbstractUnsafe.doClose0(AbstractChannel.java:753)
	at io.grpc.netty.shaded.io.netty.channel.AbstractChannel$AbstractUnsafe.close(AbstractChannel.java:729)
	at io.grpc.netty.shaded.io.netty.channel.AbstractChannel$AbstractUnsafe.close(AbstractChannel.java:619)
	at io.grpc.netty.shaded.io.netty.channel.epoll.AbstractEpollChannel$AbstractEpollUnsafe.shutdownInput(AbstractEpollChannel.java:522)
	at io.grpc.netty.shaded.io.netty.channel.epoll.AbstractEpollStreamChannel$EpollStreamUnsafe.epollInReady(AbstractEpollStreamChannel.java:822)
	at io.grpc.netty.shaded.io.netty.channel.epoll.EpollEventLoop.processReady(EpollEventLoop.java:501)
	at io.grpc.netty.shaded.io.netty.channel.epoll.EpollEventLoop.run(EpollEventLoop.java:399)
	at io.grpc.netty.shaded.io.netty.util.concurrent.SingleThreadEventExecutor$4.run(SingleThreadEventExecutor.java:998)
	at io.grpc.netty.shaded.io.netty.util.internal.ThreadExecutorMap$2.run(ThreadExecutorMap.java:74)
	at io.grpc.netty.shaded.io.netty.util.concurrent.FastThreadLocalRunnable.run(FastThreadLocalRunnable.java:30)
	at java.base/java.lang.Thread.run(Thread.java:840)
2026-05-04 16:02:01,825 INFO [1777881629537_172.24.0.1_34658]client disconnected,clear config listen context

2026-05-04 16:02:02,755 INFO Connection transportTerminated,connectionId = 1777881626260_172.24.0.1_37440 

2026-05-04 16:02:02,756 INFO [1777881626260_172.24.0.1_37440]client disconnected,clear config listen context

2026-05-04 16:02:07,172 INFO Connection transportReady,connectionId = 1777881727172_172.24.0.1_51310 

2026-05-04 16:02:10,603 INFO Connection transportReady,connectionId = 1777881730603_172.24.0.1_42636 

2026-05-04 16:05:35,085 INFO Connection transportTerminated,connectionId = 1777881730603_172.24.0.1_42636 

2026-05-04 16:05:35,085 WARN [1777881730603_172.24.0.1_42636] connection  close bi stream exception  : {}

java.lang.IllegalStateException: call already closed
	at com.google.common.base.Preconditions.checkState(Preconditions.java:513)
	at io.grpc.internal.ServerCallImpl.closeInternal(ServerCallImpl.java:218)
	at io.grpc.internal.ServerCallImpl.close(ServerCallImpl.java:213)
	at io.grpc.stub.ServerCalls$ServerCallStreamObserverImpl.onCompleted(ServerCalls.java:396)
	at com.alibaba.nacos.core.remote.grpc.GrpcConnection.closeBiStream(GrpcConnection.java:210)
	at com.alibaba.nacos.core.remote.grpc.GrpcConnection.close(GrpcConnection.java:195)
	at com.alibaba.nacos.core.remote.ConnectionManager.unregister(ConnectionManager.java:158)
	at com.alibaba.nacos.core.remote.grpc.AddressTransportFilter.transportTerminated(AddressTransportFilter.java:77)
	at io.grpc.internal.ServerImpl$ServerTransportListenerImpl.transportTerminated(ServerImpl.java:456)
	at io.grpc.netty.shaded.io.grpc.netty.NettyServerTransport.notifyTerminated(NettyServerTransport.java:216)
	at io.grpc.netty.shaded.io.grpc.netty.NettyServerTransport.access$100(NettyServerTransport.java:51)
	at io.grpc.netty.shaded.io.grpc.netty.NettyServerTransport$1TerminationNotifier.operationComplete(NettyServerTransport.java:150)
	at io.grpc.netty.shaded.io.grpc.netty.NettyServerTransport$1TerminationNotifier.operationComplete(NettyServerTransport.java:143)
	at io.grpc.netty.shaded.io.netty.util.concurrent.DefaultPromise.notifyListener0(DefaultPromise.java:603)
	at io.grpc.netty.shaded.io.netty.util.concurrent.DefaultPromise.notifyListeners0(DefaultPromise.java:596)
	at io.grpc.netty.shaded.io.netty.util.concurrent.DefaultPromise.notifyListenersNow(DefaultPromise.java:572)
	at io.grpc.netty.shaded.io.netty.util.concurrent.DefaultPromise.notifyListeners(DefaultPromise.java:505)
	at io.grpc.netty.shaded.io.netty.util.concurrent.DefaultPromise.setValue0(DefaultPromise.java:649)
	at io.grpc.netty.shaded.io.netty.util.concurrent.DefaultPromise.setSuccess0(DefaultPromise.java:638)
	at io.grpc.netty.shaded.io.netty.util.concurrent.DefaultPromise.trySuccess(DefaultPromise.java:118)
	at io.grpc.netty.shaded.io.netty.channel.DefaultChannelPromise.trySuccess(DefaultChannelPromise.java:84)
	at io.grpc.netty.shaded.io.netty.channel.AbstractChannel$CloseFuture.setClosed(AbstractChannel.java:1161)
	at io.grpc.netty.shaded.io.netty.channel.AbstractChannel$AbstractUnsafe.doClose0(AbstractChannel.java:753)
	at io.grpc.netty.shaded.io.netty.channel.AbstractChannel$AbstractUnsafe.close(AbstractChannel.java:729)
	at io.grpc.netty.shaded.io.netty.channel.AbstractChannel$AbstractUnsafe.close(AbstractChannel.java:619)
	at io.grpc.netty.shaded.io.netty.channel.epoll.AbstractEpollChannel$AbstractEpollUnsafe.shutdownInput(AbstractEpollChannel.java:522)
	at io.grpc.netty.shaded.io.netty.channel.epoll.AbstractEpollStreamChannel$EpollStreamUnsafe.epollInReady(AbstractEpollStreamChannel.java:822)
	at io.grpc.netty.shaded.io.netty.channel.epoll.EpollEventLoop.processReady(EpollEventLoop.java:501)
	at io.grpc.netty.shaded.io.netty.channel.epoll.EpollEventLoop.run(EpollEventLoop.java:399)
	at io.grpc.netty.shaded.io.netty.util.concurrent.SingleThreadEventExecutor$4.run(SingleThreadEventExecutor.java:998)
	at io.grpc.netty.shaded.io.netty.util.internal.ThreadExecutorMap$2.run(ThreadExecutorMap.java:74)
	at io.grpc.netty.shaded.io.netty.util.concurrent.FastThreadLocalRunnable.run(FastThreadLocalRunnable.java:30)
	at java.base/java.lang.Thread.run(Thread.java:840)
2026-05-04 16:05:35,087 INFO [1777881730603_172.24.0.1_42636]client disconnected,clear config listen context

2026-05-04 16:05:36,130 INFO Connection transportTerminated,connectionId = 1777881727172_172.24.0.1_51310 

2026-05-04 16:05:36,131 INFO [1777881727172_172.24.0.1_51310]client disconnected,clear config listen context

2026-05-04 16:05:42,614 INFO Connection transportTerminated,connectionId = 1777881419032_172.24.0.1_56404 

2026-05-04 16:05:42,615 WARN [1777881419032_172.24.0.1_56404] connection  close bi stream exception  : {}

java.lang.IllegalStateException: call already closed
	at com.google.common.base.Preconditions.checkState(Preconditions.java:513)
	at io.grpc.internal.ServerCallImpl.closeInternal(ServerCallImpl.java:218)
	at io.grpc.internal.ServerCallImpl.close(ServerCallImpl.java:213)
	at io.grpc.stub.ServerCalls$ServerCallStreamObserverImpl.onCompleted(ServerCalls.java:396)
	at com.alibaba.nacos.core.remote.grpc.GrpcConnection.closeBiStream(GrpcConnection.java:210)
	at com.alibaba.nacos.core.remote.grpc.GrpcConnection.close(GrpcConnection.java:195)
	at com.alibaba.nacos.core.remote.ConnectionManager.unregister(ConnectionManager.java:158)
	at com.alibaba.nacos.core.remote.grpc.AddressTransportFilter.transportTerminated(AddressTransportFilter.java:77)
	at io.grpc.internal.ServerImpl$ServerTransportListenerImpl.transportTerminated(ServerImpl.java:456)
	at io.grpc.netty.shaded.io.grpc.netty.NettyServerTransport.notifyTerminated(NettyServerTransport.java:216)
	at io.grpc.netty.shaded.io.grpc.netty.NettyServerTransport.access$100(NettyServerTransport.java:51)
	at io.grpc.netty.shaded.io.grpc.netty.NettyServerTransport$1TerminationNotifier.operationComplete(NettyServerTransport.java:150)
	at io.grpc.netty.shaded.io.grpc.netty.NettyServerTransport$1TerminationNotifier.operationComplete(NettyServerTransport.java:143)
	at io.grpc.netty.shaded.io.netty.util.concurrent.DefaultPromise.notifyListener0(DefaultPromise.java:603)
	at io.grpc.netty.shaded.io.netty.util.concurrent.DefaultPromise.notifyListeners0(DefaultPromise.java:596)
	at io.grpc.netty.shaded.io.netty.util.concurrent.DefaultPromise.notifyListenersNow(DefaultPromise.java:572)
	at io.grpc.netty.shaded.io.netty.util.concurrent.DefaultPromise.notifyListeners(DefaultPromise.java:505)
	at io.grpc.netty.shaded.io.netty.util.concurrent.DefaultPromise.setValue0(DefaultPromise.java:649)
	at io.grpc.netty.shaded.io.netty.util.concurrent.DefaultPromise.setSuccess0(DefaultPromise.java:638)
	at io.grpc.netty.shaded.io.netty.util.concurrent.DefaultPromise.trySuccess(DefaultPromise.java:118)
	at io.grpc.netty.shaded.io.netty.channel.DefaultChannelPromise.trySuccess(DefaultChannelPromise.java:84)
	at io.grpc.netty.shaded.io.netty.channel.AbstractChannel$CloseFuture.setClosed(AbstractChannel.java:1161)
	at io.grpc.netty.shaded.io.netty.channel.AbstractChannel$AbstractUnsafe.doClose0(AbstractChannel.java:753)
	at io.grpc.netty.shaded.io.netty.channel.AbstractChannel$AbstractUnsafe.close(AbstractChannel.java:729)
	at io.grpc.netty.shaded.io.netty.channel.AbstractChannel$AbstractUnsafe.close(AbstractChannel.java:619)
	at io.grpc.netty.shaded.io.netty.channel.epoll.AbstractEpollChannel$AbstractEpollUnsafe.shutdownInput(AbstractEpollChannel.java:522)
	at io.grpc.netty.shaded.io.netty.channel.epoll.AbstractEpollStreamChannel$EpollStreamUnsafe.epollInReady(AbstractEpollStreamChannel.java:822)
	at io.grpc.netty.shaded.io.netty.channel.epoll.EpollEventLoop.processReady(EpollEventLoop.java:501)
	at io.grpc.netty.shaded.io.netty.channel.epoll.EpollEventLoop.run(EpollEventLoop.java:399)
	at io.grpc.netty.shaded.io.netty.util.concurrent.SingleThreadEventExecutor$4.run(SingleThreadEventExecutor.java:998)
	at io.grpc.netty.shaded.io.netty.util.internal.ThreadExecutorMap$2.run(ThreadExecutorMap.java:74)
	at io.grpc.netty.shaded.io.netty.util.concurrent.FastThreadLocalRunnable.run(FastThreadLocalRunnable.java:30)
	at java.base/java.lang.Thread.run(Thread.java:840)
2026-05-04 16:05:42,616 INFO [1777881419032_172.24.0.1_56404]client disconnected,clear config listen context

2026-05-04 16:05:42,804 INFO Connection transportReady,connectionId = 1777881942804_172.24.0.1_33748 

2026-05-04 16:05:45,250 INFO Connection transportTerminated,connectionId = 1777881414493_172.24.0.1_40822 

2026-05-04 16:05:45,251 INFO [1777881414493_172.24.0.1_40822]client disconnected,clear config listen context

2026-05-04 16:05:46,926 INFO Connection transportReady,connectionId = 1777881946926_172.24.0.1_33750 

2026-05-04 16:05:50,148 INFO Connection transportReady,connectionId = 1777881950148_172.24.0.1_57132 

2026-05-04 16:05:54,661 INFO Connection transportReady,connectionId = 1777881954661_172.24.0.1_57140 

2026-05-04 16:07:05,755 INFO Connection transportTerminated,connectionId = 1777881946926_172.24.0.1_33750 

2026-05-04 16:07:05,755 WARN [1777881946926_172.24.0.1_33750] connection  close bi stream exception  : {}

java.lang.IllegalStateException: call already closed
	at com.google.common.base.Preconditions.checkState(Preconditions.java:513)
	at io.grpc.internal.ServerCallImpl.closeInternal(ServerCallImpl.java:218)
	at io.grpc.internal.ServerCallImpl.close(ServerCallImpl.java:213)
	at io.grpc.stub.ServerCalls$ServerCallStreamObserverImpl.onCompleted(ServerCalls.java:396)
	at com.alibaba.nacos.core.remote.grpc.GrpcConnection.closeBiStream(GrpcConnection.java:210)
	at com.alibaba.nacos.core.remote.grpc.GrpcConnection.close(GrpcConnection.java:195)
	at com.alibaba.nacos.core.remote.ConnectionManager.unregister(ConnectionManager.java:158)
	at com.alibaba.nacos.core.remote.grpc.AddressTransportFilter.transportTerminated(AddressTransportFilter.java:77)
	at io.grpc.internal.ServerImpl$ServerTransportListenerImpl.transportTerminated(ServerImpl.java:456)
	at io.grpc.netty.shaded.io.grpc.netty.NettyServerTransport.notifyTerminated(NettyServerTransport.java:216)
	at io.grpc.netty.shaded.io.grpc.netty.NettyServerTransport.access$100(NettyServerTransport.java:51)
	at io.grpc.netty.shaded.io.grpc.netty.NettyServerTransport$1TerminationNotifier.operationComplete(NettyServerTransport.java:150)
	at io.grpc.netty.shaded.io.grpc.netty.NettyServerTransport$1TerminationNotifier.operationComplete(NettyServerTransport.java:143)
	at io.grpc.netty.shaded.io.netty.util.concurrent.DefaultPromise.notifyListener0(DefaultPromise.java:603)
	at io.grpc.netty.shaded.io.netty.util.concurrent.DefaultPromise.notifyListeners0(DefaultPromise.java:596)
	at io.grpc.netty.shaded.io.netty.util.concurrent.DefaultPromise.notifyListenersNow(DefaultPromise.java:572)
	at io.grpc.netty.shaded.io.netty.util.concurrent.DefaultPromise.notifyListeners(DefaultPromise.java:505)
	at io.grpc.netty.shaded.io.netty.util.concurrent.DefaultPromise.setValue0(DefaultPromise.java:649)
	at io.grpc.netty.shaded.io.netty.util.concurrent.DefaultPromise.setSuccess0(DefaultPromise.java:638)
	at io.grpc.netty.shaded.io.netty.util.concurrent.DefaultPromise.trySuccess(DefaultPromise.java:118)
	at io.grpc.netty.shaded.io.netty.channel.DefaultChannelPromise.trySuccess(DefaultChannelPromise.java:84)
	at io.grpc.netty.shaded.io.netty.channel.AbstractChannel$CloseFuture.setClosed(AbstractChannel.java:1161)
	at io.grpc.netty.shaded.io.netty.channel.AbstractChannel$AbstractUnsafe.doClose0(AbstractChannel.java:753)
	at io.grpc.netty.shaded.io.netty.channel.AbstractChannel$AbstractUnsafe.close(AbstractChannel.java:729)
	at io.grpc.netty.shaded.io.netty.channel.AbstractChannel$AbstractUnsafe.close(AbstractChannel.java:619)
	at io.grpc.netty.shaded.io.netty.channel.epoll.AbstractEpollChannel$AbstractEpollUnsafe.shutdownInput(AbstractEpollChannel.java:522)
	at io.grpc.netty.shaded.io.netty.channel.epoll.AbstractEpollStreamChannel$EpollStreamUnsafe.epollInReady(AbstractEpollStreamChannel.java:822)
	at io.grpc.netty.shaded.io.netty.channel.epoll.EpollEventLoop.processReady(EpollEventLoop.java:501)
	at io.grpc.netty.shaded.io.netty.channel.epoll.EpollEventLoop.run(EpollEventLoop.java:399)
	at io.grpc.netty.shaded.io.netty.util.concurrent.SingleThreadEventExecutor$4.run(SingleThreadEventExecutor.java:998)
	at io.grpc.netty.shaded.io.netty.util.internal.ThreadExecutorMap$2.run(ThreadExecutorMap.java:74)
	at io.grpc.netty.shaded.io.netty.util.concurrent.FastThreadLocalRunnable.run(FastThreadLocalRunnable.java:30)
	at java.base/java.lang.Thread.run(Thread.java:840)
2026-05-04 16:07:05,756 INFO [1777881946926_172.24.0.1_33750]client disconnected,clear config listen context

2026-05-04 16:07:06,695 INFO Connection transportTerminated,connectionId = 1777881942804_172.24.0.1_33748 

2026-05-04 16:07:06,696 INFO [1777881942804_172.24.0.1_33748]client disconnected,clear config listen context

2026-05-04 16:07:09,939 INFO Connection transportReady,connectionId = 1777882029939_172.24.0.1_42020 

2026-05-04 16:07:13,369 INFO Connection transportReady,connectionId = 1777882033368_172.24.0.1_42026 

2026-05-04 16:09:48,244 INFO Connection transportTerminated,connectionId = 1777882033368_172.24.0.1_42026 

2026-05-04 16:09:48,245 WARN [1777882033368_172.24.0.1_42026] connection  close bi stream exception  : {}

java.lang.IllegalStateException: call already closed
	at com.google.common.base.Preconditions.checkState(Preconditions.java:513)
	at io.grpc.internal.ServerCallImpl.closeInternal(ServerCallImpl.java:218)
	at io.grpc.internal.ServerCallImpl.close(ServerCallImpl.java:213)
	at io.grpc.stub.ServerCalls$ServerCallStreamObserverImpl.onCompleted(ServerCalls.java:396)
	at com.alibaba.nacos.core.remote.grpc.GrpcConnection.closeBiStream(GrpcConnection.java:210)
	at com.alibaba.nacos.core.remote.grpc.GrpcConnection.close(GrpcConnection.java:195)
	at com.alibaba.nacos.core.remote.ConnectionManager.unregister(ConnectionManager.java:158)
	at com.alibaba.nacos.core.remote.grpc.AddressTransportFilter.transportTerminated(AddressTransportFilter.java:77)
	at io.grpc.internal.ServerImpl$ServerTransportListenerImpl.transportTerminated(ServerImpl.java:456)
	at io.grpc.netty.shaded.io.grpc.netty.NettyServerTransport.notifyTerminated(NettyServerTransport.java:216)
	at io.grpc.netty.shaded.io.grpc.netty.NettyServerTransport.access$100(NettyServerTransport.java:51)
	at io.grpc.netty.shaded.io.grpc.netty.NettyServerTransport$1TerminationNotifier.operationComplete(NettyServerTransport.java:150)
	at io.grpc.netty.shaded.io.grpc.netty.NettyServerTransport$1TerminationNotifier.operationComplete(NettyServerTransport.java:143)
	at io.grpc.netty.shaded.io.netty.util.concurrent.DefaultPromise.notifyListener0(DefaultPromise.java:603)
	at io.grpc.netty.shaded.io.netty.util.concurrent.DefaultPromise.notifyListeners0(DefaultPromise.java:596)
	at io.grpc.netty.shaded.io.netty.util.concurrent.DefaultPromise.notifyListenersNow(DefaultPromise.java:572)
	at io.grpc.netty.shaded.io.netty.util.concurrent.DefaultPromise.notifyListeners(DefaultPromise.java:505)
	at io.grpc.netty.shaded.io.netty.util.concurrent.DefaultPromise.setValue0(DefaultPromise.java:649)
	at io.grpc.netty.shaded.io.netty.util.concurrent.DefaultPromise.setSuccess0(DefaultPromise.java:638)
	at io.grpc.netty.shaded.io.netty.util.concurrent.DefaultPromise.trySuccess(DefaultPromise.java:118)
	at io.grpc.netty.shaded.io.netty.channel.DefaultChannelPromise.trySuccess(DefaultChannelPromise.java:84)
	at io.grpc.netty.shaded.io.netty.channel.AbstractChannel$CloseFuture.setClosed(AbstractChannel.java:1161)
	at io.grpc.netty.shaded.io.netty.channel.AbstractChannel$AbstractUnsafe.doClose0(AbstractChannel.java:753)
	at io.grpc.netty.shaded.io.netty.channel.AbstractChannel$AbstractUnsafe.close(AbstractChannel.java:729)
	at io.grpc.netty.shaded.io.netty.channel.AbstractChannel$AbstractUnsafe.close(AbstractChannel.java:619)
	at io.grpc.netty.shaded.io.netty.channel.epoll.AbstractEpollChannel$AbstractEpollUnsafe.shutdownInput(AbstractEpollChannel.java:522)
	at io.grpc.netty.shaded.io.netty.channel.epoll.AbstractEpollStreamChannel$EpollStreamUnsafe.epollInReady(AbstractEpollStreamChannel.java:822)
	at io.grpc.netty.shaded.io.netty.channel.epoll.EpollEventLoop.processReady(EpollEventLoop.java:501)
	at io.grpc.netty.shaded.io.netty.channel.epoll.EpollEventLoop.run(EpollEventLoop.java:399)
	at io.grpc.netty.shaded.io.netty.util.concurrent.SingleThreadEventExecutor$4.run(SingleThreadEventExecutor.java:998)
	at io.grpc.netty.shaded.io.netty.util.internal.ThreadExecutorMap$2.run(ThreadExecutorMap.java:74)
	at io.grpc.netty.shaded.io.netty.util.concurrent.FastThreadLocalRunnable.run(FastThreadLocalRunnable.java:30)
	at java.base/java.lang.Thread.run(Thread.java:840)
2026-05-04 16:09:48,248 INFO [1777882033368_172.24.0.1_42026]client disconnected,clear config listen context

2026-05-04 16:09:49,157 INFO Connection transportTerminated,connectionId = 1777882029939_172.24.0.1_42020 

2026-05-04 16:09:49,158 INFO [1777882029939_172.24.0.1_42020]client disconnected,clear config listen context

2026-05-04 16:09:52,196 INFO Connection transportReady,connectionId = 1777882192196_172.24.0.1_57888 

2026-05-04 16:09:55,667 INFO Connection transportReady,connectionId = 1777882195667_172.24.0.1_57894 

2026-05-04 16:12:43,458 INFO Connection transportTerminated,connectionId = 1777881950148_172.24.0.1_57132 

2026-05-04 16:12:43,458 INFO Connection transportTerminated,connectionId = 1777882195667_172.24.0.1_57894 

2026-05-04 16:12:43,458 INFO Connection transportTerminated,connectionId = 1777882192196_172.24.0.1_57888 

2026-05-04 16:12:43,459 INFO Connection transportTerminated,connectionId = 1777881954661_172.24.0.1_57140 

2026-05-04 16:12:43,461 INFO [1777881950148_172.24.0.1_57132]client disconnected,clear config listen context

2026-05-04 16:12:43,464 INFO [1777881954661_172.24.0.1_57140]client disconnected,clear config listen context

2026-05-04 16:12:43,466 INFO [1777882192196_172.24.0.1_57888]client disconnected,clear config listen context

2026-05-04 16:12:43,468 INFO [1777882195667_172.24.0.1_57894]client disconnected,clear config listen context

2026-05-04 16:13:21,770 INFO Connection transportReady,connectionId = 1777882401749_172.24.0.1_53496 

2026-05-04 16:13:21,770 INFO Connection transportReady,connectionId = 1777882401749_172.24.0.1_53480 

2026-05-04 16:13:21,827 INFO Connection transportReady,connectionId = 1777882401827_172.24.0.1_53498 

2026-05-04 16:13:21,827 INFO Connection transportReady,connectionId = 1777882401827_172.24.0.1_53514 

2026-05-04 16:17:49,797 INFO Connection transportTerminated,connectionId = 1777882401827_172.24.0.1_53514 

2026-05-04 16:17:49,797 WARN [1777882401827_172.24.0.1_53514] connection  close bi stream exception  : {}

java.lang.IllegalStateException: call already closed
	at com.google.common.base.Preconditions.checkState(Preconditions.java:513)
	at io.grpc.internal.ServerCallImpl.closeInternal(ServerCallImpl.java:218)
	at io.grpc.internal.ServerCallImpl.close(ServerCallImpl.java:213)
	at io.grpc.stub.ServerCalls$ServerCallStreamObserverImpl.onCompleted(ServerCalls.java:396)
	at com.alibaba.nacos.core.remote.grpc.GrpcConnection.closeBiStream(GrpcConnection.java:210)
	at com.alibaba.nacos.core.remote.grpc.GrpcConnection.close(GrpcConnection.java:195)
	at com.alibaba.nacos.core.remote.ConnectionManager.unregister(ConnectionManager.java:158)
	at com.alibaba.nacos.core.remote.grpc.AddressTransportFilter.transportTerminated(AddressTransportFilter.java:77)
	at io.grpc.internal.ServerImpl$ServerTransportListenerImpl.transportTerminated(ServerImpl.java:456)
	at io.grpc.netty.shaded.io.grpc.netty.NettyServerTransport.notifyTerminated(NettyServerTransport.java:216)
	at io.grpc.netty.shaded.io.grpc.netty.NettyServerTransport.access$100(NettyServerTransport.java:51)
	at io.grpc.netty.shaded.io.grpc.netty.NettyServerTransport$1TerminationNotifier.operationComplete(NettyServerTransport.java:150)
	at io.grpc.netty.shaded.io.grpc.netty.NettyServerTransport$1TerminationNotifier.operationComplete(NettyServerTransport.java:143)
	at io.grpc.netty.shaded.io.netty.util.concurrent.DefaultPromise.notifyListener0(DefaultPromise.java:603)
	at io.grpc.netty.shaded.io.netty.util.concurrent.DefaultPromise.notifyListeners0(DefaultPromise.java:596)
	at io.grpc.netty.shaded.io.netty.util.concurrent.DefaultPromise.notifyListenersNow(DefaultPromise.java:572)
	at io.grpc.netty.shaded.io.netty.util.concurrent.DefaultPromise.notifyListeners(DefaultPromise.java:505)
	at io.grpc.netty.shaded.io.netty.util.concurrent.DefaultPromise.setValue0(DefaultPromise.java:649)
	at io.grpc.netty.shaded.io.netty.util.concurrent.DefaultPromise.setSuccess0(DefaultPromise.java:638)
	at io.grpc.netty.shaded.io.netty.util.concurrent.DefaultPromise.trySuccess(DefaultPromise.java:118)
	at io.grpc.netty.shaded.io.netty.channel.DefaultChannelPromise.trySuccess(DefaultChannelPromise.java:84)
	at io.grpc.netty.shaded.io.netty.channel.AbstractChannel$CloseFuture.setClosed(AbstractChannel.java:1161)
	at io.grpc.netty.shaded.io.netty.channel.AbstractChannel$AbstractUnsafe.doClose0(AbstractChannel.java:753)
	at io.grpc.netty.shaded.io.netty.channel.AbstractChannel$AbstractUnsafe.close(AbstractChannel.java:729)
	at io.grpc.netty.shaded.io.netty.channel.AbstractChannel$AbstractUnsafe.close(AbstractChannel.java:619)
	at io.grpc.netty.shaded.io.netty.channel.epoll.AbstractEpollChannel$AbstractEpollUnsafe.shutdownInput(AbstractEpollChannel.java:522)
	at io.grpc.netty.shaded.io.netty.channel.epoll.AbstractEpollStreamChannel$EpollStreamUnsafe.epollInReady(AbstractEpollStreamChannel.java:822)
	at io.grpc.netty.shaded.io.netty.channel.epoll.EpollEventLoop.processReady(EpollEventLoop.java:501)
	at io.grpc.netty.shaded.io.netty.channel.epoll.EpollEventLoop.run(EpollEventLoop.java:399)
	at io.grpc.netty.shaded.io.netty.util.concurrent.SingleThreadEventExecutor$4.run(SingleThreadEventExecutor.java:998)
	at io.grpc.netty.shaded.io.netty.util.internal.ThreadExecutorMap$2.run(ThreadExecutorMap.java:74)
	at io.grpc.netty.shaded.io.netty.util.concurrent.FastThreadLocalRunnable.run(FastThreadLocalRunnable.java:30)
	at java.base/java.lang.Thread.run(Thread.java:840)
2026-05-04 16:17:49,802 INFO [1777882401827_172.24.0.1_53514]client disconnected,clear config listen context

2026-05-04 16:17:50,619 INFO Connection transportTerminated,connectionId = 1777882401827_172.24.0.1_53498 

2026-05-04 16:17:50,620 INFO [1777882401827_172.24.0.1_53498]client disconnected,clear config listen context

2026-05-04 16:17:53,764 INFO Connection transportReady,connectionId = 1777882673764_172.24.0.1_33808 

2026-05-04 16:17:57,598 INFO Connection transportReady,connectionId = 1777882677597_172.24.0.1_42576 

2026-05-04 16:28:44,798 INFO Connection transportTerminated,connectionId = 1777882677597_172.24.0.1_42576 

2026-05-04 16:28:44,798 WARN [1777882677597_172.24.0.1_42576] connection  close bi stream exception  : {}

java.lang.IllegalStateException: call already closed
	at com.google.common.base.Preconditions.checkState(Preconditions.java:513)
	at io.grpc.internal.ServerCallImpl.closeInternal(ServerCallImpl.java:218)
	at io.grpc.internal.ServerCallImpl.close(ServerCallImpl.java:213)
	at io.grpc.stub.ServerCalls$ServerCallStreamObserverImpl.onCompleted(ServerCalls.java:396)
	at com.alibaba.nacos.core.remote.grpc.GrpcConnection.closeBiStream(GrpcConnection.java:210)
	at com.alibaba.nacos.core.remote.grpc.GrpcConnection.close(GrpcConnection.java:195)
	at com.alibaba.nacos.core.remote.ConnectionManager.unregister(ConnectionManager.java:158)
	at com.alibaba.nacos.core.remote.grpc.AddressTransportFilter.transportTerminated(AddressTransportFilter.java:77)
	at io.grpc.internal.ServerImpl$ServerTransportListenerImpl.transportTerminated(ServerImpl.java:456)
	at io.grpc.netty.shaded.io.grpc.netty.NettyServerTransport.notifyTerminated(NettyServerTransport.java:216)
	at io.grpc.netty.shaded.io.grpc.netty.NettyServerTransport.access$100(NettyServerTransport.java:51)
	at io.grpc.netty.shaded.io.grpc.netty.NettyServerTransport$1TerminationNotifier.operationComplete(NettyServerTransport.java:150)
	at io.grpc.netty.shaded.io.grpc.netty.NettyServerTransport$1TerminationNotifier.operationComplete(NettyServerTransport.java:143)
	at io.grpc.netty.shaded.io.netty.util.concurrent.DefaultPromise.notifyListener0(DefaultPromise.java:603)
	at io.grpc.netty.shaded.io.netty.util.concurrent.DefaultPromise.notifyListeners0(DefaultPromise.java:596)
	at io.grpc.netty.shaded.io.netty.util.concurrent.DefaultPromise.notifyListenersNow(DefaultPromise.java:572)
	at io.grpc.netty.shaded.io.netty.util.concurrent.DefaultPromise.notifyListeners(DefaultPromise.java:505)
	at io.grpc.netty.shaded.io.netty.util.concurrent.DefaultPromise.setValue0(DefaultPromise.java:649)
	at io.grpc.netty.shaded.io.netty.util.concurrent.DefaultPromise.setSuccess0(DefaultPromise.java:638)
	at io.grpc.netty.shaded.io.netty.util.concurrent.DefaultPromise.trySuccess(DefaultPromise.java:118)
	at io.grpc.netty.shaded.io.netty.channel.DefaultChannelPromise.trySuccess(DefaultChannelPromise.java:84)
	at io.grpc.netty.shaded.io.netty.channel.AbstractChannel$CloseFuture.setClosed(AbstractChannel.java:1161)
	at io.grpc.netty.shaded.io.netty.channel.AbstractChannel$AbstractUnsafe.doClose0(AbstractChannel.java:753)
	at io.grpc.netty.shaded.io.netty.channel.AbstractChannel$AbstractUnsafe.close(AbstractChannel.java:729)
	at io.grpc.netty.shaded.io.netty.channel.AbstractChannel$AbstractUnsafe.close(AbstractChannel.java:619)
	at io.grpc.netty.shaded.io.netty.channel.epoll.AbstractEpollChannel$AbstractEpollUnsafe.shutdownInput(AbstractEpollChannel.java:522)
	at io.grpc.netty.shaded.io.netty.channel.epoll.AbstractEpollStreamChannel$EpollStreamUnsafe.epollInReady(AbstractEpollStreamChannel.java:822)
	at io.grpc.netty.shaded.io.netty.channel.epoll.EpollEventLoop.processReady(EpollEventLoop.java:501)
	at io.grpc.netty.shaded.io.netty.channel.epoll.EpollEventLoop.run(EpollEventLoop.java:399)
	at io.grpc.netty.shaded.io.netty.util.concurrent.SingleThreadEventExecutor$4.run(SingleThreadEventExecutor.java:998)
	at io.grpc.netty.shaded.io.netty.util.internal.ThreadExecutorMap$2.run(ThreadExecutorMap.java:74)
	at io.grpc.netty.shaded.io.netty.util.concurrent.FastThreadLocalRunnable.run(FastThreadLocalRunnable.java:30)
	at java.base/java.lang.Thread.run(Thread.java:840)
2026-05-04 16:28:44,800 INFO [1777882677597_172.24.0.1_42576]client disconnected,clear config listen context

2026-05-04 16:28:45,792 INFO Connection transportTerminated,connectionId = 1777882673764_172.24.0.1_33808 

2026-05-04 16:28:45,793 INFO [1777882673764_172.24.0.1_33808]client disconnected,clear config listen context

2026-05-04 16:28:48,918 INFO Connection transportReady,connectionId = 1777883328918_172.24.0.1_50666 

2026-05-04 16:28:52,837 INFO Connection transportReady,connectionId = 1777883332837_172.24.0.1_50670 

2026-05-04 16:31:34,691 INFO Connection transportTerminated,connectionId = 1777883332837_172.24.0.1_50670 

2026-05-04 16:31:34,692 WARN [1777883332837_172.24.0.1_50670] connection  close bi stream exception  : {}

java.lang.IllegalStateException: call already closed
	at com.google.common.base.Preconditions.checkState(Preconditions.java:513)
	at io.grpc.internal.ServerCallImpl.closeInternal(ServerCallImpl.java:218)
	at io.grpc.internal.ServerCallImpl.close(ServerCallImpl.java:213)
	at io.grpc.stub.ServerCalls$ServerCallStreamObserverImpl.onCompleted(ServerCalls.java:396)
	at com.alibaba.nacos.core.remote.grpc.GrpcConnection.closeBiStream(GrpcConnection.java:210)
	at com.alibaba.nacos.core.remote.grpc.GrpcConnection.close(GrpcConnection.java:195)
	at com.alibaba.nacos.core.remote.ConnectionManager.unregister(ConnectionManager.java:158)
	at com.alibaba.nacos.core.remote.grpc.AddressTransportFilter.transportTerminated(AddressTransportFilter.java:77)
	at io.grpc.internal.ServerImpl$ServerTransportListenerImpl.transportTerminated(ServerImpl.java:456)
	at io.grpc.netty.shaded.io.grpc.netty.NettyServerTransport.notifyTerminated(NettyServerTransport.java:216)
	at io.grpc.netty.shaded.io.grpc.netty.NettyServerTransport.access$100(NettyServerTransport.java:51)
	at io.grpc.netty.shaded.io.grpc.netty.NettyServerTransport$1TerminationNotifier.operationComplete(NettyServerTransport.java:150)
	at io.grpc.netty.shaded.io.grpc.netty.NettyServerTransport$1TerminationNotifier.operationComplete(NettyServerTransport.java:143)
	at io.grpc.netty.shaded.io.netty.util.concurrent.DefaultPromise.notifyListener0(DefaultPromise.java:603)
	at io.grpc.netty.shaded.io.netty.util.concurrent.DefaultPromise.notifyListeners0(DefaultPromise.java:596)
	at io.grpc.netty.shaded.io.netty.util.concurrent.DefaultPromise.notifyListenersNow(DefaultPromise.java:572)
	at io.grpc.netty.shaded.io.netty.util.concurrent.DefaultPromise.notifyListeners(DefaultPromise.java:505)
	at io.grpc.netty.shaded.io.netty.util.concurrent.DefaultPromise.setValue0(DefaultPromise.java:649)
	at io.grpc.netty.shaded.io.netty.util.concurrent.DefaultPromise.setSuccess0(DefaultPromise.java:638)
	at io.grpc.netty.shaded.io.netty.util.concurrent.DefaultPromise.trySuccess(DefaultPromise.java:118)
	at io.grpc.netty.shaded.io.netty.channel.DefaultChannelPromise.trySuccess(DefaultChannelPromise.java:84)
	at io.grpc.netty.shaded.io.netty.channel.AbstractChannel$CloseFuture.setClosed(AbstractChannel.java:1161)
	at io.grpc.netty.shaded.io.netty.channel.AbstractChannel$AbstractUnsafe.doClose0(AbstractChannel.java:753)
	at io.grpc.netty.shaded.io.netty.channel.AbstractChannel$AbstractUnsafe.close(AbstractChannel.java:729)
	at io.grpc.netty.shaded.io.netty.channel.AbstractChannel$AbstractUnsafe.close(AbstractChannel.java:619)
	at io.grpc.netty.shaded.io.netty.channel.epoll.AbstractEpollChannel$AbstractEpollUnsafe.shutdownInput(AbstractEpollChannel.java:522)
	at io.grpc.netty.shaded.io.netty.channel.epoll.AbstractEpollStreamChannel$EpollStreamUnsafe.epollInReady(AbstractEpollStreamChannel.java:822)
	at io.grpc.netty.shaded.io.netty.channel.epoll.EpollEventLoop.processReady(EpollEventLoop.java:501)
	at io.grpc.netty.shaded.io.netty.channel.epoll.EpollEventLoop.run(EpollEventLoop.java:399)
	at io.grpc.netty.shaded.io.netty.util.concurrent.SingleThreadEventExecutor$4.run(SingleThreadEventExecutor.java:998)
	at io.grpc.netty.shaded.io.netty.util.internal.ThreadExecutorMap$2.run(ThreadExecutorMap.java:74)
	at io.grpc.netty.shaded.io.netty.util.concurrent.FastThreadLocalRunnable.run(FastThreadLocalRunnable.java:30)
	at java.base/java.lang.Thread.run(Thread.java:840)
2026-05-04 16:31:34,694 INFO [1777883332837_172.24.0.1_50670]client disconnected,clear config listen context

2026-05-04 16:31:35,620 INFO Connection transportTerminated,connectionId = 1777883328918_172.24.0.1_50666 

2026-05-04 16:31:35,621 INFO [1777883328918_172.24.0.1_50666]client disconnected,clear config listen context

2026-05-04 16:31:38,922 INFO Connection transportReady,connectionId = 1777883498922_172.24.0.1_45500 

2026-05-04 16:31:42,444 INFO Connection transportReady,connectionId = 1777883502444_172.24.0.1_45504 

2026-05-04 16:33:10,158 INFO Connection transportTerminated,connectionId = 1777882401749_172.24.0.1_53480 

2026-05-04 16:33:10,158 INFO Connection transportTerminated,connectionId = 1777883502444_172.24.0.1_45504 

2026-05-04 16:33:10,159 WARN [1777882401749_172.24.0.1_53480] connection  close bi stream exception  : {}

java.lang.IllegalStateException: call already closed
	at com.google.common.base.Preconditions.checkState(Preconditions.java:513)
	at io.grpc.internal.ServerCallImpl.closeInternal(ServerCallImpl.java:218)
	at io.grpc.internal.ServerCallImpl.close(ServerCallImpl.java:213)
	at io.grpc.stub.ServerCalls$ServerCallStreamObserverImpl.onCompleted(ServerCalls.java:396)
	at com.alibaba.nacos.core.remote.grpc.GrpcConnection.closeBiStream(GrpcConnection.java:210)
	at com.alibaba.nacos.core.remote.grpc.GrpcConnection.close(GrpcConnection.java:195)
	at com.alibaba.nacos.core.remote.ConnectionManager.unregister(ConnectionManager.java:158)
	at com.alibaba.nacos.core.remote.grpc.AddressTransportFilter.transportTerminated(AddressTransportFilter.java:77)
	at io.grpc.internal.ServerImpl$ServerTransportListenerImpl.transportTerminated(ServerImpl.java:456)
	at io.grpc.netty.shaded.io.grpc.netty.NettyServerTransport.notifyTerminated(NettyServerTransport.java:216)
	at io.grpc.netty.shaded.io.grpc.netty.NettyServerTransport.access$100(NettyServerTransport.java:51)
	at io.grpc.netty.shaded.io.grpc.netty.NettyServerTransport$1TerminationNotifier.operationComplete(NettyServerTransport.java:150)
	at io.grpc.netty.shaded.io.grpc.netty.NettyServerTransport$1TerminationNotifier.operationComplete(NettyServerTransport.java:143)
	at io.grpc.netty.shaded.io.netty.util.concurrent.DefaultPromise.notifyListener0(DefaultPromise.java:603)
	at io.grpc.netty.shaded.io.netty.util.concurrent.DefaultPromise.notifyListeners0(DefaultPromise.java:596)
	at io.grpc.netty.shaded.io.netty.util.concurrent.DefaultPromise.notifyListenersNow(DefaultPromise.java:572)
	at io.grpc.netty.shaded.io.netty.util.concurrent.DefaultPromise.notifyListeners(DefaultPromise.java:505)
	at io.grpc.netty.shaded.io.netty.util.concurrent.DefaultPromise.setValue0(DefaultPromise.java:649)
	at io.grpc.netty.shaded.io.netty.util.concurrent.DefaultPromise.setSuccess0(DefaultPromise.java:638)
	at io.grpc.netty.shaded.io.netty.util.concurrent.DefaultPromise.trySuccess(DefaultPromise.java:118)
	at io.grpc.netty.shaded.io.netty.channel.DefaultChannelPromise.trySuccess(DefaultChannelPromise.java:84)
	at io.grpc.netty.shaded.io.netty.channel.AbstractChannel$CloseFuture.setClosed(AbstractChannel.java:1161)
	at io.grpc.netty.shaded.io.netty.channel.AbstractChannel$AbstractUnsafe.doClose0(AbstractChannel.java:753)
	at io.grpc.netty.shaded.io.netty.channel.AbstractChannel$AbstractUnsafe.close(AbstractChannel.java:729)
	at io.grpc.netty.shaded.io.netty.channel.AbstractChannel$AbstractUnsafe.close(AbstractChannel.java:619)
	at io.grpc.netty.shaded.io.netty.channel.epoll.AbstractEpollChannel$AbstractEpollUnsafe.shutdownInput(AbstractEpollChannel.java:522)
	at io.grpc.netty.shaded.io.netty.channel.epoll.AbstractEpollStreamChannel$EpollStreamUnsafe.epollInReady(AbstractEpollStreamChannel.java:822)
	at io.grpc.netty.shaded.io.netty.channel.epoll.EpollEventLoop.processReady(EpollEventLoop.java:501)
	at io.grpc.netty.shaded.io.netty.channel.epoll.EpollEventLoop.run(EpollEventLoop.java:399)
	at io.grpc.netty.shaded.io.netty.util.concurrent.SingleThreadEventExecutor$4.run(SingleThreadEventExecutor.java:998)
	at io.grpc.netty.shaded.io.netty.util.internal.ThreadExecutorMap$2.run(ThreadExecutorMap.java:74)
	at io.grpc.netty.shaded.io.netty.util.concurrent.FastThreadLocalRunnable.run(FastThreadLocalRunnable.java:30)
	at java.base/java.lang.Thread.run(Thread.java:840)
2026-05-04 16:33:10,160 INFO [1777882401749_172.24.0.1_53480]client disconnected,clear config listen context

2026-05-04 16:33:10,161 WARN [1777883502444_172.24.0.1_45504] connection  close bi stream exception  : {}

java.lang.IllegalStateException: call already closed
	at com.google.common.base.Preconditions.checkState(Preconditions.java:513)
	at io.grpc.internal.ServerCallImpl.closeInternal(ServerCallImpl.java:218)
	at io.grpc.internal.ServerCallImpl.close(ServerCallImpl.java:213)
	at io.grpc.stub.ServerCalls$ServerCallStreamObserverImpl.onCompleted(ServerCalls.java:396)
	at com.alibaba.nacos.core.remote.grpc.GrpcConnection.closeBiStream(GrpcConnection.java:210)
	at com.alibaba.nacos.core.remote.grpc.GrpcConnection.close(GrpcConnection.java:195)
	at com.alibaba.nacos.core.remote.ConnectionManager.unregister(ConnectionManager.java:158)
	at com.alibaba.nacos.core.remote.grpc.AddressTransportFilter.transportTerminated(AddressTransportFilter.java:77)
	at io.grpc.internal.ServerImpl$ServerTransportListenerImpl.transportTerminated(ServerImpl.java:456)
	at io.grpc.netty.shaded.io.grpc.netty.NettyServerTransport.notifyTerminated(NettyServerTransport.java:216)
	at io.grpc.netty.shaded.io.grpc.netty.NettyServerTransport.access$100(NettyServerTransport.java:51)
	at io.grpc.netty.shaded.io.grpc.netty.NettyServerTransport$1TerminationNotifier.operationComplete(NettyServerTransport.java:150)
	at io.grpc.netty.shaded.io.grpc.netty.NettyServerTransport$1TerminationNotifier.operationComplete(NettyServerTransport.java:143)
	at io.grpc.netty.shaded.io.netty.util.concurrent.DefaultPromise.notifyListener0(DefaultPromise.java:603)
	at io.grpc.netty.shaded.io.netty.util.concurrent.DefaultPromise.notifyListeners0(DefaultPromise.java:596)
	at io.grpc.netty.shaded.io.netty.util.concurrent.DefaultPromise.notifyListenersNow(DefaultPromise.java:572)
	at io.grpc.netty.shaded.io.netty.util.concurrent.DefaultPromise.notifyListeners(DefaultPromise.java:505)
	at io.grpc.netty.shaded.io.netty.util.concurrent.DefaultPromise.setValue0(DefaultPromise.java:649)
	at io.grpc.netty.shaded.io.netty.util.concurrent.DefaultPromise.setSuccess0(DefaultPromise.java:638)
	at io.grpc.netty.shaded.io.netty.util.concurrent.DefaultPromise.trySuccess(DefaultPromise.java:118)
	at io.grpc.netty.shaded.io.netty.channel.DefaultChannelPromise.trySuccess(DefaultChannelPromise.java:84)
	at io.grpc.netty.shaded.io.netty.channel.AbstractChannel$CloseFuture.setClosed(AbstractChannel.java:1161)
	at io.grpc.netty.shaded.io.netty.channel.AbstractChannel$AbstractUnsafe.doClose0(AbstractChannel.java:753)
	at io.grpc.netty.shaded.io.netty.channel.AbstractChannel$AbstractUnsafe.close(AbstractChannel.java:729)
	at io.grpc.netty.shaded.io.netty.channel.AbstractChannel$AbstractUnsafe.close(AbstractChannel.java:619)
	at io.grpc.netty.shaded.io.netty.channel.epoll.AbstractEpollChannel$AbstractEpollUnsafe.shutdownInput(AbstractEpollChannel.java:522)
	at io.grpc.netty.shaded.io.netty.channel.epoll.AbstractEpollStreamChannel$EpollStreamUnsafe.epollInReady(AbstractEpollStreamChannel.java:822)
	at io.grpc.netty.shaded.io.netty.channel.epoll.EpollEventLoop.processReady(EpollEventLoop.java:501)
	at io.grpc.netty.shaded.io.netty.channel.epoll.EpollEventLoop.run(EpollEventLoop.java:399)
	at io.grpc.netty.shaded.io.netty.util.concurrent.SingleThreadEventExecutor$4.run(SingleThreadEventExecutor.java:998)
	at io.grpc.netty.shaded.io.netty.util.internal.ThreadExecutorMap$2.run(ThreadExecutorMap.java:74)
	at io.grpc.netty.shaded.io.netty.util.concurrent.FastThreadLocalRunnable.run(FastThreadLocalRunnable.java:30)
	at java.base/java.lang.Thread.run(Thread.java:840)
2026-05-04 16:33:10,163 INFO [1777883502444_172.24.0.1_45504]client disconnected,clear config listen context

2026-05-04 16:33:11,075 INFO Connection transportTerminated,connectionId = 1777883498922_172.24.0.1_45500 

2026-05-04 16:33:11,079 INFO [1777883498922_172.24.0.1_45500]client disconnected,clear config listen context

2026-05-04 16:33:12,603 INFO Connection transportTerminated,connectionId = 1777882401749_172.24.0.1_53496 

2026-05-04 16:33:12,604 INFO [1777882401749_172.24.0.1_53496]client disconnected,clear config listen context

